client_id,h,target_month,forecast,p10,p90,monthly_income,net_cash_flow,net_cash_flow_p10
0,1,2019-11-01,5579.81716792743,4389.093234415078,7163.0264013589,4967.75,-53.81716792743009,-1637.0264013589003
1,1,2019-11-01,2721.1781566237337,1971.1318917078445,3814.1797480157757,3780.0,1276.5718433762663,183.57025198422434
2,1,2019-11-01,2654.4623318663093,1951.6285683979413,3367.227387773474,2287.25,-1.3789985329758565,-714.1440544401407
3,1,2019-11-01,2555.430548011261,2042.4024710317533,3161.4349293140153,2328.5833333333335,-64.51388134459421,-670.5182626473484
4,1,2019-11-01,5334.511788187353,4053.512548156723,7038.713804705844,6369.25,1550.488211812647,-153.71380470584427
5,1,2019-11-01,2597.429230325888,1780.9381348951065,3545.6699444603205,1717.8333333333333,-648.0958969925548,-1596.3366111269872
11,1,2019-11-01,4957.463587367427,3406.3004161282743,6391.675442032967,5636.916666666667,936.70307929924,-497.50877536630014
13,1,2019-11-01,2394.7383090279513,1576.3269921706747,3072.213253775755,2698.1666666666665,622.8450243053817,-54.62992044242219
14,1,2019-11-01,2178.4119844944275,1532.9853309489417,3241.6979944316854,2686.0,805.754682172239,-257.5313277650189
16,1,2019-11-01,3434.0430944004106,2552.9439901073097,4591.208543511137,1846.5,-1216.626427733744,-2373.79187684447
17,1,2019-11-01,7163.451432001695,6041.073550356344,8111.856313876203,1822.25,-4775.951432001695,-5724.356313876203
19,1,2019-11-01,502.09024381346813,342.82473445416423,624.000847035961,2908.5833333333335,2426.2430895198654,2304.3324862973723
20,1,2019-11-01,2652.823679898474,1857.559478107185,3583.917625027337,1947.5833333333333,-130.90701323180747,-1062.0009583606707
21,1,2019-11-01,3092.453151152221,1955.60754090927,3804.100630027141,3590.3333333333335,978.2968488477791,266.64936997285895
22,1,2019-11-01,3957.432458966109,2827.4967158003183,5300.363844928245,4497.166666666667,1079.2342077005578,-263.6971782615783
24,1,2019-11-01,2963.8465652677723,2186.41848394125,3865.8286476619664,3212.8333333333335,332.3201013988946,-569.6619809952995
27,1,2019-11-01,3927.2470034258945,2762.3538209853523,5349.151996748005,1985.0833333333333,-1345.9970034258945,-2767.9019967480053
28,1,2019-11-01,3708.486263942946,2275.531755541998,5062.926660743906,4522.75,1136.9304027237208,-217.50999407723884
32,1,2019-11-01,2830.6957108043507,2186.16699815808,3742.6000713065546,4359.583333333333,1640.7209558623153,728.8165953601115
33,1,2019-11-01,4570.429152825174,3497.899548280812,5722.2233576503295,3224.3333333333335,-808.2624861585073,-1960.0566909836625
34,1,2019-11-01,6148.962779616015,4719.570924514978,8171.10836122643,4321.166666666667,-1241.9627796160148,-3264.10836122643
37,1,2019-11-01,5573.326682909819,4448.689912919874,6379.346541843291,2890.8333333333335,-309.99334957648534,-1116.0132085099567
38,1,2019-11-01,4565.458072132891,3506.0755958198138,5714.661087363231,3333.8333333333335,-827.7080721328912,-1976.9110873632308
39,1,2019-11-01,7680.934909271761,6617.1036615874655,8737.948618053033,5145.0,-2334.268242605094,-3391.281951386366
40,1,2019-11-01,1567.5052636376831,1028.0165078210648,2257.3672326985766,2436.9166666666665,972.1614030289834,282.29943396808994
42,1,2019-11-01,2227.837739007299,1563.1644574589086,3269.9901346552674,710.5,-951.5877390072992,-1993.7401346552674
44,1,2019-11-01,3306.914648006865,2564.865440208775,4159.234412015291,3182.8333333333335,280.5853519931352,-571.7344120152911
45,1,2019-11-01,1139.6183435185835,671.340779984452,1891.6391107736486,5315.083333333333,4490.881656481417,3738.8608892263514
46,1,2019-11-01,3914.7977038439435,2680.869297892444,5199.413204160198,4499.666666666667,1226.7022961560565,-57.91320416019789
47,1,2019-11-01,3012.978386744534,2481.198093289269,3732.647330400363,2119.5,-479.81172007786745,-1199.4806637336965
48,1,2019-11-01,2710.501572364165,1977.0445629250155,3588.7792354267885,1378.5,-686.4182390308315,-1564.695902093455
50,1,2019-11-01,2445.2516339601916,1676.2311933913963,3641.0388479177254,3269.8333333333335,1188.7483660398084,-7.038847917725434
51,1,2019-11-01,3917.081279897565,2904.479647226241,5343.041045238096,4275.25,670.8353867691021,-755.1243785714287
52,1,2019-11-01,13247.27166849889,11328.37944550531,14571.71262065548,5316.333333333333,-7498.438335165557,-8822.879287322146
53,1,2019-11-01,8423.032264937587,7493.408162937765,9531.725149827267,3308.3333333333335,-2691.2822649375867,-3799.975149827267
55,1,2019-11-01,2555.894289606396,1805.680684793998,3631.515932858846,3715.25,1585.772377060271,510.15073380782087
57,1,2019-11-01,4280.684252232921,3327.805242618489,5264.2675904347025,3652.1666666666665,-328.85091889958767,-1312.4342571013694
58,1,2019-11-01,4536.696418270873,3056.7896506311135,6073.439897054253,4376.0,514.3869150624596,-1022.3565637209203
59,1,2019-11-01,2705.4413136452613,2088.691331092705,3649.3808412271233,2088.8333333333335,-519.0246469785943,-1462.9641745604563
60,1,2019-11-01,5313.131886847398,4416.630362041986,6450.082179385043,2838.0833333333335,-2134.381886847398,-3271.3321793850428
61,1,2019-11-01,6862.95952384185,5478.3419081631855,8848.446647978575,7783.833333333333,1422.7904761581503,-562.6966479785751
62,1,2019-11-01,3923.131806892761,2896.192512310897,4764.218187903611,1857.5,-1394.2151402260943,-2235.301521236944
63,1,2019-11-01,3156.3203467794706,2466.20838099256,3875.688275219768,2951.5,214.92965322052942,-504.438275219768
64,1,2019-11-01,4904.121532761436,3235.934146825095,6755.281336053067,4288.75,-269.5381994281033,-2120.698002719734
65,1,2019-11-01,3040.6528970636373,2083.132805507677,3856.3333358126906,2876.4166666666665,125.18043626969575,-690.5000024793576
68,1,2019-11-01,5734.699637406673,4850.732026761788,6862.432377147544,3499.75,-1972.199637406673,-3099.932377147544
69,1,2019-11-01,2448.3295536030428,1752.8808998991224,3412.3913078628434,3193.1666666666665,1214.1704463969572,250.1086921371566
73,1,2019-11-01,4418.221863464235,3195.6935687081473,6194.6166875662975,4456.5,412.194803202432,-1364.2000208996305
74,1,2019-11-01,2619.3574482835907,1758.2326398387281,3498.968423759334,3496.4166666666665,1208.0592183830759,328.4482429073323
75,1,2019-11-01,3792.4873947652322,3113.7461851155867,4645.064154644522,1860.5,-1755.7373947652322,-2608.314154644522
77,1,2019-11-01,8461.496931903797,7157.184612289861,9549.692378465752,4259.166666666667,-3970.8302652371303,-5059.025711799085
79,1,2019-11-01,2805.9430998066605,1985.6455885889893,3854.5566160867006,2430.3333333333335,63.640233526673,-984.9732827533671
80,1,2019-11-01,2104.0673008708727,1434.5570700249673,2817.5446038582586,1817.9166666666667,-65.56730087087271,-779.0446038582586
81,1,2019-11-01,5229.700988186431,4429.1946335194925,6384.42706068766,2963.3333333333335,-1792.867654853097,-2947.5937273543263
84,1,2019-11-01,3414.489816538469,2906.3307473749846,4227.92296055185,2145.6666666666665,-1192.9064832051358,-2006.3396272185173
86,1,2019-11-01,2698.1333619957427,2028.4235572290172,3237.440631536862,1934.3333333333333,-461.9666953290762,-1001.2739648701954
87,1,2019-11-01,3393.1429210600263,2874.421573990297,4069.9752841235063,2012.9166666666667,-976.3929210600263,-1653.2252841235063
89,1,2019-11-01,3525.5150995984213,2871.808282822253,4386.036974587162,2518.0833333333335,-708.1817662650878,-1568.7036412538287
90,1,2019-11-01,4162.393915769499,3367.4179857945433,4782.18061308235,1066.3333333333333,-2729.977249102832,-3349.763946415683
92,1,2019-11-01,3362.7270100794162,2509.3037430417,4369.486797847315,2595.4166666666665,-451.3936767460832,-1458.1534645139818
94,1,2019-11-01,4244.381127476676,3089.4198903343195,5254.629244774576,3063.3333333333335,-577.2144608100089,-1587.4625781079094
96,1,2019-11-01,24062.45510343758,18356.680829157485,27164.82227222894,8318.75,-11037.70510343758,-14140.07227222894
98,1,2019-11-01,6566.090409446627,5514.038074221537,8078.455947168475,1387.1666666666667,-4733.007076113294,-6245.372613835141
100,1,2019-11-01,3880.7912994717162,2713.37458289648,5230.928883406634,4078.6666666666665,932.9587005282838,-417.17888340663376
103,1,2019-11-01,2148.1436099750604,1480.2231579543236,3094.4775222447183,2897.8333333333335,959.2730566916066,12.93914442194864
104,1,2019-11-01,3570.398563731574,2797.981100413789,4684.505886720348,3115.3333333333335,-114.23189706490712,-1228.339220053681
106,1,2019-11-01,2483.8127498184303,1954.0438375522726,3154.919751884059,2496.4166666666665,357.60391684823617,-313.5030852173927
107,1,2019-11-01,1518.2217212811047,914.975217225083,2350.740564303718,2229.8333333333335,968.6949453855623,136.17610236294877
110,1,2019-11-01,3710.8141475646444,2511.0489927805183,5311.205825026129,4348.833333333333,909.8525191020217,-690.5391583594628
112,1,2019-11-01,8643.890105646515,7685.34908581534,10109.575565949874,2926.1666666666665,-5201.390105646515,-6667.075565949874
113,1,2019-11-01,4127.747129145484,2896.5151778669115,5440.386241269881,3250.25,-707.497129145484,-2020.1362412698809
114,1,2019-11-01,11835.711052586583,10770.333806293991,13445.647381434697,2870.0833333333335,-4505.044385919917,-6114.980714768031
115,1,2019-11-01,5735.341063602513,4131.71868194598,7813.147424638544,8418.166666666666,3051.408936397487,973.6025753614558
116,1,2019-11-01,4983.604154684669,3828.434470832123,6630.912271873642,5602.5,1186.479178648664,-460.8289385403086
118,1,2019-11-01,2854.8226930889746,1917.6752485437823,3630.1328643843635,2627.75,-9.48935975564109,-784.79953105103
119,1,2019-11-01,3618.093526535937,2533.1800772233064,4821.171692486285,4717.083333333333,1546.2398067973959,343.16164084704815
120,1,2019-11-01,3508.1228418223623,2208.7560103764545,4712.999877943641,5084.0,1904.0438248443047,699.166788723026
121,1,2019-11-01,4631.2326684906975,3665.5695242285788,5458.247782768965,3784.9166666666665,-402.81600182403145,-1229.8311161022993
122,1,2019-11-01,3377.664516875708,2551.0008795036347,4724.489748971978,3268.4166666666665,287.41881645762487,-1059.4064156386448
123,1,2019-11-01,2921.711323944154,2104.211589020082,3755.929943407225,3026.25,403.45534272251234,-430.76327674055847
124,1,2019-11-01,2188.189013716588,1393.1418084631189,3184.823853812216,2859.25,1031.4776529500787,34.842812854450585
125,1,2019-11-01,1514.3784471137865,1141.6524961285545,2148.8882156183436,2211.25,1006.6215528862135,372.11178438165643
126,1,2019-11-01,2174.745946063433,1515.2963678706406,2847.257496221269,2216.6666666666665,314.00405393656683,-358.50749622126887
127,1,2019-11-01,6686.184799863418,5762.436393607757,7733.217773743871,2629.4166666666665,-3675.768133196752,-4722.8011070772045
128,1,2019-11-01,3128.8937379888657,2330.19025901657,3951.356789966525,2614.75,-160.39373798886572,-982.856789966525
132,1,2019-11-01,1355.0021387248764,956.2082170998414,2058.5226368046765,2629.5833333333335,1611.081194608457,907.560696528657
133,1,2019-11-01,4063.648414605815,3010.9498614748195,5541.223139435942,5224.333333333333,1650.184918727518,172.61019389739067
134,1,2019-11-01,4022.8007082059503,2785.271949609577,5256.4537886613325,4181.166666666667,305.1992917940497,-928.4537886613325
135,1,2019-11-01,6462.5802655331145,5584.017003015757,7383.0058176475195,3174.0,-2846.746932199781,-3767.172484314186
137,1,2019-11-01,7980.22422288419,7425.921481332512,8607.695441824,3422.4166666666665,-4341.640889550857,-4969.112108490667
138,1,2019-11-01,2832.6763011071807,1922.192018759166,3836.2147130278727,2730.8333333333335,215.82369889281927,-787.7147130278727
140,1,2019-11-01,2956.2990277342783,1911.7535073801726,3941.149095959691,3510.0,1052.4509722657217,67.60090404030916
141,1,2019-11-01,3791.7952248055417,2788.9280938279335,4906.5135894553,1923.5,-1174.1285581388752,-2288.846922788633
142,1,2019-11-01,6681.838635978065,5312.3019356362365,8047.489387977002,4315.666666666667,-2110.088635978065,-3475.7393879770016
144,1,2019-11-01,5263.862035390901,4300.159786155171,5976.7142029591505,2694.1666666666665,-2087.028702057568,-2799.8808696258175
145,1,2019-11-01,1632.2881484055065,1164.5046390634777,2406.7829288085964,2111.1666666666665,897.2951849278265,122.80040452473668
146,1,2019-11-01,4068.585292449954,2838.8854684200837,5290.7950797560625,5725.833333333333,2302.998040883379,1080.7882535772706
147,1,2019-11-01,3351.9197101467835,2126.8078246298146,4690.5154857757,4698.583333333333,1896.4136231865496,557.8178475576333
148,1,2019-11-01,3398.6984010203983,2542.5475856748426,4193.469861531791,3223.4166666666665,38.718265646268264,-756.0531948651246
149,1,2019-11-01,5450.929998188133,3840.086729124864,7218.495322423518,7603.083333333333,2679.570001811867,912.0046775764822
150,1,2019-11-01,5916.238005181798,4563.901741479139,7259.357465901407,5957.5,474.4286614848688,-868.6907992347396
152,1,2019-11-01,7171.743561173292,5667.686831195062,9405.239126569013,4111.25,-2655.3268945066247,-4888.822459902346
153,1,2019-11-01,2251.3180265196183,1470.1522103203747,3069.000130451257,2290.3333333333335,311.8486401470486,-505.8334637845901
154,1,2019-11-01,7032.46443312268,6004.834162281808,7871.917492742858,3122.3333333333335,-1524.131099789346,-2363.5841594095236
155,1,2019-11-01,2026.4975823849682,1428.176037859152,2951.9269183812976,806.5,-697.4142490516347,-1622.843585047964
156,1,2019-11-01,2798.5809407755537,2151.653801383312,3427.6636881724,2333.9166666666665,-83.49760744222067,-712.5803548390668
157,1,2019-11-01,4061.5516455691195,2962.2286964893437,5000.063664355526,2737.25,-919.884978902453,-1858.3969976888598
160,1,2019-11-01,3215.9436160297055,2339.657730860674,4187.790449851466,3163.75,393.72305063696103,-578.1237831847998
161,1,2019-11-01,3542.1939792687813,2877.3134186028656,4332.4311064167405,1955.75,-1187.7773126021148,-1978.014439750074
162,1,2019-11-01,4759.319183174655,3445.014894255449,6509.424085596202,5509.25,1223.6808168253447,-526.4240855962016
164,1,2019-11-01,2790.9881153498513,1938.1479470279069,3833.664388858721,3152.4166666666665,846.3452179834817,-196.3310555253879
165,1,2019-11-01,10428.491989350841,9073.19652891221,11214.992974318533,8973.583333333334,-1048.2419893508413,-1834.742974318533
169,1,2019-11-01,989.9365802343262,780.6810075539552,1503.771276847027,2537.5833333333335,1585.6467530990071,1071.8120564863066
170,1,2019-11-01,3552.3459786539206,2731.1071631915934,4535.412586676167,3081.9166666666665,-132.5959786539206,-1115.662586676167
171,1,2019-11-01,9047.21122793587,7760.891014635941,10518.216379392506,4131.416666666667,-2609.377894602536,-4080.3830460591726
172,1,2019-11-01,2056.8039537122613,1256.9459116726584,2910.783477908124,3763.6666666666665,1909.9460462877387,1055.966522091876
173,1,2019-11-01,5300.548570764572,4283.444135318049,6256.206561617231,2533.25,-2273.9652374312386,-3229.623228283898
176,1,2019-11-01,5468.210950715648,4212.172808237087,6695.343276682018,4347.666666666667,-697.7109507156483,-1924.8432766820179
177,1,2019-11-01,6442.673106246506,5115.681230135726,7918.973178458895,4854.0,-1075.339772913173,-2551.639845125562
178,1,2019-11-01,3458.6432116133124,2341.27155015223,4525.69226666422,4087.0833333333335,1189.6067883866876,122.55773333577963
180,1,2019-11-01,2033.5972342169573,1355.4872953656259,2434.627845364967,2213.0,266.7360991163762,-134.29451203163353
184,1,2019-11-01,2751.783871033203,1722.9217418819824,3627.9762796870627,3627.4166666666665,1176.29946230013,300.1070536462703
185,1,2019-11-01,3154.299296442629,2346.5601092577244,4355.778838780392,2578.5,-353.29929644262893,-1554.778838780392
190,1,2019-11-01,8910.407687750896,7925.169465817123,10014.565881083734,3704.3333333333335,-4823.939354417563,-5928.097547750401
194,1,2019-11-01,4917.767710748708,3950.512875357825,5916.217128246401,2556.75,-106.76771074870794,-1105.2171282464014
196,1,2019-11-01,2637.6255821373766,1735.0157994786061,3564.8090065694414,2981.25,863.79108452929,-63.39233990277489
197,1,2019-11-01,5424.3650146071,4452.274285206833,6347.569240770972,2677.3333333333335,-2603.3650146071004,-3526.569240770972
198,1,2019-11-01,2585.311271287445,1472.5575856144137,3832.2031390289003,2624.75,414.9387287125551,-831.9531390289003
199,1,2019-11-01,3820.9867116359865,2630.0555833152657,5457.742397162082,6527.416666666667,3386.6799550306805,1749.924269504585
200,1,2019-11-01,3218.045689584433,2388.491960258857,4329.543496518676,3044.0,248.45431041556685,-863.043496518676
201,1,2019-11-01,1834.3261895686642,983.9301617445825,2633.6967394178146,2985.25,1336.9238104313358,537.5532605821854
203,1,2019-11-01,2587.898956754847,1781.8379003120094,3776.582672710297,2525.4166666666665,452.60104324515305,-736.0826727102972
205,1,2019-11-01,3341.6746300061336,2402.9508920832563,4220.158928049639,3323.5,404.4087033271999,-474.07559471630566
206,1,2019-11-01,2644.8614125137915,1770.1586884985563,3576.6080822087147,3131.9166666666665,849.555254152875,-82.19141554204816
207,1,2019-11-01,2093.049746505447,1451.975300965254,3133.465319209181,2379.4166666666665,635.0335868278862,-405.38198587584793
208,1,2019-11-01,14076.024175905342,12685.134817683462,16327.596316362387,5645.583333333333,-4064.8575092386764,-6316.429649695721
209,1,2019-11-01,3242.1223951532224,2527.3454009379484,4217.2523431294385,2433.8333333333335,-429.9557284865555,-1405.0856764627715
211,1,2019-11-01,2083.7826422075746,1467.399036597443,2657.1542798672726,2415.25,470.71735779242545,-102.65427986727263
212,1,2019-11-01,1698.5270751762655,1208.758210188625,2447.9066938181786,2344.75,1049.2229248237345,299.8433061818214
213,1,2019-11-01,5416.388378391701,4185.070745093291,6848.054319668559,4597.666666666667,-81.47171172503386,-1513.1376530018924
216,1,2019-11-01,2394.55584339314,1625.0476334301156,3461.360327969155,2764.8333333333335,744.7774899401934,-322.02699463582167
217,1,2019-11-01,3520.269726292314,2667.1531518086304,4795.673366164691,2585.9166666666665,-727.6030596256473,-2003.0066994980248
218,1,2019-11-01,2593.9214301662823,1860.6020139006455,3693.590059972283,2849.1666666666665,697.2452365003842,-402.4233933056166
219,1,2019-11-01,1484.6401892767442,1041.7231916215276,2137.0585167479494,1875.4166666666667,841.7764773899228,189.35814991871757
220,1,2019-11-01,3066.8782456431577,2004.9217983117217,4524.460031630046,5153.833333333333,2607.5384210235084,1149.9566350366204
222,1,2019-11-01,5684.435180353306,3104.457966623427,7242.206333749163,7784.75,2446.2314863133606,888.4603329175043
225,1,2019-11-01,3834.339563759623,2731.1253983983934,5066.410931483575,3407.25,259.41043624037684,-972.660931483575
227,1,2019-11-01,5779.000421229869,4644.316626713957,7509.915461019847,6857.916666666667,1628.166245436798,-102.74879435317962
229,1,2019-11-01,4156.679979767155,2940.1957440304222,5246.282054685542,4937.333333333333,1273.3200202328453,183.71794531445812
230,1,2019-11-01,2190.007946791414,1501.9886377811592,3255.2167874794045,2958.4166666666665,1194.9087198752527,129.699879187262
231,1,2019-11-01,3365.5326829409187,2523.6165330677695,4285.249868906823,3022.5,-26.19934960758519,-945.9165355734899
233,1,2019-11-01,4309.829770290307,3362.2431720215277,6040.8080885354975,3955.3333333333335,-91.32977029030735,-1822.3080885354975
234,1,2019-11-01,3957.845168835764,3043.7526256923557,4997.437089503179,3135.25,-613.5118355024306,-1653.1037561698454
235,1,2019-11-01,3404.775464553572,2148.944503286556,4791.403114727623,4056.3333333333335,1216.307868779762,-170.31978139428884
236,1,2019-11-01,5052.192599822429,3530.4479087123864,7724.5350292493895,13439.666666666666,8768.390733510903,6096.048304083943
237,1,2019-11-01,4041.0827305083367,2802.5303397730977,5484.469128346901,4882.0,1189.5006028249963,-253.88579501356799
240,1,2019-11-01,2097.988651388245,1112.9066805356033,3095.33267981496,2905.6666666666665,1046.9280152784213,49.58398685170641
241,1,2019-11-01,3668.243493849844,2920.368803949492,4720.194858751079,2550.4166666666665,-619.910160516511,-1671.8615254177457
242,1,2019-11-01,3969.917567357904,2977.036594969012,4990.170856459107,3630.0,69.16576597542962,-951.0875231257737
244,1,2019-11-01,2176.4679973050293,1534.8047342342286,2795.993579957588,2233.5,469.03200269497074,-150.49357995758783
246,1,2019-11-01,5246.035264617454,3803.71922470748,7135.437378854548,6858.166666666667,2123.9647353825458,234.56262114545189
247,1,2019-11-01,8712.491383994113,6995.843815086185,10262.92849224302,4548.916666666667,-3498.908050660779,-5049.345158909686
248,1,2019-11-01,1938.4213558645129,1394.7508780577868,2732.8292917662066,1133.0,-637.5046891978461,-1431.9126250995398
249,1,2019-11-01,2563.3218415631136,1777.476399104187,3226.3311422482666,2486.25,162.7614917702199,-500.2478089149331
250,1,2019-11-01,3805.889542185246,3036.007589610549,4730.670780797401,2889.25,-587.0562088519123,-1511.8374474640673
252,1,2019-11-01,4814.524055376036,4099.4495666100565,5886.362713642624,2915.4166666666665,-1568.774055376036,-2640.612713642624
254,1,2019-11-01,9799.505249091731,8298.964546373601,10799.036391265612,5632.416666666667,-3625.5052490917315,-4625.036391265612
256,1,2019-11-01,3998.9658543350356,2967.20399278308,5201.088942219184,1904.1666666666667,-1658.5491876683686,-2860.672275552517
257,1,2019-11-01,3972.752068955962,3354.7284107442547,5095.955270892705,2589.1666666666665,-1069.3354022892954,-2192.5386042260384
260,1,2019-11-01,1605.8917914116614,1022.4445424241106,2554.997472474046,2425.8333333333335,1066.7748752550056,117.66919419262103
261,1,2019-11-01,5798.7486070037185,4465.156614967985,7283.208667833908,4924.416666666667,-295.74860700371846,-1780.2086678339083
264,1,2019-11-01,3463.9659926026443,2601.936979788183,4487.49528601877,3691.9166666666665,694.0340073973557,-329.49528601876955
265,1,2019-11-01,2695.886981631159,1800.107120586329,3708.739551668647,3791.4166666666665,1599.946351702174,587.093781664686
267,1,2019-11-01,1508.578082882254,985.180114525266,2186.7756088648644,2311.0833333333335,1077.7552504510795,399.55772446846913
273,1,2019-11-01,4052.1147954733337,2993.1615587052256,5074.452099002547,3117.9166666666665,-501.61479547333374,-1523.9520990025467
274,1,2019-11-01,4004.947572657624,2738.0221862368867,5162.237340030069,4067.5,446.6357606757092,-710.6540066967364
275,1,2019-11-01,8923.245119167428,7921.543913706651,10359.219022904213,6357.333333333333,-2281.911785834095,-3717.8856895708805
277,1,2019-11-01,2624.954655022114,1901.6143351182345,3664.4643873572595,2644.9166666666665,335.7953449778861,-703.7143873572595
278,1,2019-11-01,8859.249659716914,7178.848948333562,11972.42205917959,16147.333333333334,8008.167006949754,4894.994607487079
280,1,2019-11-01,4974.496856532298,3712.630953714101,6355.964696253279,3715.4166666666665,-851.5801898656318,-2233.0480295866128
282,1,2019-11-01,1911.0530520821353,1373.7622961905,2635.77600586054,2132.0833333333335,622.1969479178647,-102.52600586053995
285,1,2019-11-01,14056.804571291685,12413.350677370154,15428.013512529846,2874.6666666666665,-10849.97123795835,-12221.180179196512
286,1,2019-11-01,2156.107652917394,1607.2466844630098,3109.925766241585,3185.25,1736.8090137492727,782.9909004250817
287,1,2019-11-01,2412.3117322888743,1787.0145316874243,3376.889342245297,3598.4166666666665,1531.8549343777922,567.2773244213695
291,1,2019-11-01,5250.35712507789,4516.614866535165,6405.240534157718,3367.25,-1658.773791744556,-2813.6572008243843
293,1,2019-11-01,2918.241339028379,2010.0261718921183,3889.9522549752796,3507.0,885.6753276382874,-86.03558830861311
299,1,2019-11-01,1720.0203417767164,1178.1317037448425,2464.485990006826,2352.4166666666665,771.7296582232836,27.264009993174113
300,1,2019-11-01,3447.3509308998523,2481.274405736274,5190.598841706436,6309.25,3241.8157357668147,1498.5678249602306
301,1,2019-11-01,3177.4907654548924,2292.2827852045743,4387.336306164355,4359.0,1402.8425678784406,192.9970271689781
303,1,2019-11-01,11781.389596572239,10272.985190089183,13304.769025093996,5006.666666666667,-6283.306263238905,-7806.685691760662
305,1,2019-11-01,2720.1261259018634,2256.6749166655113,3100.7242018140078,2449.0,-193.20945923519685,-573.8075351473412
311,1,2019-11-01,1830.393917672903,1225.8137697119432,2690.3396601462573,2459.1666666666665,914.106082327097,54.1603398537427
313,1,2019-11-01,2418.1930186605086,1704.4243048687226,3562.8674015349625,2795.6666666666665,881.2236480061579,-263.45073486829597
315,1,2019-11-01,2189.233048999879,1382.7054429284922,3330.679593783858,3531.5833333333335,1804.8502843334545,663.4037395494756
316,1,2019-11-01,5811.707512605968,4934.64254288921,6878.167372166817,3322.5833333333335,-1921.207512605968,-2987.6673721668167
319,1,2019-11-01,4249.347766852258,3350.722148752971,5136.024407398416,2363.0833333333335,-1703.3477668522582,-2590.024407398416
320,1,2019-11-01,2799.3657170743227,2047.6583981341203,3978.038336853844,2970.0833333333335,620.8842829256773,-557.7883368538442
321,1,2019-11-01,2452.4576559749557,1567.1445427040803,3277.7579810062807,3348.0833333333335,1184.7090106917112,359.40868566038625
322,1,2019-11-01,1402.9837645347113,884.0242542114672,2218.2623866934373,2337.9166666666665,1254.0995687986217,438.82094663989574
323,1,2019-11-01,4686.561313060081,3831.1038117620587,5429.670430017613,2224.6666666666665,-349.97797972674834,-1093.0870966842804
327,1,2019-11-01,7620.663501678274,6998.568873213912,8135.352235164669,3070.25,-4363.080168344941,-4877.768901831336
328,1,2019-11-01,5077.7342805542885,3995.7240209205356,6075.681965942193,3026.9166666666665,-1799.9009472209555,-2797.8486326088596
329,1,2019-11-01,5458.358297712269,4479.959680035123,6602.266779005528,3060.3333333333335,-1886.0249643789352,-3029.933445672195
331,1,2019-11-01,2362.7227390040757,1530.598283698295,3114.628447776528,2492.25,520.6939276625908,-231.21178110986148
332,1,2019-11-01,3301.542294210487,2494.413747209707,4446.117294577949,3113.5,219.12437245617957,-925.4506279112825
334,1,2019-11-01,2164.4579733317264,1513.1018254910996,3385.5022419320635,3367.25,1444.7920266682736,223.7477580679365
335,1,2019-11-01,5269.999106109892,4022.1605391845032,7199.653390281824,4705.583333333333,100.5842272234413,-1829.0700569484907
338,1,2019-11-01,6108.884577303909,4754.3806629295,7486.943906896499,4188.166666666667,-1353.5512439705753,-2731.6105735631654
343,1,2019-11-01,2362.500565251729,1653.8843570875297,3366.0137042501037,3970.25,2127.082768081604,1123.5696290832293
345,1,2019-11-01,2298.4972786939684,1501.6163397093128,3391.2219615268505,2958.25,886.0860546393651,-206.63862819351698
346,1,2019-11-01,3783.8574295588746,2789.0845251572937,5270.153562218124,4048.3333333333335,657.3092371077923,-828.9868955514567
348,1,2019-11-01,2682.814281569567,1688.229671358149,3752.43177416482,3864.75,1577.3523850971,507.73489250184684
349,1,2019-11-01,2147.2340521697497,1493.9498813688379,3121.169753605374,3602.4166666666665,1899.2659478302503,925.3302463946261
350,1,2019-11-01,5502.065531385282,4193.723546682375,7453.66031846821,4871.916666666667,32.934468614717844,-1918.6603184682099
351,1,2019-11-01,2523.104963231387,1777.8459908550851,3188.0198697045425,1429.1666666666667,-714.2716298980536,-1379.186536371209
354,1,2019-11-01,3938.7165647447987,2948.7170940670912,5214.897397989222,2661.8333333333335,-943.0498980781317,-2219.2307313225547
356,1,2019-11-01,6198.292364424676,5062.615423091125,6898.5226873713855,3451.6666666666665,-2469.2090310913427,-3169.4393540380524
357,1,2019-11-01,4165.553671367753,3064.696114689352,5945.366630423721,6679.666666666667,3001.529661965581,1221.7167029096126
359,1,2019-11-01,3924.6378425983967,2835.9424893568894,5445.522123892213,4781.916666666667,1143.7788240682703,-377.10545722554616
360,1,2019-11-01,3710.2274186439495,2928.088014783048,4878.552781442468,3856.5,526.5225813560505,-641.8027814424677
361,1,2019-11-01,2743.946730611182,1912.7736250724304,3737.1706392585866,3254.3333333333335,925.969936055485,-67.25397259191959
362,1,2019-11-01,6548.529708433186,5423.08703470509,7599.106700120574,4059.1666666666665,-2030.029708433186,-3080.606700120574
363,1,2019-11-01,665.7808881857268,520.2350656981274,859.9600339435557,4057.1666666666665,3391.3857784809397,3197.206632723111
364,1,2019-11-01,5650.587362358231,4638.194854738459,7013.7676069132785,3317.4166666666665,-2006.9206956915646,-3370.100940246612
366,1,2019-11-01,4295.575811186656,3120.4361235370498,5590.5278964770305,3325.9166666666665,-378.8258111866562,-1673.7778964770305
368,1,2019-11-01,5136.619190246815,4198.974332389714,6195.945018706017,3567.1666666666665,-1166.8691902468154,-2226.1950187060174
369,1,2019-11-01,7429.673848370963,6295.273637815898,9168.971446328786,4291.583333333333,-2605.257181704297,-4344.5547796621195
370,1,2019-11-01,2437.3505252146774,1632.4741840489442,3352.6184969387928,3492.0,1204.1494747853226,288.88150306120724
371,1,2019-11-01,11099.701064123352,8874.044262011437,12632.629879204595,7697.333333333333,-3162.117730790019,-4695.0465458712615
373,1,2019-11-01,5256.281382831832,4792.586885478748,6454.831700714268,1783.0833333333333,-1193.6980494984991,-2392.2483673809347
374,1,2019-11-01,2558.9741092156255,1864.6653001867116,3376.233376156558,2598.0833333333335,99.0258907843745,-718.2333761565578
375,1,2019-11-01,11.773992874593906,11.773992874593906,2009.7033688940824,3134.75,3248.8093404587394,1250.8799644392511
376,1,2019-11-01,7658.710763815101,6411.692541211037,9121.644485524608,4831.25,-2613.044097148434,-4075.977818857941
377,1,2019-11-01,5941.479779837162,4972.087711346207,6826.618057076715,3259.1666666666665,-2256.229779837162,-3141.3680570767146
379,1,2019-11-01,5200.980125276093,4545.536311388872,6418.218225376311,3624.6666666666665,-1061.3134586094266,-2278.551558709645
380,1,2019-11-01,2529.4465735008966,1762.99084176015,3773.515030533118,3154.75,942.0534264991034,-302.0150305331181
383,1,2019-11-01,2054.883697826679,1186.6275714170433,3139.2588904578215,2857.25,1110.366302173321,25.991109542178492
385,1,2019-11-01,2701.8847821677127,1847.8788409665754,3821.3840051249485,2536.1666666666665,308.36521783228727,-811.1340051249485
386,1,2019-11-01,6446.74059013203,5044.025531254707,8149.40721527844,4163.916666666667,-1686.9905901320299,-3389.65721527844
391,1,2019-11-01,2262.469675595917,1471.0875281228477,3329.541479552481,2939.1666666666665,1238.113657737416,171.04185378085185
393,1,2019-11-01,2128.2650643186407,1300.2017637619,3207.219073905667,2698.9166666666665,876.4016023480258,-202.55240723900033
394,1,2019-11-01,5899.125754107182,4725.50258045584,7357.186931611761,5800.333333333333,507.6242458928182,-950.4369316117609
395,1,2019-11-01,3287.3429921814204,2026.314073487036,4839.460832791789,4134.25,1175.0736744852466,-377.0441661251216
397,1,2019-11-01,2161.7538413239026,1618.0958897958212,2983.0854055242244,1702.0,96.32949200943085,-725.0020721908909
398,1,2019-11-01,3022.467479813526,2046.8375302647535,3712.882684801807,3116.75,509.4491868531404,-180.96601813514053
401,1,2019-11-01,3601.965203047955,2548.3397303514253,4537.135814743993,2387.0,-943.8818697146216,-1879.0524814106598
402,1,2019-11-01,5065.263759367668,4030.654879858844,6405.079871252153,3662.8333333333335,-1016.0970927010012,-2355.913204585486
403,1,2019-11-01,1847.815475001747,1119.2244303450457,3081.229553442866,3041.3333333333335,1335.35119166492,101.93711322380113
408,1,2019-11-01,9216.705186084111,8063.81587984524,10547.316664062924,2611.9166666666665,-6294.871852750778,-7625.483330729591
414,1,2019-11-01,7578.721222084675,5869.9914324619285,9797.085149291284,9406.25,2318.612111248659,100.24818404204962
415,1,2019-11-01,2240.902327252047,1349.3043347209054,3003.9411722971536,2810.75,921.2643394146194,158.22549436951294
416,1,2019-11-01,2214.498173031768,1428.6999454226477,3077.6098929218197,3189.4166666666665,1362.0851603015649,498.97344041151337
419,1,2019-11-01,3246.8894052223554,2458.8320220120654,4286.365265432661,2795.0,63.860594777644565,-975.6152654326606
421,1,2019-11-01,4841.959742959611,3941.9086245002013,6311.162681261599,3823.0,-557.0430762929436,-2026.2460145949317
425,1,2019-11-01,7694.514888586573,7123.390273216941,8724.427816969044,4956.833333333333,-412.9315552532398,-1442.8444836357112
427,1,2019-11-01,2676.0860890109743,1806.3735022367928,3818.7221181442483,2710.5833333333335,429.99724432235917,-712.6387848109148
428,1,2019-11-01,4815.8620208368275,3756.1812859838847,6490.945161059802,4707.166666666667,148.3046458298395,-1526.7784943931347
430,1,2019-11-01,9642.066321558992,8397.554972089689,10988.706811986967,4445.833333333333,-4830.732988225659,-6177.373478653634
432,1,2019-11-01,4201.54376760006,3357.9327957339383,5288.708383824057,2212.1666666666665,-1455.9604342667271,-2543.125050490724
433,1,2019-11-01,3628.2636601937193,2806.6797111284536,4710.326093211072,2663.0833333333335,-786.4303268603858,-1868.492759877738
434,1,2019-11-01,4059.593650764711,2763.3856508047556,5539.836114765858,4449.583333333333,1011.0730159019549,-469.16944809919187
437,1,2019-11-01,4460.000086324587,3405.3812673736156,5842.409106306398,6055.833333333333,2038.2499136754132,655.8408936936021
438,1,2019-11-01,1752.5368852974664,1274.2258370896348,2534.229550519387,2836.1666666666665,1608.0464480358667,826.353782813946
441,1,2019-11-01,3383.4739380395786,2312.4195888840145,4418.973477832298,3842.3333333333335,713.3593952937554,-322.1401444989642
442,1,2019-11-01,5867.400519120396,4733.003580092247,7908.510010978361,4050.0,-1176.483852453729,-3217.5933443116937
447,1,2019-11-01,2107.9196441474937,1433.792309842474,3320.364967654231,2581.4166666666665,908.4136891858393,-304.03163432089787
449,1,2019-11-01,3302.365545426738,2288.8794322134586,4248.575303418124,3316.3333333333335,443.1344545732618,-503.07530341812435
450,1,2019-11-01,3724.3907513977824,2777.8967180669338,4358.565950852617,3599.3333333333335,317.19258193555106,-316.9826175192834
451,1,2019-11-01,2591.385972216436,2091.0955786030304,3356.1858636812726,2412.5833333333335,-139.13597221643613,-903.9358636812726
452,1,2019-11-01,6795.379142336861,5505.170362050902,7936.187117336728,5279.666666666667,-1401.2124756701942,-2542.020450670061
455,1,2019-11-01,4807.9622580723235,3629.667944039854,6466.847703303256,4148.0,-143.9622580723235,-1802.847703303256
456,1,2019-11-01,4609.130169356459,3629.15393067844,5740.2890114992915,2912.25,-1247.0468360231257,-2378.205678165958
457,1,2019-11-01,5655.998003111614,4585.1150241373225,6809.229818949639,3027.0,-1947.4146697782803,-3100.646485616305
458,1,2019-11-01,3461.8820553699575,2107.773618215005,5549.977443614194,4089.0,877.4512779633756,-1210.6441102808612
459,1,2019-11-01,2853.4612628561727,1892.3456990871473,3785.814019444909,2104.75,-351.37792952283917,-1283.7306861115753
460,1,2019-11-01,5436.218274202141,4106.493414746021,7111.801258823623,3413.0833333333335,-1570.2182742021414,-3245.8012588236234
461,1,2019-11-01,7196.558605713726,5963.894659698931,8553.992007821485,5450.25,-1208.1419390470592,-2565.5753411548185
462,1,2019-11-01,4855.377540743312,3540.9936245586787,6357.05041703154,4224.666666666667,-248.7942074099783,-1750.467083698206
464,1,2019-11-01,14530.820996137401,12933.15006289983,16438.21010967044,5620.333333333333,-8603.070996137401,-10510.46010967044
465,1,2019-11-01,2179.9449915221044,1447.3596796940121,3341.597487265134,3497.0833333333335,1669.888341811229,508.2358460681994
467,1,2019-11-01,3636.730851922825,2615.521953736802,4759.601891337368,3735.9166666666665,676.6024814105081,-446.2685580040352
468,1,2019-11-01,3088.314090436845,2062.0596425791073,4285.949357617455,3947.8333333333335,1278.2692428964888,80.63397571587939
469,1,2019-11-01,4202.039589267661,2966.1122439871515,5855.436876573634,3912.0833333333335,448.5437440656733,-1204.8535432403005
470,1,2019-11-01,3900.053757077728,3131.149445893201,4882.378648127833,2379.4166666666665,-1220.2204237443948,-2202.5453147945
472,1,2019-11-01,6775.45811765673,5608.742115310876,8125.048057653794,3836.5833333333335,-717.2081176567299,-2066.798057653794
473,1,2019-11-01,1495.2229638774736,1021.2115435745789,2139.359541359481,2348.4166666666665,1045.7770361225264,401.6404586405188
474,1,2019-11-01,7909.233326792475,6422.881715788621,9631.588128122716,6746.416666666667,-548.3999934591411,-2270.754794789382
476,1,2019-11-01,6690.800917179192,5909.261348679293,7849.663327157458,3456.0833333333335,-1099.5509171791919,-2258.4133271574583
477,1,2019-11-01,4542.890493350031,3412.333861168352,6152.319809797593,4122.25,144.1928399833023,-1465.2364764642598
478,1,2019-11-01,4058.568664025481,2697.2469465180657,5537.408708102221,6067.25,2383.014669307852,904.1746252311123
479,1,2019-11-01,3841.842083796269,2669.888414388693,5532.831859549318,5097.75,1849.407916203731,158.41814045068168
480,1,2019-11-01,5784.831512497575,3809.0115738606623,7842.221339702051,7176.083333333333,2172.001820835758,114.61199363128162
483,1,2019-11-01,2215.131288264062,1527.5363819715922,3344.3073243462545,3330.75,1451.3687117359382,322.1926756537455
487,1,2019-11-01,6670.6225486258745,5249.9872648390865,8204.760843053256,4588.25,-1849.7058819592075,-3383.8441763865894
488,1,2019-11-01,13278.591671544253,12262.309828645934,14509.104872314572,2677.1666666666665,-10427.091671544253,-11657.604872314572
489,1,2019-11-01,2328.719815164279,1690.2759780578767,3267.015491865072,3062.75,1153.0301848357208,214.7345081349281
490,1,2019-11-01,13098.857702571326,10927.54841172656,15049.149423403194,2785.5,-9866.607702571326,-11816.899423403194
491,1,2019-11-01,1475.9284686796843,777.0744048175177,2483.9523387274166,2251.0833333333335,1194.2381979869826,186.21432793925032
494,1,2019-11-01,3171.7818674690507,2284.7929461519316,4373.41511824894,4695.583333333333,1856.1347991976154,654.5015484177256
496,1,2019-11-01,2323.996552191522,1364.6688854423055,3581.448843840807,3026.5833333333335,1133.170114475145,-124.28217717414009
497,1,2019-11-01,4925.762497590413,3478.5530402725094,6782.5989907078,4365.0,28.40416907625422,-1828.4323240411331
502,1,2019-11-01,6207.003257043345,5367.252256549174,7340.012338360225,3036.6666666666665,-2739.753257043345,-3872.762338360225
503,1,2019-11-01,1610.554164438022,1234.9288840362049,2046.7452709730542,2463.6666666666665,875.3625022286444,439.17139569361234
506,1,2019-11-01,6275.987730145373,4839.60186413405,7644.840088336062,4403.416666666667,-1381.7377301453726,-2750.590088336062
509,1,2019-11-01,2796.500856519666,1991.454077204944,3825.3630689916467,3711.1666666666665,1145.8324768136672,116.97026434168629
511,1,2019-11-01,8581.89477055552,7771.757644480863,10133.334811538414,2966.8333333333335,-4977.811437222186,-6529.25147820508
514,1,2019-11-01,3778.5114958119757,2812.353780196051,4892.143641720531,2691.25,-947.8448291453092,-2061.476975053865
515,1,2019-11-01,2288.869599805288,1428.5398029684889,3153.8201976104588,3488.75,1543.0470668613784,678.0964690562078
517,1,2019-11-01,1616.310788245737,1170.299471976974,2329.291398421123,2000.75,623.1058784209295,-89.87473175445666
519,1,2019-11-01,1981.5579799862983,1374.7609141276334,3052.1639408487918,3292.3333333333335,1559.4420200137017,488.83605915120825
520,1,2019-11-01,3311.41258967584,2342.58338579802,4468.359148177309,4804.833333333333,2140.08741032416,983.1408518226908
523,1,2019-11-01,6903.138985106608,5840.207902977765,8109.0580033939805,3207.25,-3228.3056517732743,-4434.2246700606465
524,1,2019-11-01,2110.9171857297383,1439.0697134908462,3079.3738219559737,2936.5833333333335,1327.0828142702617,358.62617804402635
525,1,2019-11-01,4206.621791201309,3112.978770149919,5171.385630081645,3095.5833333333335,-845.5384578679755,-1810.3022967483116
526,1,2019-11-01,5546.9163374304635,4316.125210017858,7179.369808975324,5373.416666666667,379.3336625695365,-1253.1198089753243
528,1,2019-11-01,2678.6030856720613,1747.271287937478,3590.704114172963,3373.1666666666665,1120.1469143279387,208.04588582703718
530,1,2019-11-01,2410.8809055004454,1633.819025188151,3459.255890986131,1508.3333333333333,-673.2975721671121,-1721.6725576527977
534,1,2019-11-01,5790.882487335973,4867.656711684188,7182.473418231275,5042.5,-474.88248733597266,-1866.473418231275
538,1,2019-11-01,3269.040113269623,2427.025796360743,4063.7990661535123,2522.0833333333335,-226.08344660295597,-1020.8423994868454
542,1,2019-11-01,2129.5409593144186,1549.589754155812,2916.209273716118,2458.0,656.5423740189149,-130.1259403827844
543,1,2019-11-01,3478.0840950671195,2620.1527022203045,4646.75881768863,2560.0833333333335,-420.750761733786,-1589.4254843552967
545,1,2019-11-01,2965.755032451377,1939.992337707074,4020.2407201416254,3808.9166666666665,1238.1616342152893,183.67594652504067
546,1,2019-11-01,3698.3749206066295,2458.479111641959,5219.226296136149,4266.333333333333,1031.7917460600365,-489.0596294694833
547,1,2019-11-01,2882.1161357561978,1936.3941719191916,3695.88220151327,2658.4166666666665,19.80053091046875,-793.9655348466035
549,1,2019-11-01,3825.613309317324,2233.3868151373536,5273.207892898865,5192.0,1753.4700240160091,305.87544043446815
550,1,2019-11-01,5310.064127139502,4310.281550506311,6320.952590315641,2520.6666666666665,-2606.147460472835,-3617.0359236489744
552,1,2019-11-01,7431.826220341431,6103.650960790615,8678.312986973213,4378.166666666667,-874.8262203414306,-2121.312986973213
554,1,2019-11-01,5733.908074486994,4647.107411001727,7070.206119816639,4446.416666666667,-960.6580744869943,-2296.9561198166393
556,1,2019-11-01,3454.94004724914,2558.9135133948876,4487.628675772527,3033.75,51.72661941752631,-980.96200910586
557,1,2019-11-01,5748.063393460747,4877.622886585005,7049.422162768891,2353.75,-2756.9800601274133,-4058.3388294355577
561,1,2019-11-01,3093.1179502275177,2233.3710221817173,3932.694144243771,3071.0833333333335,510.0487164391493,-329.52747757710404
563,1,2019-11-01,7206.939466270982,5767.3529474031275,8910.106051045183,4127.583333333333,-2650.189466270982,-4353.3560510451825
564,1,2019-11-01,4423.6796701098065,3665.128021796554,5479.601670107155,3534.25,-774.51300344314,-1830.4350034404883
565,1,2019-11-01,5600.496174815835,4702.051594734327,6806.899321460849,3633.1666666666665,-1577.8295081491683,-2784.2326547941825
566,1,2019-11-01,5522.605312555598,4739.324652828668,6696.763882475273,3853.6666666666665,-1257.4386458889321,-2431.597215808607
569,1,2019-11-01,2777.022672856319,1917.6833269593394,4042.0270814434953,3802.0833333333335,1494.310660477015,229.30625188983868
570,1,2019-11-01,3228.5230559863285,2551.541951205434,4143.908947504438,2687.0833333333335,-165.939722652995,-1081.325614171105
571,1,2019-11-01,4436.037043030059,3387.886875319601,5661.884138832274,3059.25,-990.7870430300591,-2216.6341388322744
573,1,2019-11-01,2542.723968670155,1989.9865894226677,3442.8847545061853,2500.9166666666665,477.27603132984495,-422.88475450618535
575,1,2019-11-01,3470.731411485331,2701.3044007792387,4417.989303019747,2206.3333333333335,-858.3147448186642,-1805.5726363530803
576,1,2019-11-01,4266.241775087747,2693.720540029277,6096.12218053202,5291.833333333333,1476.4248915789194,-353.4555138653541
577,1,2019-11-01,3037.3304573544533,2508.604107116451,3883.4934844065956,2758.8333333333335,-155.3304573544533,-1001.4934844065956
580,1,2019-11-01,4993.93350569063,3924.385108354729,5992.5692107452,3071.4166666666665,-1630.1001723572972,-2628.7358774118666
581,1,2019-11-01,2344.4796194991904,1634.711954251146,3254.5158388162554,2496.8333333333335,419.77038050080955,-490.2658388162554
582,1,2019-11-01,2948.1219722774827,1762.4161314654737,4043.413011737116,3268.5,692.8780277225173,-402.413011737116
583,1,2019-11-01,2088.4615974931007,1449.9559038644109,2791.630215363785,2412.8333333333335,506.7884025068993,-196.38021536378483
584,1,2019-11-01,2203.2725951770085,1430.5413143593078,2694.225886828304,2432.9166666666665,485.9774048229915,-4.975886828303828
585,1,2019-11-01,4081.628002213169,3139.424139695915,5079.616429164264,3456.9166666666665,-383.2113355465026,-1381.199762497598
586,1,2019-11-01,2676.3493498966272,1935.537715131088,3672.10408304036,3905.3333333333335,1381.9006501033728,386.1459169596401
589,1,2019-11-01,1350.5714426128475,1003.7056046902347,2374.1197130138767,2252.9166666666665,1148.845224053819,125.29695365278985
592,1,2019-11-01,4584.929186183828,3812.171939195737,5480.654551524883,1999.4166666666667,-2203.6791861838283,-3099.4045515248827
595,1,2019-11-01,2128.9670504953638,1459.753750785748,2857.5574984971836,2420.0833333333335,371.53294950463624,-357.0574984971836
596,1,2019-11-01,2805.53666244851,1882.7261303329487,4045.8119178917623,2885.75,486.96333755149,-753.3119178917623
597,1,2019-11-01,8044.430192830525,6154.011476331083,9788.73213840239,5421.25,-11.846859497190962,-1756.1488050690568
598,1,2019-11-01,10096.060643198844,9189.856902490805,11396.79813389491,3595.3333333333335,-6075.97730986551,-7376.714800561576
601,1,2019-11-01,2462.121376911662,1683.3889125020662,3387.5208578308766,3583.6666666666665,1568.5452897550044,643.1458088357899
602,1,2019-11-01,5064.060694795485,3819.5290599455693,6098.897332916617,2869.75,-1772.3106947954848,-2807.1473329166174
604,1,2019-11-01,4474.771050092916,3437.68539575555,5618.123837043997,5903.333333333333,1625.64561657375,482.29282962266916
605,1,2019-11-01,3389.059456371787,2490.917055321728,4534.171986666234,3961.8333333333335,791.1072102948801,-354.0053199995673
608,1,2019-11-01,1523.169617593442,1049.5362948030172,1976.1391599692702,197.08333333333334,-890.6696175934419,-1343.6391599692702
609,1,2019-11-01,2036.7661358906855,1410.4734148879434,2998.8824668685206,3128.0,1245.400530775981,283.2841997981459
613,1,2019-11-01,3438.6427743198333,2407.7364459948494,4864.78120184919,4713.5,1846.3572256801667,420.21879815080956
614,1,2019-11-01,2681.275009343459,1825.6777980401564,3629.317098486783,1369.1666666666667,-763.6083426767921,-1711.6504318201162
615,1,2019-11-01,5863.684641992387,4778.37800246092,7211.998409673207,3730.5,-1565.4346419923868,-2913.748409673207
616,1,2019-11-01,2466.4193587239315,1746.9398776001728,3832.602614424387,2901.4166666666665,884.997307942735,-481.18594775772044
618,1,2019-11-01,1420.1495533879922,964.0730044526116,2174.7855811747636,2316.25,968.1004466120078,213.4644188252364
619,1,2019-11-01,3329.6594587472105,2265.6369288881688,4507.2303863695915,4498.833333333333,1664.0072079194556,486.4362802970745
621,1,2019-11-01,2289.6018590948634,1660.7060757977856,2743.0232351089917,2281.0,64.89814090513664,-388.5232351089917
623,1,2019-11-01,3802.284460620294,2314.0900716110436,5424.139679260225,6496.75,3310.882206046373,1689.0269874064415
628,1,2019-11-01,4761.439293186566,3333.083349137538,6828.865233133038,8922.916666666666,4691.144040146766,2623.7181002002944
629,1,2019-11-01,5992.191719674001,3924.961438132021,7988.066083777171,4792.75,-870.3583863406684,-2866.232750443838
630,1,2019-11-01,12245.309379498563,11446.145092779027,13765.780450203349,3293.4166666666665,-8587.892712831897,-10108.363783536683
631,1,2019-11-01,3002.154050109277,2223.1072801942864,4072.986008981439,2817.5833333333335,241.51261655739017,-829.3193423147723
633,1,2019-11-01,3316.3015139191693,2220.8603924525223,4721.272004285462,4181.583333333333,1255.0318194141637,-149.93867095212863
634,1,2019-11-01,4081.247752932541,2898.093289419403,5278.419859942236,4089.9166666666665,234.918913734125,-962.2531932755701
636,1,2019-11-01,1541.2341956303717,1071.1093200138914,2119.850646741672,2031.0,807.1824710362948,228.56601992499463
637,1,2019-11-01,6741.1772776141615,5476.065990921689,8655.420016901899,6440.666666666667,84.73938905250543,-1829.5033502352317
638,1,2019-11-01,3439.5541758911354,2222.243719250653,4549.94761402434,1407.4166666666667,-1771.0541758911354,-2881.4476140243396
639,1,2019-11-01,4598.617562835876,3723.50908979823,5945.000552941299,3137.0833333333335,-874.7842295025425,-2221.1672196079658
641,1,2019-11-01,6084.163261264607,5203.355512271264,6928.701731529442,3129.6666666666665,-2595.2465945979407,-3439.785064862776
642,1,2019-11-01,3115.4925725601506,2094.7905786905317,3886.0803175064593,2845.25,92.59076077318286,-677.9969841731258
643,1,2019-11-01,2970.1013058532135,2327.817293988065,3849.255834768171,3616.4166666666665,961.8986941467865,82.7441652318289
644,1,2019-11-01,1893.721997512404,1328.533885768154,3008.019717489164,3496.9166666666665,1985.111335820929,870.8136158441689
646,1,2019-11-01,3069.4831311004505,2191.754630250237,3958.0657100067306,3636.1666666666665,907.683535566216,19.100956659935946
647,1,2019-11-01,4017.413295155508,3409.621128598091,4862.270466355094,2241.6666666666665,645.4200381778251,-199.43713302176093
648,1,2019-11-01,1395.8166082520574,961.5889423359336,1787.1179720365415,2487.8333333333335,1288.8500584146095,897.5486946301255
649,1,2019-11-01,2286.753494493133,1608.305499044559,2933.7859862356563,3867.3333333333335,2133.079838840201,1486.0473470976776
650,1,2019-11-01,2197.6182181510267,1464.9258463480205,2762.74427402154,2017.9166666666667,309.2151151823068,-255.91094068820667
652,1,2019-11-01,3469.959524806571,2657.8548390357973,4568.702850989,1893.8333333333333,-1250.372024806571,-2349.1153509889996
655,1,2019-11-01,2687.917750089623,2023.2230895923908,3914.4000092644173,2528.3333333333335,302.24891657704393,-924.2333425977504
657,1,2019-11-01,1998.334833971257,1328.7133659923356,2636.9523369249764,2824.75,1001.9984993620765,363.3809964083571
658,1,2019-11-01,5635.434055801201,4528.622844208603,7242.446120922147,4385.833333333333,-990.0173891345348,-2597.029454255481
659,1,2019-11-01,3834.2379304567794,3083.443992253361,4953.263265364774,2715.25,-744.9879304567794,-1864.0132653647743
660,1,2019-11-01,2212.0969476690043,1386.7940351792863,3023.799600625198,3670.0833333333335,1719.9863856643292,908.2837327081356
661,1,2019-11-01,1700.5001865677705,977.4769064850316,2625.398573397788,3569.25,2176.833146765563,1251.9347599355456
662,1,2019-11-01,6604.897952882824,5314.970522271851,8676.906332483206,7141.166666666667,1140.018713783843,-931.989665816539
663,1,2019-11-01,5217.386551550648,3998.181240161063,6473.664448443164,5879.5,909.6134484493523,-346.66444844316356
665,1,2019-11-01,3925.7493866198115,3337.119592431074,5122.368672967198,967.75,-2649.7493866198115,-3846.368672967198
667,1,2019-11-01,5370.339016261782,4186.111284343842,6668.760483279003,3480.25,-1609.3390162617816,-2907.760483279003
668,1,2019-11-01,2997.4785653632634,2207.711703411858,4044.700864089081,1361.8333333333333,-1171.4785653632634,-2218.700864089081
669,1,2019-11-01,2988.307491409864,2341.6761236576667,4073.6233366344777,3428.4166666666665,572.8591752568027,-512.4566699678112
671,1,2019-11-01,3035.147727468861,2145.794905860791,4170.006980406753,2836.0,164.5189391978056,-970.3403137400869
672,1,2019-11-01,3621.85472784139,2967.8254408928783,4387.1690700376175,1997.25,-1254.9380611747233,-2020.252403370951
674,1,2019-11-01,2708.958069674585,2004.3261384773255,3643.027898140626,2345.5833333333335,-148.12473634125172,-1082.1945648072924
675,1,2019-11-01,2796.2847297542517,1965.2036262718912,3801.0967724688353,2957.4166666666665,558.9652702457483,-445.8467724688353
676,1,2019-11-01,5241.8204559896785,3851.86378521771,6959.234193157308,5421.083333333333,683.8462106769875,-1033.5675264906422
677,1,2019-11-01,3947.715312750762,2789.5830405094875,6040.154222850144,5602.166666666667,2179.534687249238,87.09577714985608
678,1,2019-11-01,1693.2969025406614,1233.0159743255667,2324.563431079799,2456.4166666666665,1134.7864307926716,503.5199022535339
679,1,2019-11-01,1625.5705528199871,903.8606945573534,2624.857130193423,2856.0,1352.2627805133463,352.97620313991047
683,1,2019-11-01,3914.760868411748,2728.6870149443967,5058.056313119226,4253.25,730.5724649215849,-412.7229797858927
684,1,2019-11-01,2191.009678664996,1442.3805927861208,3234.0108439404203,3680.8333333333335,1863.740321335004,820.7391560595797
688,1,2019-11-01,3893.6684943907976,2969.6066686497934,5014.059846299534,3935.5833333333335,219.16483894253633,-901.2265129662001
692,1,2019-11-01,2753.005515023464,1852.0486441393427,3811.687538458984,3558.4166666666665,1357.9111516432022,299.22912820768215
696,1,2019-11-01,8100.037961395534,5712.599650399691,10765.660740661251,9214.166666666666,1532.9620386044662,-1132.660740661251
697,1,2019-11-01,3412.2965782299834,2280.0035330939604,4659.942738626091,5519.166666666667,2340.8700884366835,1093.2239280405756
699,1,2019-11-01,2267.768492628717,1497.680102166862,3318.322086752998,3789.5833333333335,1767.3148407046165,716.7612465803354
702,1,2019-11-01,7077.365791790174,5784.9025476228,8410.653642497207,5925.25,-904.5324584568407,-2237.8203091638743
704,1,2019-11-01,14494.499722513625,12686.955210617758,17561.693594633027,9391.25,-4662.749722513625,-7729.943594633027
705,1,2019-11-01,8491.051962271675,7276.077498088142,10252.925125807351,6655.833333333333,-1312.3852956050087,-3074.258459140685
706,1,2019-11-01,4228.359217667376,3026.1497709272026,5510.448305088325,5632.416666666667,1893.8074489992914,611.7183615783424
708,1,2019-11-01,9655.251697188334,6305.353539456857,13513.175624274809,20827.083333333332,11948.081636144998,8090.157709058523
709,1,2019-11-01,3124.509594462273,2481.6753003568315,3910.023238326765,3577.5833333333335,836.6570722043939,51.14342833990213
711,1,2019-11-01,135.86185763992623,135.86185763992623,6488.289919061773,3407.8333333333335,3755.8048090267407,-2596.6232523951057
712,1,2019-11-01,2868.3727320121047,2003.1699864351835,3979.5448331594203,2427.5,47.127267987895266,-1064.0448331594203
714,1,2019-11-01,2598.0600657857813,2034.4059244316,3155.7846519976183,6115.25,3736.3566008808857,3178.6320146690487
716,1,2019-11-01,4574.806185394115,3922.3298166337286,5487.6908693361,2209.25,-2059.3061853941153,-2972.1908693361
719,1,2019-11-01,3999.835012463074,2965.6686577856385,5397.4517262167,4178.25,593.7483208702592,-803.868392883367
720,1,2019-11-01,1255.2123163956064,577.1702365529836,1605.540725014191,1650.0,567.5376836043936,217.2092749858091
721,1,2019-11-01,2221.1121152624564,1577.2665367959294,3510.5270464503405,3198.8333333333335,1218.0545514042105,-71.36037978367358
723,1,2019-11-01,2176.3678873856547,1677.657746786722,2997.65837111425,2949.75,1109.6321126143453,288.3416288857502
724,1,2019-11-01,2742.389764573559,1835.5236363055901,3849.632753275456,2928.5,547.3602354264408,-559.8827532754558
726,1,2019-11-01,2200.5895095255896,1442.3562575516014,3223.788888500324,3743.6666666666665,2039.0771571410764,1015.8777781663421
727,1,2019-11-01,2270.905528533462,1664.1338688893175,3366.120854292304,3376.8333333333335,1294.4278047998714,199.21247904102938
728,1,2019-11-01,2296.27790023032,1534.2714745238736,3251.5009808319983,2756.3333333333335,1010.1387664363469,54.91568583466869
729,1,2019-11-01,3251.253668445415,2429.9785740978095,4601.323698260865,2073.6666666666665,-523.9203351120818,-1873.990364927532
731,1,2019-11-01,2849.526212176562,1831.3123335580865,3933.226673573879,3182.75,656.0571211567717,-427.6433402405455
732,1,2019-11-01,2597.3532521651323,1711.0169931578914,3557.744092584426,3265.9166666666665,1030.5634145015342,70.17257408224032
733,1,2019-11-01,9183.22174454077,7572.146818158623,10963.062764263716,4428.166666666667,-4081.8050778741026,-5861.6460975970485
734,1,2019-11-01,1471.377369637873,1074.4192446565803,2085.303854491484,2076.4166666666665,871.45596369546,257.52947884184914
737,1,2019-11-01,5905.346325352551,4745.021366899304,7546.597232971702,2529.9166666666665,-2720.8463253525506,-4362.097232971702
738,1,2019-11-01,6777.850304114163,5333.821640115789,8635.212749993712,5331.166666666667,-716.183637447496,-2573.5460833270454
742,1,2019-11-01,4588.443944421218,3316.4799867088673,6265.346531575595,4229.416666666667,424.8893889121164,-1252.0131982422608
743,1,2019-11-01,2627.2175096726864,1828.1820112493751,3413.9675842808247,2707.5833333333335,324.36582366064704,-462.3842509474912
744,1,2019-11-01,2777.903362988007,1979.6329939849024,3603.0044481717296,3724.9166666666665,1087.4299703453262,262.32888516160347
746,1,2019-11-01,3783.5129286869437,2870.8134028603044,4527.128470664107,2524.0,-1030.9295953536102,-1774.5451373307737
747,1,2019-11-01,2395.7229575699193,1666.1952477118903,3155.450273216351,2402.3333333333335,162.44370909674763,-597.283606549684
748,1,2019-11-01,2515.7017753125097,1789.6985584575718,3521.062883970435,3127.8333333333335,949.2982246874903,-56.062883970434996
750,1,2019-11-01,2082.8820746003757,1317.4714908254946,3052.8998798130924,2513.75,772.7845920662908,-197.2332131464259
751,1,2019-11-01,3818.55434844448,2652.5585592722186,5399.630110706741,4139.75,749.4456515555198,-831.6301107067411
752,1,2019-11-01,4362.206151643183,2872.0211178960785,5657.291488138711,5402.416666666667,1548.2938483568169,253.20851186128857
753,1,2019-11-01,2444.6040019198745,1636.3949309354164,3182.3902865536375,2640.6666666666665,486.81266474679205,-250.97361988697094
754,1,2019-11-01,6059.226773256326,5124.78385470362,7019.81012065532,2734.75,-2923.3934399229925,-3883.9767873219866
755,1,2019-11-01,2001.958116374444,1397.6428089392255,2683.0712270091913,1928.0833333333333,225.20855029222253,-455.90456034252475
756,1,2019-11-01,4389.998545770784,2706.502351802846,5918.988010159313,4937.583333333333,1099.6681208958817,-429.3213434926465
757,1,2019-11-01,5197.759449500857,3994.1710376858255,6307.275546606681,3852.6666666666665,-835.759449500857,-1945.275546606681
758,1,2019-11-01,2119.0567062435084,1479.5170824166253,3290.561674177752,3598.3333333333335,1815.276627089825,643.7716591555813
759,1,2019-11-01,3399.0694167731735,2425.734738113616,4726.533819939267,6212.5,3311.4305832268265,1983.9661800607328
760,1,2019-11-01,4384.595645484726,3740.2685089139222,5681.388608798882,3129.8333333333335,-854.4289788180595,-2151.221942132215
762,1,2019-11-01,3793.032904738195,2994.5586438767036,4908.629138088731,3108.1666666666665,-275.53290473819516,-1391.1291380887315
763,1,2019-11-01,8394.019947851619,6936.667565657088,9648.688880256526,8593.833333333334,446.7300521483812,-807.9388802565263
764,1,2019-11-01,3911.1442223092927,2852.743697101754,4848.974552719041,2588.8333333333335,-939.0092223092925,-1876.8395527190405
771,1,2019-11-01,2659.6745903622823,1758.8469468989852,3742.873640907585,3221.75,1123.4920763043842,40.2930257590815
772,1,2019-11-01,2492.2528309300146,1881.98107070427,3280.749423217636,3839.5833333333335,1817.3305024033193,1028.833910115698
773,1,2019-11-01,3137.682690099776,2275.7386784037153,4066.72244118807,919.0833333333334,-1826.8493567664427,-2755.8891078547367
774,1,2019-11-01,2437.6892712698486,1728.2252714933948,3674.030314687251,2782.9166666666665,756.2273953968179,-480.1136480205846
776,1,2019-11-01,7721.254401459411,5501.729066018937,9539.914387008088,8121.25,1206.2455985405886,-612.4143870080879
779,1,2019-11-01,6656.262461217668,5703.743771416413,7371.335135347083,2722.4166666666665,-3565.179127884335,-4280.25180201375
780,1,2019-11-01,2289.663988527675,1598.6834826116933,3113.1176547537107,4864.833333333333,2860.752678138991,2037.2990119129554
782,1,2019-11-01,7742.353225364046,6979.106120535842,8621.671601243848,3097.4166666666665,-2483.603225364046,-3362.9216012438483
783,1,2019-11-01,2271.6213507153293,1501.2609654091395,3007.1347910819713,2480.75,381.1286492846707,-354.38479108197134
789,1,2019-11-01,3315.238917311411,2305.314870122615,4831.089384012072,4149.0,1151.844416021922,-364.0060506787386
790,1,2019-11-01,3412.65378465761,2701.010002122597,4683.491177030196,3863.4166666666665,702.5962153423902,-568.241177030196
791,1,2019-11-01,2745.6329088181783,1699.778083408168,3761.4435009155695,3271.9166666666665,865.9504245151547,-149.8601675822365
793,1,2019-11-01,2475.5960766997473,1678.5076341268548,3232.795170270183,3549.4166666666665,1875.1539233002527,1117.954829729817
794,1,2019-11-01,1508.972131787421,1072.792355521357,2249.1432247612993,2468.4166666666665,1329.027868212579,588.8567752387007
795,1,2019-11-01,8062.165273119684,7041.5842315622895,9669.187478376074,6326.5,-1271.6652731196837,-2878.687478376074
797,1,2019-11-01,2984.1131087727517,1832.6762817644237,4137.403203303351,5167.083333333333,2436.3868912272483,1283.096796696649
798,1,2019-11-01,4193.914395450502,2744.0811639106596,5533.767073512699,4089.6666666666665,303.0856045494984,-1036.7670735126994
799,1,2019-11-01,2714.8935617318352,1815.075001807495,3689.332355142084,2627.0833333333335,276.18977160149825,-698.2490218087505
801,1,2019-11-01,2028.6142005027577,1477.6286870036538,2945.9191167424233,1931.25,80.38579949724226,-836.9191167424233
802,1,2019-11-01,5102.562105544157,3891.106440462826,6617.003752510222,4989.333333333333,538.854561122509,-975.5870858435555
803,1,2019-11-01,3392.9119358534936,2194.5470242290403,4242.9673235436285,3873.9166666666665,766.6713974798395,-83.38399021029545
804,1,2019-11-01,4053.4471305467505,3146.3440679643413,5186.447756813834,2521.0,-1022.6971305467505,-2155.6977568138336
807,1,2019-11-01,2208.2845644558147,1485.4135615946725,3172.0439101000125,3207.25,1173.0487688775188,209.28942323332103
808,1,2019-11-01,7538.599648689418,6449.404061889647,8527.341363760113,3003.75,-4388.349648689418,-5377.091363760113
810,1,2019-11-01,5337.7730902826315,4449.786251184233,6539.060795521131,1878.3333333333333,-3034.5230902826315,-4235.810795521131
811,1,2019-11-01,7395.398626605079,5867.368593356198,8675.128104632928,7057.833333333333,66.01804006158727,-1213.7114379662617
814,1,2019-11-01,3962.503965112578,2682.1514135005227,5456.577312592037,1358.5,-2143.003965112578,-3637.077312592037
816,1,2019-11-01,2762.477089899162,2003.8452427153093,3766.371381415619,3023.75,808.4395767675046,-195.45471474895248
819,1,2019-11-01,2667.7339609307746,1844.8770012163207,3489.168375711101,3124.5833333333335,953.4327057358923,131.99829095556606
820,1,2019-11-01,5424.135904416065,4579.572835855832,6874.701125814547,3491.8333333333335,-1638.7192377493984,-3089.2844591478797
821,1,2019-11-01,1558.1875752831509,975.6895034709639,2523.1743791613185,1501.25,137.31242471684914,-827.6743791613185
822,1,2019-11-01,2383.422290982597,1525.6672533064043,3419.1563505272525,2878.3333333333335,765.0777090174029,-270.65635052725247
823,1,2019-11-01,2867.834489664685,2023.563567005946,3912.7905073624765,3458.0,1023.915510335315,-21.040507362476546
825,1,2019-11-01,7655.156276246019,6708.186318387493,8778.002207091324,4974.666666666667,-2381.072942912685,-3503.91887375799
826,1,2019-11-01,2469.9990037987586,1543.3023105399607,3747.556135090026,4808.75,2759.0009962012414,1481.4438649099739
827,1,2019-11-01,2619.0868407108014,1939.070129562512,3628.8385509809323,2582.0,102.66315928919857,-907.0885509809323
828,1,2019-11-01,5224.115729993295,4192.71301516363,6165.199735553691,2992.1666666666665,-1624.4323966599613,-2565.516402220358
831,1,2019-11-01,3141.9103729189505,2309.209138348936,4175.56684671439,3109.6666666666665,460.1729604143825,-573.4835133810566
832,1,2019-11-01,3814.456767880125,2608.891698661456,5058.879426180512,4194.083333333333,498.4598987865411,-745.9627595138463
837,1,2019-11-01,2488.081621223035,1688.5107945399695,3416.596755183664,3007.6666666666665,1176.4183787769648,247.90324481633616
839,1,2019-11-01,3299.1353310357417,2113.4468719705983,4524.026061567813,4532.0,1547.6980022975913,322.80727176552045
840,1,2019-11-01,16725.58785458513,14560.64742774697,19152.295165778287,7369.333333333333,-8786.421187918464,-11213.12849911162
843,1,2019-11-01,2558.9521155845914,2121.1563762757014,3255.6552501852084,2360.4166666666665,2.964551082075104,-693.7385835185419
844,1,2019-11-01,1950.2666014629383,1331.088807123505,3103.0223584411506,1512.4166666666667,-317.4332681296048,-1470.189025107817
845,1,2019-11-01,3940.8243688164334,3251.831858500695,4950.720480839058,3059.1666666666665,-688.2410354831004,-1698.137147505725
846,1,2019-11-01,7204.9689844229915,6054.515689270554,8010.916413383495,5646.75,-1067.4689844229915,-1873.4164133834947
847,1,2019-11-01,5684.083220324451,4873.7916803205335,6805.636650981051,2322.0,-3032.4998869911174,-4154.053317647718
848,1,2019-11-01,4256.935523850799,3070.1335158430675,6020.428794158651,5696.833333333333,1966.5644761492013,203.07120584134918
849,1,2019-11-01,2130.1093529119103,1488.3191445558564,3319.0612135784218,3652.3333333333335,2055.9739804214237,867.0221197549122
850,1,2019-11-01,4280.718177308151,3212.2790704446534,5207.756847702726,3340.5833333333335,-546.5515106414841,-1473.5901810360592
851,1,2019-11-01,2686.2479798262348,1835.0642652547804,3571.156475866628,2616.5833333333335,177.00202017376523,-707.9064758666282
852,1,2019-11-01,6827.543934417782,6141.504841517844,7945.173808166549,3346.3333333333335,-1130.043934417782,-2247.673808166549
855,1,2019-11-01,1715.8785423798643,1262.3591617051097,2481.4254437957234,1879.75,410.9547909534692,-354.5921104623899
856,1,2019-11-01,10637.827651128462,8128.7714797653425,11698.362662424937,9526.5,-469.74431779512815,-1530.2793290916034
858,1,2019-11-01,5364.615174354465,4683.690698104905,6457.255769710761,2564.5,-586.5318410211312,-1679.1724363774274
859,1,2019-11-01,3680.645043724855,2773.019743476007,4723.967463133539,2710.9166666666665,-651.061710391522,-1694.3841298002062
860,1,2019-11-01,7506.22366259013,5979.610466567181,8786.031886119923,5232.583333333333,-1849.7236625901296,-3129.531886119923
862,1,2019-11-01,4599.2899570794,3724.939755716605,5753.902728915008,3573.5833333333335,-499.3732904127328,-1653.986062248341
863,1,2019-11-01,2537.6510279666427,1781.713095690839,3461.9926931727023,2867.1666666666665,479.0156387000238,-445.32602650603576
865,1,2019-11-01,6476.480948144915,5463.273418404476,7557.589915671242,3148.8333333333335,-3154.0642814782477,-4235.173249004575
866,1,2019-11-01,3928.6596890661963,2939.8949644991685,5529.1813780309685,5158.666666666667,1513.5069776004707,-87.01471136430155
868,1,2019-11-01,5414.340891255647,4448.42312600937,6626.411602378695,2587.1666666666665,-2426.340891255647,-3638.4116023786946
869,1,2019-11-01,2387.397885221722,1692.2568756110634,3494.2525320008335,2851.6666666666665,761.1854481116111,-345.6691986675005
870,1,2019-11-01,4169.028585320222,2932.3886813472113,5675.6421424910695,5966.083333333333,2132.304748013111,625.6911908422635
871,1,2019-11-01,5032.3512121560325,4131.164047272837,5897.29028020173,1887.5,-2875.767878822699,-3740.7069468683962
872,1,2019-11-01,5055.854871916444,4037.0338280640394,6127.990342709876,2625.4166666666665,-2114.2715385831107,-3186.407009376543
875,1,2019-11-01,1571.7326530479822,834.2563179674746,2552.520171037601,3492.25,2184.5173469520178,1203.729828962399
876,1,2019-11-01,3268.6575861660026,2306.7887525902474,4663.585366480647,4151.416666666667,1467.0924138339974,72.16463351935272
877,1,2019-11-01,4616.720663743184,3548.374469254343,5780.507655898602,2859.75,-1136.7206637431836,-2300.507655898602
879,1,2019-11-01,3055.5410175119364,2413.23141418917,3791.908387427214,1892.8333333333333,-707.5410175119364,-1443.9083874272142
882,1,2019-11-01,2345.0149372826518,1779.0892579906454,3224.6905165962403,3061.9166666666665,1100.0683960506813,220.39281673709274
883,1,2019-11-01,3962.384070950178,2845.3175229161416,5937.570437613349,4527.75,808.4492623831552,-1166.737104280016
884,1,2019-11-01,4556.398696361356,3663.700507449093,5457.075480321153,3567.6666666666665,-720.7320296946896,-1621.4088136544865
885,1,2019-11-01,1616.1169723758615,1108.9233186568028,2156.498601846195,2361.1666666666665,799.9663609574716,259.584731487138
888,1,2019-11-01,2696.461882575118,1767.4608503018812,3845.3123909206597,2797.1666666666665,372.7047840915484,-776.1457242539932
890,1,2019-11-01,3140.930006472923,2213.1025067040455,4404.055780013916,4348.416666666667,1495.8199935270768,232.69421998608414
891,1,2019-11-01,3768.055592020531,2802.377746407004,4725.571967285024,2904.5,-304.9722586871976,-1262.4886339516902
895,1,2019-11-01,3135.337821667271,2291.504912396987,4067.386303117968,2636.0,95.91217833272913,-836.136303117968
897,1,2019-11-01,1740.2066166950997,1186.8995575258823,2108.5681642944664,2249.6666666666665,767.7933833049003,399.43183570553356
898,1,2019-11-01,2013.0588822594705,1416.4093604618956,2348.5740468231634,1657.75,-36.72554892613721,-372.2407134898301
900,1,2019-11-01,2920.8596107450376,1960.307955769757,3849.834255495064,2741.3333333333335,294.64038925496243,-634.3342554950641
901,1,2019-11-01,2388.9260276706996,1658.7104566214944,3282.188303061059,3055.9166666666665,763.9073056626335,-129.3549697277258
905,1,2019-11-01,6812.6191913501425,5124.910619679209,8362.163204113816,8075.083333333333,1638.0474753165236,88.50346255284967
906,1,2019-11-01,3363.4570402736595,2430.5292169952745,4502.7705057629455,1762.8333333333333,-965.7570402736596,-2105.0705057629457
908,1,2019-11-01,3139.5074496648735,2414.8858779784764,3904.561512667927,3854.6666666666665,933.5758836684595,168.5218206654058
909,1,2019-11-01,13498.7205747705,11748.352201574628,14140.177920094584,4085.25,-3210.637241437167,-3852.094586761252
912,1,2019-11-01,3016.1486363640097,2127.9230012762973,4042.930946925495,3949.5833333333335,1157.4346969693242,130.652386407839
913,1,2019-11-01,1591.3039926687836,1068.4811557825844,2279.819077528675,2373.0,1064.0293406645499,375.51425580465866
914,1,2019-11-01,4832.993365652468,3912.5490147724786,5668.2606278266485,3846.6666666666665,1180.839967680865,345.57270550668454
917,1,2019-11-01,2402.4229403531244,1442.517642721186,3331.4351735215805,3408.3333333333335,1152.160392980209,223.14815981175298
918,1,2019-11-01,3151.815762287928,2186.0566223061605,4033.821038034778,2432.8333333333335,-223.39909562126104,-1105.4043713681112
920,1,2019-11-01,1421.8860930916373,1045.5955899009894,1749.6883710349045,2392.0,1208.6972402416961,880.8949622984289
921,1,2019-11-01,7919.813902130245,6643.055933833277,9116.545795624785,4501.083333333333,-3239.980568796912,-4436.712462291452
928,1,2019-11-01,2200.127824096205,1181.8894766071398,2970.4362271673444,2695.5833333333335,998.1221759037949,227.81377283265556
931,1,2019-11-01,3898.343630906391,2559.1085243249263,5095.397013896458,5772.5,2362.153035760276,1165.099652770209
932,1,2019-11-01,5405.544924223187,4600.062208434114,6680.533936924747,2847.6666666666665,-2227.294924223187,-3502.2839369247467
933,1,2019-11-01,2353.7642440831023,1569.211819769077,3439.5179586692316,3607.5,1700.4024225835642,614.6487079974349
938,1,2019-11-01,4742.9806728999465,3560.780323872972,6229.293742543261,4244.5,-28.230672899946512,-1514.543742543261
939,1,2019-11-01,2849.2215956845002,1792.1636956012778,3896.6652046002855,2901.5833333333335,543.1117376488332,-504.331871266952
940,1,2019-11-01,3768.4126977837864,2662.3090264449397,4735.094534578612,3483.3333333333335,214.67063554954711,-752.0112012452787
942,1,2019-11-01,5807.259883595801,4554.030880001988,7291.020667420288,4928.25,-340.09321692913363,-1823.8540007536212
944,1,2019-11-01,8794.148393139789,6787.71128246946,11933.53656083771,9942.333333333334,1604.268273526879,-1535.1198941710427
946,1,2019-11-01,3034.7466817809322,2068.8518547276435,3877.3501944116356,3311.0833333333335,589.7599848857344,-252.84352774496892
947,1,2019-11-01,6087.1872524441005,4971.292734354087,6977.899867323436,2886.4166666666665,-2780.1039191107675,-3670.8165339901034
948,1,2019-11-01,2534.57825680619,1881.3169424519624,3418.86737482221,3093.25,733.17174319381,-151.11737482220997
949,1,2019-11-01,5337.860730873757,3819.39409625382,6546.041071640206,5307.0,281.3059357929096,-926.8744049735387
951,1,2019-11-01,2498.199465343372,1887.8895420306226,3224.214535217886,2222.0,105.13386798996135,-620.8812018845524
952,1,2019-11-01,8454.536241183925,6242.095034157629,11114.053409203267,10564.583333333334,2773.630425482743,114.11325746340117
954,1,2019-11-01,5891.692042152543,5376.749826104847,7012.4477229531785,3163.5833333333335,-2448.6087088192094,-3569.364389619845
955,1,2019-11-01,1531.434426083335,1043.2752447390753,2198.3361956557883,2828.6666666666665,1512.4822405833315,845.5804710108782
957,1,2019-11-01,5106.853791815235,3614.467358538539,6351.800931553695,3149.0833333333335,-1379.5204584819016,-2624.467598220361
961,1,2019-11-01,5222.873291494514,4189.09281312182,6767.460813601574,2221.6666666666665,-2470.373291494514,-4014.960813601574
962,1,2019-11-01,2049.1284926777744,1499.6774967361812,2815.577997937362,2855.1666666666665,1199.9548406555587,433.5053353959711
963,1,2019-11-01,2634.2104430791587,1909.9230038705527,3772.3542646483133,3476.1666666666665,1528.8728902541743,390.7290686850197
964,1,2019-11-01,2544.504477853848,1611.291431795742,3401.2872375517363,3785.1666666666665,1538.078855479485,681.2960957815967
970,1,2019-11-01,3774.8334378244326,2739.782372961815,4850.786110625032,3723.4166666666665,501.9998955089004,-573.952777291699
972,1,2019-11-01,6375.888720468328,4736.358015199725,7932.716959694583,4181.416666666667,268.1946128650061,-1288.6336263612493
973,1,2019-11-01,3277.378827149935,2734.66537861333,3830.382491617179,2087.5833333333335,-842.2954938166017,-1395.2991582838454
976,1,2019-11-01,6975.595903166958,5460.5034374495335,8700.146558530587,5222.416666666667,-1309.4292365002912,-3033.97989186392
977,1,2019-11-01,3657.0563411692788,2351.7044002324146,4364.469991958693,1906.0833333333333,-1465.9730078359457,-2173.38665862536
979,1,2019-11-01,3102.4816335462247,2204.8909309564797,4214.626307076113,2723.1666666666665,131.85169978710837,-980.2929737427803
980,1,2019-11-01,2163.0989326748577,1360.5864461467104,2965.5344009084524,2004.5833333333333,79.65106732514232,-722.7844009084524
983,1,2019-11-01,3292.4168386929364,2440.9438139043887,4071.744486297017,3999.4166666666665,932.4998279737297,153.17218036964914
984,1,2019-11-01,6230.421737156076,5569.84548983462,7577.107237082202,2744.0,-3169.0050704894097,-4515.690570415536
985,1,2019-11-01,8167.596970276312,6881.608478827884,9755.724221855922,4304.5,-3403.0136369429792,-4991.140888522589
986,1,2019-11-01,2633.040478544092,1826.994946977466,3672.4045791098574,4000.8333333333335,1878.959521455908,839.5954208901426
987,1,2019-11-01,9446.262258583109,8633.589033436909,11137.686621159539,5127.666666666667,-4079.7622585831086,-5771.186621159539
988,1,2019-11-01,3670.105160696912,2734.5401860702245,4902.587976960404,3319.3333333333335,-136.3551606969122,-1368.8379769604044
989,1,2019-11-01,13774.50070987343,9044.890220129866,19167.447309042487,9459.5,-3760.0007098734295,-9152.947309042487
990,1,2019-11-01,2186.390689883539,1616.39634549726,3005.945260151736,2262.5,197.60931011646107,-621.945260151736
992,1,2019-11-01,4672.111445301384,3437.068483072304,5986.789007293952,4573.416666666667,195.13855469861574,-1119.5390072939517
994,1,2019-11-01,1918.4678431482948,1356.008080962776,2632.094011585367,816.25,-779.4678431482948,-1493.0940115853668
996,1,2019-11-01,6122.494391532158,5034.114912712832,7169.86418367626,3349.5,-2360.5777248654917,-3407.9475170095934
997,1,2019-11-01,7968.393367435331,6727.083553213692,8992.359063352658,4580.25,-3136.810034101998,-4160.775730019325
1002,1,2019-11-01,2.958204086400672,2.958204086400672,1924.845227266417,3232.3333333333335,3445.7084625802663,1523.82143940025
1003,1,2019-11-01,12398.752231177266,10136.495538504336,14778.745426265368,6710.5,-5192.085564510599,-7572.078759598701
1006,1,2019-11-01,3823.9538668770037,2942.8997809568787,4961.675865038294,3712.5,361.1294664563293,-776.5925317049614
1008,1,2019-11-01,3009.733773726598,2008.4574885567235,4146.355368688892,3788.5,1011.5995596067355,-125.02203535555827
1009,1,2019-11-01,1641.215517134001,1167.5550894164357,2212.2305222707146,2394.4166666666665,1007.8678161993321,436.85281106261846
1012,1,2019-11-01,1992.026262505948,1288.8149299849276,2920.7363290276458,2737.9166666666665,878.2237374940521,-50.48632902764575
1016,1,2019-11-01,480.26542749840297,227.59498863542328,966.6403790286706,46.083333333333336,-415.0987608317363,-901.473712362004
1018,1,2019-11-01,6313.792868642381,5727.876069043597,7264.455251284491,2650.4166666666665,-3173.209535309048,-4123.871917951158
1019,1,2019-11-01,4168.824888759043,3022.2254056111387,5429.216489074773,2494.0,-1404.241555425709,-2664.633155741439
1020,1,2019-11-01,6657.9650736098165,5602.081567380081,7863.989683387723,4510.166666666667,-1691.3817402764826,-2897.406350054389
1022,1,2019-11-01,5745.185802624861,4763.119896607735,6881.984902658958,2989.6666666666665,-2407.0191359581945,-3543.8182359922916
1024,1,2019-11-01,3498.3904480148212,2466.3145128610545,4955.830038185831,5464.416666666667,2486.4428853185127,1029.0032951475032
1026,1,2019-11-01,2913.36840203496,2347.8803709443378,3450.305062996549,1418.0,-1134.9517353682934,-1671.8883963298824
1027,1,2019-11-01,5306.316738114889,3932.3651558205893,6538.43927476287,5137.166666666667,464.34992855177825,-767.7726080962029
1028,1,2019-11-01,7598.795725477593,6174.1298735490855,9623.302397351723,6760.166666666667,-144.12905881092593,-2168.635730685056
1029,1,2019-11-01,3168.5566636739545,2137.0240052722966,4102.978045494838,3049.0833333333335,361.1933363260455,-573.2280454948377
1030,1,2019-11-01,2555.3746938318177,1682.3922744148417,3395.852177692744,3746.9166666666665,1428.0419728348488,587.5644889739224
1031,1,2019-11-01,3662.2034083611397,2288.337385941507,4836.842294207778,4480.166666666667,1326.5465916388603,151.90770579222226
1034,1,2019-11-01,7028.314909206332,5373.53751671906,8867.285439740359,4630.75,-1822.6482425396653,-3661.618773073692
1039,1,2019-11-01,4987.190714511173,4207.639211088073,5690.3829548738295,963.8333333333334,-3742.7740478445057,-4445.9662882071625
1041,1,2019-11-01,3250.8268198671385,2384.0151248921143,4308.676246636103,2710.1666666666665,-87.99348653380548,-1145.8429133027703
1046,1,2019-11-01,5763.751783576902,4846.11146635316,7283.686763278805,3059.5833333333335,-358.08511691023523,-1878.0200966121383
1047,1,2019-11-01,5979.89933043642,4594.509202943535,7074.633842157583,4462.833333333333,-1102.6493304364203,-2197.383842157583
1048,1,2019-11-01,3454.9601897565726,2297.753110195211,4993.751331958311,4489.833333333333,1673.2898102434274,134.4986680416887
1050,1,2019-11-01,6904.228996298351,5927.328981596228,8000.29569380612,2994.8333333333335,-3387.7289962983514,-4483.79569380612
1052,1,2019-11-01,7091.9311362170865,5469.673979764252,8794.659360040163,2350.8333333333335,-4451.347802883753,-6154.076026706829
1053,1,2019-11-01,7139.297097646199,5858.468827026532,8645.707148831549,4630.916666666667,-2072.0470976461993,-3578.4571488315487
1054,1,2019-11-01,2598.9875204682926,1710.6982432817572,3392.4369153883836,3839.75,1468.429146198374,674.979751278283
1058,1,2019-11-01,5109.275084457749,4249.972092397303,6346.951817319094,2933.0,-1954.858417791082,-3192.535150652427
1060,1,2019-11-01,2904.0079954373314,2118.212912384665,4040.5773222787157,1795.5833333333333,-653.0079954373314,-1789.5773222787157
1063,1,2019-11-01,5829.260545600595,4891.736225169518,6827.415854549291,3158.1666666666665,-2346.515545600595,-3344.670854549291
1066,1,2019-11-01,11264.461160832589,10186.342336337175,12523.919153393363,4510.333333333333,-6581.877827499256,-7841.33582006003
1067,1,2019-11-01,3792.74302314948,2823.319197332854,5090.6059451429155,3482.5,265.25697685052,-1032.6059451429155
1069,1,2019-11-01,3842.8872121812346,3051.5615633506095,4984.150007178344,3821.0,527.4461211520984,-613.8166738450109
1070,1,2019-11-01,3451.749886459149,2595.4992683283435,4789.749484746741,4294.0,1083.750113540851,-254.24948474674056
1072,1,2019-11-01,3997.8888432905146,3291.720640707675,4585.584662975252,3334.75,-192.88884329051461,-780.5846629752523
1073,1,2019-11-01,3731.5510745347938,2662.465681221739,4789.780704080015,2938.6666666666665,-434.05107453479377,-1492.2807040800153
1074,1,2019-11-01,2350.1664611820543,1706.5666627429591,3360.408020889881,2734.9166666666665,699.9318721512791,-310.3096875565475
1075,1,2019-11-01,6083.492332059459,5212.322344580303,7194.313572535415,4291.666666666667,-1328.242332059459,-2439.063572535415
1076,1,2019-11-01,2706.7099326339494,1887.3116740222008,3700.0413136368334,3111.8333333333335,737.3734006993841,-255.95798030349988
1077,1,2019-11-01,4555.782230931714,4196.461135550671,4994.315846868987,1003.6666666666666,-3231.2822309317144,-3669.815846868987
1078,1,2019-11-01,5901.724400810673,4435.069450281705,7466.911559662972,4798.0,-493.80773414400574,-2058.9948929963048
1079,1,2019-11-01,7358.599414915951,5590.93038861557,9619.23471147587,8607.833333333334,1703.9839184173834,-556.6513781425365
1080,1,2019-11-01,3059.2771960883247,2394.14692547292,3987.290481613697,2451.0833333333335,-395.2771960883247,-1323.290481613697
1081,1,2019-11-01,9028.839230158757,7252.650894576393,10771.29119320128,4222.166666666667,-2187.9225634920904,-3930.3745265346124
1082,1,2019-11-01,3353.504330747121,2300.9855807965096,4659.908115749517,2827.8333333333335,-207.504330747121,-1513.9081157495166
1083,1,2019-11-01,8453.9123820042,7688.775083898319,9560.542751470484,3214.0,-4860.6623820042005,-5967.292751470484
1084,1,2019-11-01,4325.505296518814,2963.9139310118912,5827.046306326831,5355.166666666667,1547.0780368145197,45.537027006503195
1086,1,2019-11-01,3642.37965273316,2506.4297718038547,5384.2399874646235,6356.166666666667,3256.62034726684,1514.7600125353765
1087,1,2019-11-01,2047.5900946876022,1316.3437677311085,3038.343294918862,2583.0833333333335,863.3265719790647,-127.42662825219486
1088,1,2019-11-01,3323.968745492045,1930.0113783039362,4560.430885588268,2915.1666666666665,-23.55207882537843,-1260.0142189216017
1089,1,2019-11-01,4020.4275709553594,2786.707833636321,5317.721354482932,4291.75,817.9890957113075,-479.30468781626496
1091,1,2019-11-01,3588.2487040820756,2220.982665042126,4742.469667129746,4490.833333333333,1168.5846292512574,14.363666203586945
1094,1,2019-11-01,2029.9808476916305,1273.6937592367476,3295.623722217491,3453.5,1827.102485641703,561.4596111158426
1095,1,2019-11-01,2713.7656617371663,1846.5655831093586,3730.8050774134817,1909.8333333333333,-375.7656617371663,-1392.8050774134817
1096,1,2019-11-01,6795.03042347519,5957.300412966233,7937.03131035555,3448.25,-2903.3637568085237,-4045.3646436888835
1097,1,2019-11-01,2795.7814948727682,1926.5398687211164,3576.6294166018197,2695.25,318.05183846056525,-462.7960832684862
1098,1,2019-11-01,18459.965105919717,16483.164627707032,20127.957126843758,2871.3333333333335,-8927.965105919717,-10595.957126843758
1100,1,2019-11-01,7272.464727411962,5594.599858521879,9437.38878020702,4984.583333333333,-1924.7980607452955,-4089.7221135403543
1102,1,2019-11-01,9083.022693196224,7263.5553473497075,10900.990665075842,7894.416666666667,-572.9393598628903,-2390.907331742508
1103,1,2019-11-01,4371.369944996109,3499.4990260082686,4853.967991561525,2143.5833333333335,-1765.7866116627752,-2248.3846582281917
1104,1,2019-11-01,6145.593431290871,4973.687932241149,7569.7072566751385,3345.0833333333335,-2349.2600979575377,-3773.373923341805
1105,1,2019-11-01,6473.517450136446,5795.6483964578765,7419.085871894149,1842.0,-4312.850783469779,-5258.419205227483
1106,1,2019-11-01,2766.3065184208667,2077.5883624682856,3580.595316111246,1731.9166666666667,-845.5565184208667,-1659.8453161112461
1107,1,2019-11-01,4072.579334420548,2987.163349283084,5258.996254818303,3376.3333333333335,-50.912667753881124,-1237.329588151636
1114,1,2019-11-01,2583.620315138868,1750.213211305354,3528.7886370101214,3092.9166666666665,972.8796848611319,27.71136298987858
1115,1,2019-11-01,5752.378154349562,4889.24526506987,6763.860095210616,2516.5,-2862.8781543495616,-3874.3600952106162
1116,1,2019-11-01,8658.23331548984,7539.667706831022,9666.492733208053,3542.4166666666665,-4937.399982156508,-5945.65939987472
1117,1,2019-11-01,8847.295516060703,7648.119987402472,9829.950499051396,2307.5833333333335,-6348.295516060703,-7330.950499051396
1118,1,2019-11-01,9639.345466181074,7433.839847022307,11702.991884939034,6925.333333333333,-1968.9287995144077,-4032.575218272368
1121,1,2019-11-01,7746.515761267363,6252.086892233744,9521.283305716124,7030.416666666667,-193.7657612673629,-1968.5333057161242
1123,1,2019-11-01,1655.7306654359795,1281.903899231383,2397.4340391117607,2324.6666666666665,1051.1026678973535,309.3992942215723
1125,1,2019-11-01,3908.928873261859,2863.1202810998984,5418.538133477644,5409.75,1958.3211267381412,448.7118665223561
1127,1,2019-11-01,5133.388943962577,4423.42279789694,6290.72002731368,2965.8333333333335,-1828.8056106292438,-2986.136693980346
1128,1,2019-11-01,2467.3666253342026,1611.5184535866156,3343.9831381035715,2883.8333333333335,793.2167079991309,-83.399804770238
1129,1,2019-11-01,6248.438016778665,5319.537768136735,7242.94220290087,2870.75,-2859.6046834453314,-3854.1088695675367
1130,1,2019-11-01,6253.247162752223,4936.432482063782,7346.688393164038,3696.25,-2144.8304960855558,-3238.2717264973708
1131,1,2019-11-01,7455.62312613058,6367.777876659459,8970.880880059392,1640.1666666666667,-5380.956459463913,-6896.2142133927255
1133,1,2019-11-01,2719.353053496367,1945.2335194841216,3606.8292979124567,3883.25,1471.8136131703,584.3373687542103
1135,1,2019-11-01,5197.724907009934,3977.5787671894923,6134.37285649279,5667.5,695.1084263233988,-241.53952315945662
1137,1,2019-11-01,3069.9967567567583,2045.1579625795575,3880.9216433260513,2788.75,-11.830090090091744,-822.7549766593847
1138,1,2019-11-01,6455.736892643529,5836.656794117217,8261.452068357587,3490.5,-2485.4868926435292,-4291.2020683575865
1140,1,2019-11-01,3856.6850953656267,2801.150543971983,5025.6897967233435,4612.583333333333,981.2315713010394,-187.77313005667747
1141,1,2019-11-01,2937.042873896461,2164.2428673792715,4032.0075563058435,2272.1666666666665,-160.54287389646106,-1255.5075563058435
1142,1,2019-11-01,4843.253627537711,3226.671582056615,6856.842467681746,6606.0,2264.0797057956224,250.49086565158723
1144,1,2019-11-01,5870.840998363824,4702.911626083192,6867.520916297862,2541.25,-2854.6743316971574,-3851.354249631195
1145,1,2019-11-01,7939.688222871599,6500.8291923097895,9434.1862416649,6256.666666666667,-1365.1048895382646,-2859.602908331566
1147,1,2019-11-01,8344.525193563093,6624.300017903492,9739.510649558883,8724.333333333334,713.8914731035748,-681.0939828922146
1148,1,2019-11-01,3217.3966377727456,2348.321528755208,4248.777057842142,3059.25,420.5200288939209,-610.8603911754758
1150,1,2019-11-01,5926.741717538142,4655.478551249975,7220.8217566903095,5252.5,-326.32505087147547,-1620.4050900236425
1151,1,2019-11-01,631.2779654405261,456.38763729844777,791.3227929899698,76.66666666666667,-457.27796544052615,-617.3227929899698
1153,1,2019-11-01,760.6100441629795,543.9476366129958,1026.0383098525253,4833.833333333333,4116.88995583702,3851.4616901474747
1155,1,2019-11-01,5366.06249339689,4378.825781559729,6366.272168319103,2457.8333333333335,-2607.4791600635567,-3607.6888349857695
1156,1,2019-11-01,9365.750121416655,7459.758671651458,11625.324497206611,23349.916666666668,14773.416545250013,12513.842169460057
1163,1,2019-11-01,3261.964324721718,1594.1053620224764,4883.532408451768,5597.5,2702.369008611615,1080.8009248815652
1164,1,2019-11-01,7412.502428574219,5908.721487212881,9268.826369483128,9140.583333333334,1843.2475714257807,-13.076369483127564
1166,1,2019-11-01,5266.809625240324,4451.511850771841,6374.7896084736,3324.8333333333335,251.35704142634313,-856.6229418069333
1168,1,2019-11-01,17286.110565983432,14059.035486460101,21555.4051894113,9139.416666666666,-3608.360565983432,-7877.6551894113
1169,1,2019-11-01,11451.065477895483,9657.66272624664,12939.27197600361,5158.416666666667,-5758.732144562149,-7246.938642670277
1170,1,2019-11-01,3400.045037616841,2671.985015474921,4650.598740485082,3405.5833333333335,422.7882957164925,-827.7654071517486
1171,1,2019-11-01,4216.219255919025,3025.649183098327,5332.887883742307,3267.8333333333335,-818.9692559190253,-1935.6378837423072
1173,1,2019-11-01,4086.085421211743,2822.220003331602,5564.416700682737,4308.583333333333,551.2479121215902,-927.0833673494044
1176,1,2019-11-01,6127.436502702002,4962.346781106791,7484.25702723555,4779.0,-696.6865027020021,-2053.5070272355497
1177,1,2019-11-01,3435.921468649643,2352.5266018636457,4477.375052276191,5389.333333333333,2209.828531350357,1168.3749477238089
1179,1,2019-11-01,3207.9719864062963,1989.3332803096469,4374.677482799159,4130.833333333333,1309.6113469270367,142.90585053417362
1180,1,2019-11-01,6114.0856743156055,5189.921694441515,6950.9725705644305,2995.0,-2751.3356743156055,-3588.2225705644305
1181,1,2019-11-01,4117.789925205616,3056.7580835678255,5654.365646729424,4298.416666666667,410.4600747943841,-1126.115646729424
1183,1,2019-11-01,2897.402381972761,1995.6589533541207,3878.902421973846,2735.0,-72.90238197276085,-1054.4024219738458
1184,1,2019-11-01,4268.89051133781,3271.339637330856,5501.1282491720185,5730.416666666667,1877.2761553288574,645.0384174946485
1187,1,2019-11-01,1649.6436571151487,1150.224858462123,2657.400429792301,3944.5,2535.689676218184,1527.932903541032
1189,1,2019-11-01,2419.0216232908415,1621.7104983067788,3526.231420664142,2631.8333333333335,490.3950433758255,-616.8147539974752
1190,1,2019-11-01,7018.539020273467,6027.716279018248,8259.14783712845,3698.5833333333335,-2848.1223536068,-4088.731170461783
1192,1,2019-11-01,1406.7174276036924,1093.8085135309507,1777.8841905687855,3335.5,2023.4025723963075,1652.2358094312144
1193,1,2019-11-01,3725.6081706232776,2902.305320939873,4639.245877563449,4309.75,788.2251627100554,-125.4125442301156
1194,1,2019-11-01,4397.793132240154,3313.346867505068,5771.8088850153645,3170.0833333333335,-688.7931322401537,-2062.8088850153645
1195,1,2019-11-01,5325.3192287149695,4579.789642212472,6440.670836135614,3391.3333333333335,-1489.0692287149695,-2604.420836135614
1196,1,2019-11-01,4051.0967097680277,3215.3340480298702,5270.054540576321,2907.9166666666665,-680.5133764346947,-1899.4712072429884
1198,1,2019-11-01,5645.918755168016,5021.384794864463,6668.5160001977565,905.75,-4520.252088501349,-5542.8493335310895
1201,1,2019-11-01,5673.194202337757,3784.8549653309233,7623.528692960438,9622.083333333334,4536.889130995577,2586.554640372896
1202,1,2019-11-01,1160.2209376032308,785.9102589260465,1825.7600180174363,0.3333333333333333,-1037.1376042698976,-1702.676684684103
1203,1,2019-11-01,1382.325951181285,1041.0650102848142,2210.7911029121365,3461.4166666666665,2344.257382152048,1515.7922304211966
1204,1,2019-11-01,3266.1508204751526,2329.040969522362,4644.74796650309,5786.666666666667,2740.0158461915144,1361.4187001635773
1207,1,2019-11-01,7062.718486328092,5836.945924790258,8654.078899334454,4697.333333333333,-1944.9684863280918,-3536.328899334454
1208,1,2019-11-01,2942.287926515763,2064.2596774345056,3826.9018597181466,2782.25,270.62874015090347,-613.9851930514801
1209,1,2019-11-01,8911.52692777408,7543.809690779764,10264.703447963517,5317.916666666667,-3168.443594440747,-4521.620114630183
1210,1,2019-11-01,3017.7925412444456,2166.161114798282,4215.081466748841,2877.5833333333335,108.62412542222137,-1088.6648000821742
1211,1,2019-11-01,3036.01210300201,1941.3248252255858,4043.409595195376,3187.4166666666665,422.4045636646565,-584.9929285287094
1213,1,2019-11-01,2584.587570053518,1714.180795882459,3326.642663195775,3631.5833333333335,1580.829096613149,838.7740034708918
1214,1,2019-11-01,4920.299272067793,3580.3759601142174,6385.499167032046,6039.166666666667,1652.534061265541,187.33416630128795
1217,1,2019-11-01,4271.315837401735,3117.1302896043344,5518.219903802257,3749.3333333333335,-154.39917073506786,-1401.3032371355903
1219,1,2019-11-01,6212.543951078428,4673.344218290539,7593.938201034729,4842.083333333333,-995.127284411762,-2376.521534368063
1221,1,2019-11-01,3283.968457425184,2294.252282469942,4765.233735865423,2562.25,-87.71845742518417,-1568.9837358654231
1222,1,2019-11-01,3749.2331299054895,3085.7396349065957,4642.931808832721,2394.8333333333335,-796.7331299054895,-1690.431808832721
1223,1,2019-11-01,6146.257449842873,1989.4280658651314,7613.848539974875,15790.833333333334,10173.242550157127,8705.651460025125
1224,1,2019-11-01,7026.212610127277,5596.009062475882,8502.72095421254,4455.333333333333,-2026.045943460611,-3502.554287545874
1225,1,2019-11-01,5726.975279969815,4379.214546021821,7128.5853944021455,5236.416666666667,-236.55861330314838,-1638.1687277354786
1226,1,2019-11-01,5065.261286998115,4004.0024507076528,6285.416348957651,3071.6666666666665,-1660.9279536647819,-2881.0830156243183
1227,1,2019-11-01,3609.650184519313,2680.568894959547,5328.009836879609,5612.0,2384.016482147354,665.6568297870581
1228,1,2019-11-01,3674.337151243348,2781.2735181914463,4971.560180644261,3956.8333333333335,813.9961820899857,-483.22684731092704
1229,1,2019-11-01,4477.848298048745,3259.3274562992297,6023.626452454838,4112.5,81.65170195125484,-1464.1264524548378
1234,1,2019-11-01,1942.3067581328257,1589.1140693084335,2109.815816887299,5182.083333333333,3303.276575200507,3135.767516446034
1236,1,2019-11-01,2592.875601950982,1937.5997707774586,3569.2636890938034,2103.5833333333335,73.95773138235154,-902.4303557604699
1237,1,2019-11-01,5839.312987455631,4910.537674617677,7304.205501851093,2679.1666666666665,-2770.1746541222974,-4235.0671685177595
1238,1,2019-11-01,9363.667188388314,7193.103883064805,12042.849299412535,8055.083333333333,-810.6671883883137,-3489.8492994125354
1239,1,2019-11-01,3420.4313788852887,2659.3410872856875,4435.6145420677085,3173.4166666666665,21.068621114711277,-994.1145420677085
1240,1,2019-11-01,3063.241321637703,2335.460449401974,3934.9088018991793,2651.1666666666665,-162.9913216377031,-1034.6588018991793
1241,1,2019-11-01,9441.871632815808,8225.245865506819,11133.199324496449,4116.333333333333,-4824.454966149142,-6515.782657829783
1242,1,2019-11-01,3066.422797042163,2386.241571635597,4095.9416270140396,2542.4166666666665,-172.25613037549647,-1201.774960347373
1243,1,2019-11-01,5645.195077365925,4575.162676589053,6901.174791089789,2907.0,-2276.028410699258,-3532.008124423123
1245,1,2019-11-01,3493.106338079724,2417.702251886036,4563.250059877497,3575.0,523.2269952536094,-546.9167265441633
1246,1,2019-11-01,2843.4206530268293,1952.6968466559895,4036.389561817371,2584.0,146.16268030650417,-1046.8062284840375
1247,1,2019-11-01,4381.657642725196,3173.3359380182283,5743.729064621186,3679.3333333333335,26.09235727480427,-1335.979064621186
1248,1,2019-11-01,3142.9973000249547,2197.674091931594,3960.6352628969607,3615.5,658.8360333083788,-158.80192956362725
1250,1,2019-11-01,3071.896262972929,2329.068091445893,4077.8861648206293,3208.25,567.0204036937375,-438.96949815396283
1251,1,2019-11-01,3589.5657752904276,2430.168401789574,4379.3408297788465,3512.5,340.9342247095724,-448.84082977884646
1253,1,2019-11-01,9794.66970251659,8287.605853124918,10881.801270199812,4895.75,-4474.753035849923,-5561.884603533145
1254,1,2019-11-01,2043.1083942643006,1415.4498871578744,3022.9724642815645,2884.9166666666665,1190.308272402366,210.44420238510202
1256,1,2019-11-01,5815.068709737249,4969.017799140386,7221.265055590675,4687.333333333333,-779.7353764039162,-2185.931722257342
1257,1,2019-11-01,2120.682183548294,1332.899124084454,2984.8638893314455,4021.5833333333335,2212.067816451706,1347.8861106685545
1258,1,2019-11-01,3586.6053810571734,2627.4518493395663,4950.476539664918,1289.1666666666667,-1798.02204772384,-3161.8932063315847
1259,1,2019-11-01,7689.456679024619,5842.889209994388,10329.716690287063,16022.416666666666,8933.543320975381,6293.283309712937
1260,1,2019-11-01,2013.462133625264,1362.3135572481378,2835.7201236271,3567.1666666666665,2056.787866374736,1234.5298763729002
1261,1,2019-11-01,3925.3058563795616,2670.6191596596154,5196.892185385361,5732.25,2463.6941436204384,1192.1078146146392
1262,1,2019-11-01,1677.1975159420788,1252.031479523167,2129.08911059354,2331.75,946.0524840579212,494.1608894064598
1263,1,2019-11-01,2897.197681604243,2204.537309473034,3847.7019142882136,3054.3333333333335,421.63565172909057,-528.8685809548801
1266,1,2019-11-01,2540.5923585605265,1750.6878188860878,3443.9324810159114,3838.5833333333335,1786.1576414394735,882.8175189840886
1267,1,2019-11-01,3458.7301214082977,2325.0190741228253,4450.029594427257,2659.3333333333335,-509.3134547416307,-1500.6129277605896
1268,1,2019-11-01,1757.0608564187785,1324.5131134592184,2275.5947997238736,2466.4166666666665,1240.9391435812215,722.4052002761264
1269,1,2019-11-01,5246.4880622647,3892.0099381966247,6637.337495279329,3027.9166666666665,-1677.9047289313667,-3068.754161945996
1274,1,2019-11-01,8332.77240163754,6748.534756047938,9630.602581963087,4122.0,-3898.2724016375396,-5196.102581963087
1276,1,2019-11-01,3626.074661694331,2652.0878531179033,4913.5496474026995,3482.75,-49.8246616943311,-1337.2996474026995
1279,1,2019-11-01,4786.375382062334,3814.879466142444,5968.728267671292,5175.25,759.2079512709988,-423.14493433795906
1281,1,2019-11-01,1546.0621750860876,1075.6634641932349,2549.596078964324,2212.1666666666665,997.7711582472455,-5.7627456309910485
1282,1,2019-11-01,3358.427744725656,2454.6638352053687,4379.882562767806,3437.4166666666665,556.2389219410106,-465.2158961011396
1283,1,2019-11-01,5539.262542274592,4179.394468479235,6951.155862637446,5306.083333333333,547.7374577254077,-864.1558626374463
1284,1,2019-11-01,3912.7564076996287,3190.839466070607,4902.229240337464,3328.9166666666665,-493.75640769962865,-1483.229240337464
1285,1,2019-11-01,6691.188295072373,5075.640772892099,8638.851616323873,5441.5,-705.3549617390399,-2653.01828299054
1286,1,2019-11-01,6118.864488619169,4735.969584937857,7700.603248259759,5131.5,-613.0311552858357,-2194.7699149264263
1288,1,2019-11-01,4221.866001377699,3394.9178716722126,5470.210489100357,3171.5833333333335,-643.7826680443654,-1892.1271557670239
1291,1,2019-11-01,3874.9135713687688,2978.9985929094787,4695.84064716055,2905.75,-755.2469047021023,-1576.1739804938838
1293,1,2019-11-01,10885.28664202212,9233.038819282014,12344.841262613838,4114.5,-6124.619975355453,-7584.174595947171
1294,1,2019-11-01,5547.3897251782855,4089.796922639927,7465.884432061975,4926.166666666667,-296.1397251782855,-2214.6344320619746
1295,1,2019-11-01,6262.926721411076,5397.35836726261,7557.7377476981255,2314.3333333333335,-3475.426721411076,-4770.2377476981255
1296,1,2019-11-01,4836.136841581783,4051.767035735855,6130.080011652597,3890.25,-847.0535082484498,-2140.9966783192635
1298,1,2019-11-01,1866.702186283907,1351.4395595917067,2636.810999658536,2133.5833333333335,535.5478137160931,-234.56099965853582
1299,1,2019-11-01,2527.5036731953364,1695.8962434358596,3286.5552155313394,3108.25,866.9129934713301,107.86145113532712
1300,1,2019-11-01,2805.434257677686,2261.6952978764166,3480.653889285113,1924.3333333333333,-473.9342576776862,-1149.153889285113
1301,1,2019-11-01,4259.711238010749,3026.5558326603655,5881.464775561672,5154.166666666667,1299.5387619892508,-322.21477556167156
1302,1,2019-11-01,4747.5708984363155,3945.4765603533706,5865.584443495591,2415.6666666666665,-1885.654231769649,-3003.667776828924
1303,1,2019-11-01,3335.6958222551043,2114.3093659569317,4479.4082783178965,5161.416666666667,2118.2208444115627,974.5083883487705
1305,1,2019-11-01,3083.338443720513,2277.1611699270743,3887.2244109284793,3247.5833333333335,537.8282229461538,-266.05774426181233
1307,1,2019-11-01,6567.722854045663,5053.767356845105,8211.482265073006,7252.5,910.0271459543374,-733.7322650730057
1313,1,2019-11-01,4420.583093872596,3687.758341827889,5185.096357385807,2514.3333333333335,-1695.3330938725958,-2459.846357385807
1314,1,2019-11-01,6169.4506683586205,5234.2125486785735,7422.349123243474,3283.6666666666665,-2463.9506683586205,-3716.8491232434744
1315,1,2019-11-01,2505.243972483766,1815.4605026159452,3587.3280531525174,2714.6666666666665,617.9226941829006,-464.1613864858509
1317,1,2019-11-01,1700.035185170349,1199.7019142581955,2707.770971926403,2575.8333333333335,1320.7981481629845,313.06236140693045
1323,1,2019-11-01,4504.486930250843,3593.173346577517,5575.78952177822,2617.8333333333335,-1566.8202635841762,-2638.122855111553
1324,1,2019-11-01,4878.462622955163,3812.5667659882315,6165.834034058521,3239.3333333333335,-1047.1292896218297,-2334.5007007251875
1326,1,2019-11-01,3966.5347017868135,2843.426049568251,5508.987814367066,5540.75,1871.9652982131865,329.51218563293423
1330,1,2019-11-01,7726.355975395208,6350.889617888221,9037.089573772706,2950.3333333333335,-4388.272642061875,-5699.006240439372
1331,1,2019-11-01,370.58062763607705,261.4412530375379,436.9573130524836,4085.5,3720.5027056972563,3654.12602028085
1332,1,2019-11-01,3486.638637589113,2157.2342087397465,5090.3036674695995,5992.416666666667,3001.611362410887,1397.9463325304005
1334,1,2019-11-01,2188.839200693655,1329.562283532192,3108.443882299973,3302.25,1456.4107993063449,536.8061177000268
1335,1,2019-11-01,7379.238019325555,5772.455290726682,9435.716146335977,8153.75,1413.261980674445,-643.2161463359771
1340,1,2019-11-01,16304.244430152394,14659.32698673716,18068.68881709867,4489.333333333333,-11233.411096819062,-12997.85548376534
1341,1,2019-11-01,4169.694781228523,3218.5611769384936,5172.06255547412,2529.0833333333335,-1640.61144789519,-2642.9792221407865
1344,1,2019-11-01,4392.844194035345,3408.962281749905,5830.684550118131,3903.5833333333335,18.905805964654974,-1418.9345501181306
1345,1,2019-11-01,4521.668203901909,3612.0860656267364,6150.085220639996,1385.0,-2988.668203901909,-4617.085220639996
1347,1,2019-11-01,3271.7673368954684,2284.5474397011258,4651.580639189956,4618.166666666667,1717.9826631045316,338.16936081004405
1348,1,2019-11-01,743.9973987326274,561.9557313569574,1027.1986921285545,0.16666666666666666,-743.8307320659608,-1027.0320254618878
1352,1,2019-11-01,2224.7475998430673,1392.894260676022,2983.3483698980613,3508.5,1784.9190668235992,1026.3182967686053
1353,1,2019-11-01,2502.7763684605043,1798.3955133980862,3757.202229920934,3607.8333333333335,1501.1402982061627,246.7144367457331
1356,1,2019-11-01,3061.014159142306,2175.3468139673614,4148.53995427952,2223.0,-507.0141591423062,-1594.5399542795203
1357,1,2019-11-01,3136.013021131989,2179.9734301286426,4464.520671500198,950.8333333333334,-1841.346354465322,-3169.854004833531
1358,1,2019-11-01,1097.2232191059495,704.2965183624278,1646.1168140108662,5744.166666666667,4753.276780894051,4204.383185989134
1360,1,2019-11-01,1606.136611016358,1110.605724844285,2387.0682296815635,3239.5,2140.863388983642,1359.9317703184365
1361,1,2019-11-01,2730.6604445793073,1851.7241878972295,3860.082253204361,2392.8333333333335,1.5895554206927045,-1127.8322532043612
1362,1,2019-11-01,3690.798823941793,2140.7993497221005,4965.157755764872,6042.5,2936.951176058207,1662.5922442351284
1364,1,2019-11-01,624.6995442017248,452.32277497289425,871.7825450168011,0.25,-421.8662108683915,-668.9492116834678
1366,1,2019-11-01,3410.362933365019,2501.2230158086873,4551.035604502031,3333.3333333333335,443.3870666349808,-697.2856045020308
1367,1,2019-11-01,2240.316163034811,1515.8307677796165,3306.948761640422,2854.5833333333335,879.0171702985226,-187.61542830708868
1369,1,2019-11-01,4014.7261323385487,3245.618584822233,5133.301344603102,2987.8333333333335,-550.0594656718818,-1668.6346779364349
1370,1,2019-11-01,5167.14162893947,3807.1224419855157,6600.251843924027,4409.0,-406.0582956061371,-1839.1685105906936
1371,1,2019-11-01,3081.925493225137,2144.9903412304984,4632.5880941175565,4127.416666666667,1270.24117344153,-280.4214274508895
1376,1,2019-11-01,4953.713414650105,3852.4841572322975,6418.483476835127,5168.25,903.1199186832282,-561.6501435017935
1378,1,2019-11-01,4633.443514776211,3639.508221915199,5768.00317634108,3400.8333333333335,-672.1101814428771,-1806.6698430077463
1379,1,2019-11-01,5904.108590342741,5155.296089839259,6800.017579240539,2867.3333333333335,-2669.691923676074,-3565.600912573872
1381,1,2019-11-01,5552.00983622034,4173.477307765024,7300.051197947872,2459.75,-2351.6765028870063,-4099.7178646145385
1382,1,2019-11-01,6586.8960340881695,5850.468197090978,7544.184012885788,2156.9166666666665,-2077.4793674215034,-3034.7673462191224
1383,1,2019-11-01,5982.002589612312,4804.356058677286,7308.383250804006,4994.833333333333,-786.5859229456455,-2112.96658413734
1384,1,2019-11-01,4044.3257727408104,3119.118930256307,5359.394341754956,1917.5833333333333,-1685.909106074144,-3000.9776750882897
1385,1,2019-11-01,7423.1249560973065,6417.702400871104,9309.364790770955,6858.166666666667,-196.8749560973065,-2083.1147907709546
1391,1,2019-11-01,7989.696063706525,6467.517723439296,9048.956304895495,4266.333333333333,-3532.902730373192,-4592.162971562162
1393,1,2019-11-01,3900.0211160200333,3004.5323043613043,4933.329347517198,2871.6666666666665,-451.6044493533668,-1484.9126808505312
1394,1,2019-11-01,4465.7913705474875,3213.75368571047,5766.855153955718,4821.083333333333,805.1252961191785,-495.9384872890523
1397,1,2019-11-01,2967.5103199026053,1988.0370592849672,4145.43326312419,3032.3333333333335,364.5730134307282,-813.3499297908561
1398,1,2019-11-01,7551.301104234366,6441.497434060818,8546.19095171754,5905.166666666667,-1476.801104234366,-2471.690951717541
1403,1,2019-11-01,9507.521591481183,8277.377009442454,11012.6455350572,2045.4166666666667,-7149.271591481183,-8654.3955350572
1404,1,2019-11-01,2052.0744754456964,1367.489250543789,3217.0666532411487,3039.3333333333335,1261.258857887637,96.26668009218474
1405,1,2019-11-01,5550.242601744823,4602.386175943665,7181.52217718053,4062.9166666666665,-1123.7426017448233,-2755.02217718053
1406,1,2019-11-01,1573.3298152570617,1016.146931346372,2264.1093079340826,1976.5,541.0035180762718,-149.77597460074912
1407,1,2019-11-01,7604.537771221943,6644.834929132054,8438.632821115765,3372.75,-3860.45443788861,-4694.549487782431
1411,1,2019-11-01,5336.321661756594,4115.245573389871,6641.516173219845,5750.583333333333,593.845004910072,-711.3495065531788
1412,1,2019-11-01,6790.448805149856,5180.627720865041,8098.422717695153,4513.833333333333,-1737.4488051498556,-3045.4227176951526
1413,1,2019-11-01,3160.115355853296,2477.078446482458,4259.199816893499,2597.5,-393.53202251996254,-1492.6164835601653
1416,1,2019-11-01,5459.665703667657,4451.316476095826,7126.919507840681,4062.5,-948.24903700099,-2615.502841174014
1417,1,2019-11-01,4087.014823287594,2978.6673768103055,5532.67711759676,4390.0,670.568510045739,-775.0937842634266
1421,1,2019-11-01,2261.001823235952,1469.958641856626,3418.203230418403,2748.75,840.1648434307144,-317.0365637517366
1422,1,2019-11-01,3181.9861100067337,2358.0909858842997,4246.304387536932,3004.3333333333335,131.09722332659976,-933.2210542035987
1424,1,2019-11-01,4349.317004259515,3911.4354450780784,5272.897719411139,1279.0,-883.8170042595148,-1807.3977194111394
1425,1,2019-11-01,3835.710931094461,3120.97856595726,4944.8949710946235,1602.0833333333333,-2001.8775977611278,-3111.0616377612905
1427,1,2019-11-01,4964.921620896942,3066.620477143797,6839.668115412055,8406.666666666666,3798.245045769724,1923.498551254611
1428,1,2019-11-01,1187.3010543413616,889.1095388743297,1518.5997196912285,2372.6666666666665,1357.5322789919715,1026.2336136421045
1429,1,2019-11-01,3510.249180673536,2376.7214301501162,5054.328974041437,2796.3333333333335,-278.6658473402026,-1822.745640708103
1430,1,2019-11-01,3923.0045911280886,2805.3657081394467,5470.451198145608,2803.5,-574.1712577947551,-2121.6178648122745
1432,1,2019-11-01,5086.4142093646415,3791.29938622951,6363.944629059508,5812.25,1047.9191239686916,-229.61129572617483
1433,1,2019-11-01,5563.501855623793,4749.017660577409,6864.817280293848,4005.0,-998.6685222904598,-2299.983946960515
1434,1,2019-11-01,1639.411848580025,1056.1086542991602,2425.7339952112507,3407.5833333333335,2207.254818086642,1420.9326714554163
1435,1,2019-11-01,7146.873240694417,5932.882998626347,8544.73087868794,7668.083333333333,1228.8967593055831,-168.96087868793984
1437,1,2019-11-01,3426.1077570816205,2485.945166426601,4549.863282401373,3733.9166666666665,632.6422429183795,-491.113282401373
1439,1,2019-11-01,1431.203833661039,1030.7181230380222,1849.3162697898144,2447.5833333333335,1046.3794996722945,628.267063543519
1442,1,2019-11-01,5315.0880390146685,4382.346902981571,6656.339179421568,2536.0,-2523.8380390146685,-3865.0891794215677
1443,1,2019-11-01,5280.364969743227,4295.40657384034,6446.536829647636,2918.0,-2012.698303076561,-3178.87016298097
1444,1,2019-11-01,8277.736241202503,6365.143341215053,9836.528119222727,5573.75,-2170.069574535836,-3728.8614525560597
1445,1,2019-11-01,2490.7867630981905,1930.9946152323137,3465.1854069643887,2328.25,326.4632369018095,-647.9354069643887
1446,1,2019-11-01,2283.2869372187283,1622.6387518799304,3199.7135912623985,2346.9166666666665,461.7963961146047,-454.63025792906546
1448,1,2019-11-01,5873.831080988269,4998.87743826312,7036.889927521111,3211.5833333333335,-2211.9144143216017,-3374.9732608544437
1449,1,2019-11-01,3001.108201634258,2247.278713880825,3841.261640251215,2342.0,-201.19153496759145,-1041.3449735845484
1451,1,2019-11-01,8905.926491985889,7891.31305914892,9929.326092368055,1423.1666666666667,-7005.843158652555,-8029.2427590347215
1452,1,2019-11-01,11982.439491572248,8581.268148791085,14080.229375002868,16147.75,8575.22717509442,6477.4372916638
1453,1,2019-11-01,4404.6972838311485,3616.262218959048,5316.051645494727,3010.1666666666665,-895.530617164482,-1806.8849788280609
1455,1,2019-11-01,2115.7234840794426,1403.3331532509599,3163.71999837552,2860.8333333333335,1004.6931825872243,-43.303331708852966
1456,1,2019-11-01,6082.556178911651,5334.429610599473,6883.724165751661,2602.5833333333335,-3281.139512244984,-4082.3074990849937
1458,1,2019-11-01,2440.305650707691,1543.1534857791721,3282.7584874851937,2979.5833333333335,751.7776826256427,-90.67515415186017
1459,1,2019-11-01,5074.0333127862505,3975.179550021162,5617.209651354767,2614.0833333333335,-252.8666461195835,-796.0429846880998
1461,1,2019-11-01,2723.844471713358,2042.5181836315937,3906.1438075865126,4003.1666666666665,1807.572194953308,625.2728590801535
1463,1,2019-11-01,5325.351682562077,4621.81909297223,5891.191478471513,813.8333333333334,-4337.93501589541,-4903.774811804846
1464,1,2019-11-01,5887.693897398689,4685.159569918129,7323.874647326334,4130.75,-1577.777230732022,-3013.9579806596666
1466,1,2019-11-01,3807.7853531282562,3182.560994930081,4658.44284158202,2994.4166666666665,-524.9520197949232,-1375.6095082486872
1467,1,2019-11-01,4181.358702464936,3304.763275451704,5813.114853562657,4437.833333333333,656.5579642017301,-975.1981868959911
1470,1,2019-11-01,2099.396544166317,1476.0026995763658,2880.903804810074,1864.25,-179.3965441663172,-960.9038048100738
1471,1,2019-11-01,3192.3545999908374,2806.6473462890526,3779.4444636386447,1823.0,-1196.3545999908374,-1783.4444636386447
1473,1,2019-11-01,2593.872484949269,1795.3972940591927,3517.036289460604,3452.25,1276.1275150507308,352.96371053939583
1475,1,2019-11-01,5042.303277062075,4330.261589829497,5922.642900329463,3525.5,-1027.0532770620748,-1907.3929003294634
1477,1,2019-11-01,2980.816198154823,2055.127505960352,3907.581017237728,3896.9166666666665,1547.1004685118432,620.3356494289383
1478,1,2019-11-01,3688.020923625042,2683.2482633288014,4778.566161656416,3708.8333333333335,516.1457430416249,-574.3994949897487
1479,1,2019-11-01,2011.81332352583,1322.0221122808487,2594.9020905858874,2219.25,641.3533431408366,58.26457608077908
1482,1,2019-11-01,5358.515984716068,3803.6341934490097,7041.732066748277,7429.333333333333,2474.8173486172655,791.6012665850558
1484,1,2019-11-01,5176.31536997894,4003.3914733791544,6399.061846352384,4811.0,56.26796335439303,-1166.4785130190512
1485,1,2019-11-01,4333.872097515152,2987.7815735265394,5487.627044258702,4146.333333333333,-29.455430848485776,-1183.210377592036
1486,1,2019-11-01,1496.0750369098537,969.585071779121,1921.7531921797054,1942.25,634.9249630901463,209.24680782029463
1487,1,2019-11-01,9811.747367212427,7702.960060742115,11336.497636897375,6705.333333333333,-2753.747367212427,-4278.497636897375
1488,1,2019-11-01,2774.7114842350156,1935.068918898315,4067.817501260761,3424.25,855.2885157649844,-437.8175012607612
1490,1,2019-11-01,3475.3599886492284,2522.1628568206916,4465.009041220142,3486.5833333333335,648.0566780174386,-341.59237455347466
1492,1,2019-11-01,4403.234650933722,2988.8986198167113,6098.338726012626,4719.583333333333,695.5153490662778,-999.5887260126256
1493,1,2019-11-01,5676.326626753693,4250.597247308857,7039.835370298731,4544.75,-676.9932934203598,-2040.5020369653976
1494,1,2019-11-01,1812.1006137537813,1189.6907295846881,2398.2977706130564,2410.9166666666665,773.4827195795517,187.28556272027663
1495,1,2019-11-01,5769.560155749662,4478.9665632071965,7230.592808490637,5286.083333333333,111.77317758367099,-1349.2594751573042
1497,1,2019-11-01,3656.274904234131,2989.085231686548,4653.453709075007,2962.75,-366.3582375674646,-1363.5370424083408
1498,1,2019-11-01,3367.3307085621464,2106.382755131146,5496.151097521082,4232.5,1081.2526247711867,-1047.5677641877492
1499,1,2019-11-01,1783.13552709702,1122.2949463389218,2468.8204209753208,3440.5833333333335,1912.781139569647,1227.0962456913462
1500,1,2019-11-01,3725.8443568890134,2702.179536854706,4943.476378470399,4408.666666666667,976.5723097776536,-241.05971180373217
1503,1,2019-11-01,2308.2789850234212,1473.4452068238124,3351.883763170237,3585.0833333333335,1749.7210149765788,706.1162368297628
1504,1,2019-11-01,2897.988185187225,2120.9697134269745,3401.6082827832083,1068.8333333333333,-1421.8215185205586,-1925.4416161165418
1507,1,2019-11-01,1813.2881747822898,1142.8224641705308,2679.4815002318805,3695.3333333333335,2211.628491884377,1345.4351664347864
1508,1,2019-11-01,1588.2415692113577,1102.6031314546487,2341.9375482525775,3249.9166666666665,1756.6750974553088,1002.979118414089
1509,1,2019-11-01,3349.9483415021605,2328.8282690958163,3884.1910674624582,3923.9166666666665,904.3016584978395,370.05893253754175
1511,1,2019-11-01,3691.6064848123633,2759.6221369990803,4607.042795355475,4023.25,573.3935151876367,-342.0427953554754
1512,1,2019-11-01,3880.2349300722867,2696.5419735486175,5377.477262284791,5584.0,2192.5984032610463,695.3560710485417
1513,1,2019-11-01,5999.375338084888,4367.070228725628,7300.713219366706,5478.0,-11.792004751555396,-1313.1298860333727
1514,1,2019-11-01,2607.002737656681,1813.9123271475491,3567.803687731616,3077.0833333333335,1023.0805956766526,62.279645601717675
1515,1,2019-11-01,3582.515644939357,2857.016650568381,4628.60869932461,2538.0833333333335,-945.5156449393571,-1991.60869932461
1516,1,2019-11-01,4968.467190511433,3649.5348028570043,6464.909297313351,5735.583333333333,1305.7828094885672,-190.6592973133511
1517,1,2019-11-01,4716.0800012808395,3566.4978684738517,6259.767694137576,10295.0,5968.253332052494,4424.565639195758
1518,1,2019-11-01,2948.751526908148,2132.6478920126665,3892.7538288442784,3148.75,447.5818064251853,-496.4204955109449
1519,1,2019-11-01,2871.6939599518428,1950.4819409908537,3968.295131860742,3334.3333333333335,669.7227067148242,-426.87846519407503
1520,1,2019-11-01,3699.754019310967,3166.8109727638503,6698.856363171382,3934.4166666666665,399.0793140223659,-2600.0230298380493
1521,1,2019-11-01,2007.8771559542881,1377.020526206008,2883.3303924355855,1631.75,50.70617737904536,-824.747059102252
1523,1,2019-11-01,1832.518869376107,1304.5269511982663,2937.8710249713185,3305.0833333333335,1847.231130623893,741.8789750286815
1525,1,2019-11-01,2815.361332101828,1926.1119384357442,3665.7712421709684,3249.5,722.4720012315056,-127.93790883763495
1526,1,2019-11-01,2413.9218800170956,1615.5160170116205,3417.5891423968583,2844.75,645.9114533162378,-357.7558090635248
1527,1,2019-11-01,4220.091068379155,2844.3960148485016,5461.165610437309,4210.25,456.4922649541777,-784.5822771039757
1528,1,2019-11-01,10111.011550995545,9385.17845011022,11100.479118166473,2332.6666666666665,-7443.011550995545,-8432.479118166473
1529,1,2019-11-01,5434.988424896217,3996.9266716813245,7053.259346267466,6358.75,1370.9282417704499,-247.34267960079887
1530,1,2019-11-01,815.699123804639,444.4528291812938,1233.8349801203547,148.75,-296.7824571379723,-714.9183134536879
1531,1,2019-11-01,1924.4916588002143,1305.3845269929925,2521.7350602527763,2466.1666666666665,712.0916745331187,114.84827308055674
1533,1,2019-11-01,4914.438281974217,3613.033869710519,6554.995977249051,4117.666666666667,-454.4382819742168,-2094.995977249051
1534,1,2019-11-01,9652.82278249555,8110.096821484964,11598.543524526078,6732.833333333333,-2436.406115828884,-4382.126857859412
1535,1,2019-11-01,3238.0295906021056,2434.6207786010937,4151.113992019336,2775.9166666666665,-225.86292393543908,-1138.9473253526698
1538,1,2019-11-01,3792.717917793243,3129.5810309079843,4825.239592551369,1964.3333333333333,-1626.717917793243,-2659.2395925513692
1540,1,2019-11-01,7584.331931209414,6545.361728050387,8588.63603837544,3736.5833333333335,-3328.5819312094136,-4332.88603837544
1541,1,2019-11-01,4376.814987943619,3607.490788484388,5347.863538775782,3118.5,-895.7316546102852,-1866.7802054424487
1542,1,2019-11-01,1851.6985371469568,1374.321291509975,2219.4359606672024,4630.416666666667,2995.051462853043,2627.3140393327976
1543,1,2019-11-01,9915.344509881508,8267.840918472644,11514.41343157828,8830.25,-526.9278432148421,-2125.9967649116134
1544,1,2019-11-01,6041.156158039044,5152.416012443693,6958.31064293903,2778.25,-3017.6561580390444,-3934.81064293903
1546,1,2019-11-01,3020.0809789491996,1962.4765660191417,3945.157011937081,3361.3333333333335,786.3356877174674,-138.74034527041385
1549,1,2019-11-01,3643.4328022074505,2393.647289813799,5089.8445675463745,5279.583333333333,1943.0671977925495,496.6554324536255
1551,1,2019-11-01,8562.118305947328,7563.353453290574,9685.038148136666,2974.9166666666665,-5049.618305947328,-6172.538148136666
1552,1,2019-11-01,4800.014950967661,3955.577894539936,6016.666079976626,3787.5,-732.5149509676612,-1949.166079976626
1555,1,2019-11-01,2790.046939920966,1966.7603047096436,3865.384560264032,3309.0,830.1197267457005,-245.21789359736567
1556,1,2019-11-01,2206.9413487449506,1422.477832186968,3284.7924094952255,4023.0833333333335,2195.8086512550494,1117.9575905047745
1557,1,2019-11-01,2085.065967168759,1285.9602627603715,3061.0963579322506,4024.5833333333335,2207.684032831241,1231.6536420677494
1558,1,2019-11-01,7786.441561897375,6757.247713550731,8939.875129341191,4277.5,-3238.4432285640423,-4391.8767960078585
1559,1,2019-11-01,9237.957338473814,8342.695897480215,10884.951081814474,4903.833333333333,-2073.457338473814,-3720.4510818144736
1560,1,2019-11-01,2490.7364991053723,1683.810524570693,3235.600638141173,1537.6666666666667,-618.5698324387056,-1363.4339714745063
1561,1,2019-11-01,4859.347614071616,3428.6826334709613,6559.583541946097,4251.166666666667,369.0690525950513,-1331.1668752794303
1562,1,2019-11-01,2149.565540871317,1495.9297333003783,2791.0089566368806,2127.0,379.8511257953496,-261.5922899702141
1563,1,2019-11-01,3516.4730808680665,3004.4559680218185,4065.0209947612616,1881.9166666666667,-1259.389747534733,-1807.937661427928
1564,1,2019-11-01,2440.5202341577155,1682.8079526820327,3420.4700341619173,3162.25,1240.896432508951,260.94663250474923
1567,1,2019-11-01,4819.566636157618,3809.571935010936,5941.446054873938,3381.3333333333335,-1308.9833028242842,-2430.8627215406045
1568,1,2019-11-01,4621.3944772042705,3881.7154758879583,5826.8999538139215,3581.3333333333335,-686.811143870937,-1892.316620480588
1569,1,2019-11-01,3322.2683202049398,2417.7774577609125,4240.793647790214,3256.8333333333335,587.8150131283937,-330.7103144568805
1571,1,2019-11-01,3848.8575395735315,2520.304576180967,4886.766424309879,4276.333333333333,1027.9757937598015,-9.933090976545827
1575,1,2019-11-01,12315.28220770773,10891.074931033978,14375.587233557817,4803.833333333333,-7023.448874374398,-9083.753900224485
1576,1,2019-11-01,4972.389128420688,3742.5035654950398,6036.015342163644,3063.6666666666665,-1231.7224617540219,-2295.3486754969776
1577,1,2019-11-01,2135.983297059481,1524.9423700430852,3420.6048276595475,3395.4166666666665,1856.8500362738519,572.2285056737855
1579,1,2019-11-01,2713.1270618966355,1994.3838437710142,3289.926398370123,2382.8333333333335,-276.4603952299685,-853.259731703456
1581,1,2019-11-01,3236.509270432412,2293.2214284040147,4346.086891921058,3694.5,913.157396234255,-196.42022525439097
1582,1,2019-11-01,5138.963974641628,3903.5436433640016,6482.221559047714,4956.583333333333,314.28602535837217,-1028.9715590477144
1583,1,2019-11-01,1820.2849139645937,1161.6350678521344,2228.0146448029245,4403.666666666667,2867.2150860354063,2459.4853551970755
1584,1,2019-11-01,2634.9117675014018,1758.198367350948,3302.255171084121,3894.4166666666665,1486.4215658319313,819.0781622492123
1585,1,2019-11-01,5596.689125042984,4423.37723983393,6441.622326048663,3519.0833333333335,-1724.7724583763174,-2569.705659381996
1586,1,2019-11-01,5563.493299953104,4302.09011632653,6937.077653077562,4720.0,-191.07663328643685,-1564.660986410895
1587,1,2019-11-01,9795.45305065479,8308.81155017465,11131.346133693834,6834.916666666667,-2794.036383988124,-4129.929467027167
1589,1,2019-11-01,2065.4580801091183,1407.6939396333069,2766.2823541299235,2291.1666666666665,479.8752532242147,-220.9490207965905
1591,1,2019-11-01,5533.335519048862,4483.898909178501,6919.24569381954,2809.75,-2209.0021857155284,-3594.9123604862066
1594,1,2019-11-01,2352.687320267525,1620.316187585277,3078.8524757967057,2998.1666666666665,919.4793463991414,193.31419086996084
1595,1,2019-11-01,11144.643173519215,9950.337919996366,12450.47657343508,4338.583333333333,-6475.771506852549,-7781.604906768414
1596,1,2019-11-01,5996.905340196987,4990.339391850436,6883.736415309317,2647.6666666666665,-3030.155340196987,-3916.9864153093167
1598,1,2019-11-01,1471.2721279081147,1047.4869472038129,2067.134556448514,2177.1666666666665,969.7278720918853,373.8654435514859
1600,1,2019-11-01,5092.868867368472,3369.6407937042527,6756.048937474306,8432.75,3818.964465964862,2155.7843958590283
1602,1,2019-11-01,2002.7883358589538,1335.8960812430878,2832.7242612935806,2488.6666666666665,724.6283308077127,-105.30759462691412
1603,1,2019-11-01,3085.419468441113,2211.450350444346,4271.217755277895,3234.3333333333335,534.4971982255538,-651.3010886112279
1604,1,2019-11-01,5574.647100258799,4954.0367766619975,6648.849905749999,2609.0,-779.5637669254647,-1853.7665724166654
1605,1,2019-11-01,3595.8297048280833,2830.4054415886926,4568.794093365228,3278.0,-21.746371494749837,-994.7107600318946
1606,1,2019-11-01,3434.059080795793,2414.9628201310975,5119.5779456098135,4312.916666666667,1146.524252537541,-538.9946122764795
1609,1,2019-11-01,4207.083816199654,2814.0637924173716,5653.4760824284895,7304.916666666667,3638.6661838003456,2192.2739175715105
1610,1,2019-11-01,2712.8633930394444,2232.6364770558866,3204.6583300086254,2330.5833333333335,-31.280059706110933,-523.0749966752919
1613,1,2019-11-01,4923.067994485793,3916.6095397338595,6075.263159959435,3677.8333333333335,-556.817994485793,-1709.0131599594351
1615,1,2019-11-01,2966.759516640131,2066.649826672257,3884.305020583036,4057.5,1253.823816693202,336.2783127502971
1616,1,2019-11-01,5937.608496169913,4668.680056740159,7310.363144258583,7855.0,2324.3915038300865,951.6368557414171
1618,1,2019-11-01,4350.826055046156,3224.492580558893,5789.7705394452,5886.166666666667,1777.0906116205106,338.1461272214674
1619,1,2019-11-01,1758.2466355899146,1030.8952095927734,2399.1855107571077,2673.8333333333335,1038.9200310767524,397.9811559095592
1621,1,2019-11-01,3977.7521990558944,2762.0762052597674,5454.437130146911,6171.583333333333,2557.4144676107717,1080.7295365197551
1622,1,2019-11-01,4787.194088026396,3357.597715576755,6092.720489545361,6605.916666666667,2340.0559119736045,1034.5295104546394
1623,1,2019-11-01,2445.314308838461,1714.511197937644,3410.295187524613,2935.5833333333335,952.6856911615391,-12.295187524613084
1626,1,2019-11-01,6510.312692906139,4778.900776584317,8264.800353173941,5024.333333333333,-1309.312692906139,-3063.8003531739414
1629,1,2019-11-01,3884.1649092351163,3283.1277152965367,4407.903934994669,2451.8333333333335,-1185.3315759017828,-1709.0706016613353
1633,1,2019-11-01,2932.237811300658,1965.864484602418,3630.6660734033476,3577.25,902.0955220326755,203.6672599299859
1634,1,2019-11-01,1563.7941515969214,1118.673211270539,1974.409817300803,1714.75,229.20584840307856,-181.40981730080307
1635,1,2019-11-01,2654.844743520143,1904.3523106553357,3714.230648846936,3527.6666666666665,1490.2385898131902,430.8526844863968
1636,1,2019-11-01,2188.282732931217,1648.7470606057677,3083.7293718086075,2049.8333333333335,364.3839337354498,-531.0627051419406
1638,1,2019-11-01,4781.967232156927,3846.644996310013,5980.093847523007,4818.666666666667,475.2827678430731,-722.8438475230068
1639,1,2019-11-01,8317.189822891147,7044.880573962001,10277.893388954693,4132.916666666667,-3501.689822891147,-5462.393388954693
1640,1,2019-11-01,2227.840698928694,1537.1463701289506,3541.8725921218556,2912.8333333333335,930.9926344046394,-383.03925878852215
1642,1,2019-11-01,3030.6852127305474,2175.9770505160827,4257.6059766166945,3372.5,610.8147872694526,-616.1059766166945
1644,1,2019-11-01,4084.1816679668377,3171.940702582758,5069.242449331759,2661.9166666666665,-1336.6816679668377,-2321.7424493317594
1645,1,2019-11-01,3353.5771616541892,2347.391097015236,4561.453806486194,5045.083333333333,2241.589505012477,1033.7128601804725
1646,1,2019-11-01,2225.224052043511,1522.256228925176,2969.951874516917,2491.5,291.8592812898223,-452.8685411835836
1648,1,2019-11-01,12362.021958544814,10281.460047073353,15195.948270358778,15492.416666666666,4064.811374788518,1230.8850629745539
1649,1,2019-11-01,693.8009056500993,77.05725961048529,954.745339580245,33.25,-660.5509056500993,-921.495339580245
1651,1,2019-11-01,11586.316919770725,10124.758962452246,13288.25882334478,4668.166666666667,-6325.316919770725,-8027.2588233447805
1652,1,2019-11-01,2899.734715680653,2085.528108866533,3760.414552961566,3562.4166666666665,1275.931950986013,415.2521137050999
1654,1,2019-11-01,12355.69175957216,11074.980044734868,14140.93060427723,4110.666666666667,-6067.691759572161,-7852.93060427723
1656,1,2019-11-01,1741.1109509081557,1222.5393505854295,2307.353066092984,3428.4166666666665,1858.0557157585108,1291.8136005736824
1659,1,2019-11-01,8611.704095744613,7343.326682241653,9663.56999102785,3398.9166666666665,-4728.12076241128,-5779.986657694518
1660,1,2019-11-01,1978.5992645441254,1486.2331862217507,2683.9353508790864,1926.9166666666667,365.8174021225416,-339.51868421241943
1662,1,2019-11-01,8527.069338878007,7615.778787360168,9598.969777504582,4163.916666666667,-4054.6526722113404,-5126.5531108379155
1664,1,2019-11-01,4126.725909678758,2796.832000122852,5256.689014031626,5797.166666666667,2150.7740903212416,1020.8109859683736
1666,1,2019-11-01,2908.361454828988,2271.263379099115,3593.7107956672944,3912.8333333333335,1103.4718785043456,418.1225376660391
1668,1,2019-11-01,5904.890835916598,4898.211123546232,7092.545875323752,4674.916666666667,-895.5575025832641,-2083.212541990418
1669,1,2019-11-01,3075.274145082109,2142.9245550273927,4392.118491626262,4287.833333333333,1543.309188251224,226.46484170707117
1670,1,2019-11-01,3603.8022761315206,2486.1358802215254,4933.337312585306,4182.0,1169.9477238684794,-159.58731258530588
1671,1,2019-11-01,2596.8994502488217,1868.089766892399,3490.94436400413,3573.8333333333335,1170.6838830845118,276.6389693292035
1672,1,2019-11-01,959.4281175124302,707.6919633817954,1000.9241100610734,6220.333333333333,5302.488549154235,5260.992556605593
1674,1,2019-11-01,1676.17632288818,1173.4336966317424,2316.883189737344,2238.1666666666665,933.32367711182,292.61681026265614
1675,1,2019-11-01,4831.157478000937,3616.5849460936133,6472.1056115358315,4166.083333333333,8.175855332396168,-1632.7722782024985
1676,1,2019-11-01,3806.151875249606,2810.218508591382,5071.917637031214,4244.666666666667,699.1814580837281,-566.5843036978804
1677,1,2019-11-01,4269.200155329187,3456.835306753297,5293.636649263581,2764.8333333333335,-1119.7001553291866,-2144.1366492635807
1678,1,2019-11-01,3585.6017401698996,2618.5788442071375,5240.888144870519,4852.083333333333,1766.1482598301004,110.86185512948123
1680,1,2019-11-01,3041.5670609534804,2190.0243361297353,4226.728063714528,4913.25,2368.6829390465196,1183.5219362854723
1682,1,2019-11-01,3002.6805824463136,1955.4527120568132,4267.515227362153,4062.5,1428.3194175536864,163.48477263784662
1684,1,2019-11-01,3741.2880799528407,3102.9340208988997,4973.448682281882,2321.75,-998.2880799528407,-2230.4486822818817
1685,1,2019-11-01,3231.4954785950613,2178.93155903912,4645.368085677527,6167.666666666667,3387.9211880716057,1974.0485809891397
1686,1,2019-11-01,18227.602218442313,16075.661458657682,19477.054856517098,5109.333333333333,-12677.51888510898,-13926.971523183765
1687,1,2019-11-01,7498.275408966802,6389.309563972889,8390.673520355134,3349.0833333333335,-3789.2754089668024,-4681.673520355134
1692,1,2019-11-01,13121.785543168055,10667.814060320645,16926.335426878322,13559.083333333334,2891.5477901652794,-913.0020935449884
1693,1,2019-11-01,4006.6485450477926,2644.815789508252,5601.294265708055,6168.0,2563.8514549522074,969.2057342919452
1694,1,2019-11-01,5087.836636443316,3900.928936936847,6077.613530550405,6229.416666666667,1648.080030223351,658.3031361162621
1695,1,2019-11-01,4027.950380297184,2636.9484346672034,5425.932670126846,4752.25,1522.966286369483,124.98399653982142
1697,1,2019-11-01,2552.9937908405486,1927.2251761435475,3740.878727813985,3416.8333333333335,1342.0895424927849,154.20460551934866
1699,1,2019-11-01,7369.692359666306,5774.121567934722,8729.74867888381,4410.75,-2301.0256929996394,-3661.0820122171435
1700,1,2019-11-01,1712.284450825705,1230.0433232776925,2249.7923772061063,3222.1666666666665,1545.715549174295,1008.2076227938937
1702,1,2019-11-01,2970.0970014923337,1982.4299600788727,3939.3343974903155,3372.5,955.5696651743328,-13.66773082364898
1703,1,2019-11-01,7202.053032026125,5716.374129564861,8841.548938274507,4097.416666666667,-2576.136365359458,-4215.63227160784
1709,1,2019-11-01,2450.7857740022423,1709.6299524284163,3391.106571169196,2959.9166666666665,812.7975593310907,-127.5232378358628
1710,1,2019-11-01,2854.877815910517,2115.2528208063563,4026.847830291755,3335.75,749.2055174228167,-422.76449695842166
1712,1,2019-11-01,5260.094571647353,4123.832984304842,6566.237716825977,5583.25,820.1554283526466,-485.98771682597726
1717,1,2019-11-01,8983.651305197687,8206.495255372445,10461.848797540679,3589.1666666666665,-4961.317971864354,-6439.515464207346
1718,1,2019-11-01,7547.096623177665,6762.640825772212,8236.851496956793,2790.25,-4422.013289844332,-5111.768163623459
1719,1,2019-11-01,2765.364746625409,2055.9755423699835,3886.0616752124074,1934.75,-245.36474662540923,-1366.0616752124074
1720,1,2019-11-01,5329.379957581308,4756.310390348413,5970.982460284334,2068.9166666666665,-3061.046624247975,-3702.6491269510007
1723,1,2019-11-01,2226.516538881338,1635.5341435720381,3021.561387400475,3006.6666666666665,1022.5667944519951,227.52194593285822
1725,1,2019-11-01,4515.768848500445,3347.642947261759,5663.354050523823,3554.3333333333335,-427.5188485004446,-1575.1040505238234
1727,1,2019-11-01,10403.801160659328,9317.8454247134,11491.136524228312,4063.5,-2018.3011606593282,-3105.636524228312
1728,1,2019-11-01,2631.508957574863,1807.3309198358322,3813.1676253606665,3217.9166666666665,881.4077090918036,-300.250958694
1730,1,2019-11-01,2530.4849784626504,1804.0848932533002,3533.5309399139423,3677.3333333333335,1601.1816882040166,598.1357267527246
1731,1,2019-11-01,2153.623757546085,1428.2852405007206,3059.625397378046,3936.8333333333335,1862.4595757872485,956.4579359552877
1733,1,2019-11-01,3507.313523364187,2848.182394808866,4212.056210190854,2177.5,-1063.313523364187,-1768.0562101908536
1735,1,2019-11-01,2239.511891893775,1626.7209092024177,2891.2449313629904,3048.5833333333335,1165.3214414395584,513.588401970343
1736,1,2019-11-01,7173.618810372703,6121.1980653587525,8316.989392729294,3815.75,-1153.2854770393687,-2296.6560593959603
1737,1,2019-11-01,2512.1526968447947,1857.4586760985121,3735.959300655293,3140.5,1090.6806364885388,-133.1259673219597
1740,1,2019-11-01,3880.7904626232926,2100.7657290101242,5601.100832308838,4794.333333333333,1305.7095373767074,-414.6008323088381
1741,1,2019-11-01,4689.4530529852955,4017.066619794514,5787.491123411067,2080.0,-2245.869719651962,-3343.9077900777334
1742,1,2019-11-01,3111.2151257372648,2342.9965218518196,4302.517703474985,4186.0,1691.3682075960683,500.0656298583481
1744,1,2019-11-01,1464.7547192697664,1068.1927756571213,1879.390545428199,2452.75,1470.328614063567,1055.6927879051345
1746,1,2019-11-01,4614.029170440973,2677.8668166351636,6066.841072022891,6437.833333333333,2306.387496225693,853.5755946437748
1749,1,2019-11-01,72.7066070801694,72.7066070801694,943.5213180744457,1471.4166666666667,1606.6267262531642,735.8120152588878
1750,1,2019-11-01,6272.698976439505,4800.5199201355645,7570.081202933347,5892.583333333333,94.63435689382823,-1202.7478696000144
1752,1,2019-11-01,5108.649343114037,4434.500296465642,6214.33314156317,3182.5,481.6839902192969,-623.9998082298362
1753,1,2019-11-01,3641.6374566297823,2579.1525179556024,4782.888078710084,3789.6666666666665,383.69587670355077,-757.5547453767513
1755,1,2019-11-01,3746.342475128796,3067.5849354320526,4514.834506437459,2355.75,-988.7591417954627,-1757.2511731041254
1756,1,2019-11-01,4125.995212423204,2804.674180954775,5726.393130292193,4830.75,1037.338120910129,-563.0597969588598
1757,1,2019-11-01,2511.01365928823,1677.2316727471218,3593.579876398301,3507.1666666666665,1470.9030073784365,388.33679026836535
1758,1,2019-11-01,3058.26971393235,2474.1779042600897,3538.4680600885813,1879.6666666666667,-1161.51971393235,-1641.7180600885813
1759,1,2019-11-01,5247.101175734757,4531.16490279169,6400.859020416075,2773.25,-1946.6845090680904,-3100.442353749408
1762,1,2019-11-01,3377.544358665837,2461.861891192108,4109.682057502216,5298.583333333333,2651.205641334163,1919.0679424977843
1763,1,2019-11-01,3008.035262822548,2091.547314988317,4105.177548189473,3169.9166666666665,649.4647371774522,-447.6775481894729
1764,1,2019-11-01,2726.2053186341905,1718.463376135158,3493.673362380677,2629.1666666666665,258.46134803247605,-509.0066957140107
1765,1,2019-11-01,4291.101149077563,3452.7324326710464,5186.348894576713,2677.1666666666665,-1261.2678157442297,-2156.51556124338
1766,1,2019-11-01,1611.5315589212594,967.5413329258399,2378.73802195375,1698.0833333333333,156.88510774540714,-610.3213552870834
1769,1,2019-11-01,4256.574058198036,3178.35305770685,5303.571109761171,3835.9166666666665,225.67594180196375,-821.3211097611711
1770,1,2019-11-01,3144.7128689551637,2109.843068919613,4307.884300832151,3128.6666666666665,265.5371310448363,-897.634300832151
1771,1,2019-11-01,4395.089173269379,3122.2228384111613,6016.054662794588,4328.583333333333,497.32749339728707,-1123.6379961279217
1772,1,2019-11-01,5680.989827961814,4778.2029354033375,7138.086827464894,4180.25,-1157.5731612951467,-2614.670160798227
1774,1,2019-11-01,3900.4276788638535,3239.3317753282763,4678.347884614468,3510.75,-264.42767886385354,-1042.347884614468
1775,1,2019-11-01,11438.92753482812,10242.942511698147,12322.979881098785,3164.0,-6058.594201494787,-6942.646547765451
1776,1,2019-11-01,15895.070731533677,14606.8054818345,16836.96559552598,3594.4166666666665,-7992.320731533677,-8934.21559552598
1777,1,2019-11-01,5444.594149458422,4163.990559477555,6915.365416734578,5202.666666666667,192.98918387491176,-1277.7820834012437
1779,1,2019-11-01,3153.4986361895144,2556.0388270111885,3941.0065208078036,2677.0833333333335,-291.33196952284743,-1078.8398541411366
1781,1,2019-11-01,2032.7821615179712,1101.1663828734959,3149.385980671597,3004.1666666666665,1384.7178384820288,268.1140193284032
1782,1,2019-11-01,2381.2335932640594,1681.6706884117348,3387.610430325901,3302.75,1437.7664067359406,431.3895696740992
1783,1,2019-11-01,2540.5028182109672,1792.0412426290732,3566.161688437189,3133.9166666666665,957.5805151223658,-68.07835510385576
1785,1,2019-11-01,1971.7663451024134,1474.0258174929788,2425.6079378349905,2155.0833333333335,229.90032156425355,-223.9412711683235
1786,1,2019-11-01,3513.404908153214,2719.260385926665,4537.52075004638,3217.5833333333335,244.5950918467861,-779.5207500463803
1787,1,2019-11-01,5962.5132735864345,4734.563472516809,7400.119965701565,4856.5,-881.8466069197675,-2319.453299034898
1788,1,2019-11-01,3441.9431781709945,2594.099621346454,4653.415688470074,3487.0833333333335,435.05682182900546,-776.4156884700742
1789,1,2019-11-01,3775.7921527256435,3109.6393999432444,4907.470044603916,3210.5833333333335,-416.62548605897655,-1548.303377937249
1791,1,2019-11-01,2739.55118434441,1816.1607722818435,3670.707206154286,2726.3333333333335,481.4488156555899,-449.7072061542858
1793,1,2019-11-01,1650.903913289984,1129.5693914948538,2274.2326796593165,2441.4166666666665,1166.596086710016,543.2673203406835
1794,1,2019-11-01,5012.165513113627,3903.861358974091,6588.410058429054,6261.416666666667,1947.0011535530402,370.75660823761336
1797,1,2019-11-01,13762.932447179914,11088.212994118237,16591.71610273419,2580.1666666666665,-10520.932447179914,-13349.71610273419
1799,1,2019-11-01,6449.234515096263,5318.7711269492465,7838.839086051527,8792.916666666666,2958.432151570403,1568.8275806151387
1802,1,2019-11-01,11347.38978823379,9962.591530370624,12732.438752743301,4942.75,-6030.223121567123,-7415.272086076634
1805,1,2019-11-01,2013.8116678451352,1352.6387123142688,2784.7296424049487,2217.75,387.7716654881983,-383.1463090716152
1807,1,2019-11-01,8082.458179302863,7082.472883729121,9120.004605444767,4338.75,-3120.87484596953,-4158.421272111434
1808,1,2019-11-01,2280.642562495633,1610.7068536733564,3336.0870320830954,2944.25,1037.6074375043672,-17.837032083095437
1809,1,2019-11-01,6199.17668083445,4784.6213087993965,7436.200164946619,6100.666666666667,433.2399858322169,-803.7834982799523
1810,1,2019-11-01,3074.4297329112087,2175.930867555891,4299.715584299764,2597.9166666666665,165.7369337554578,-1059.548917633097
1811,1,2019-11-01,8933.975991613022,6711.576857265248,11000.767778343972,6834.083333333333,-1625.4393249463556,-3692.2311116773053
1812,1,2019-11-01,8376.11126347003,6857.934509906221,10166.856158834498,4248.166666666667,-3412.5279301366954,-5203.272825501164
1813,1,2019-11-01,6020.022737463164,4699.326926662802,7590.544449377627,4695.833333333333,-715.272737463164,-2285.7944493776267
1815,1,2019-11-01,4001.986216929344,2947.1060223481163,5542.462059999065,5165.916666666667,1624.0137830706558,83.53794000093512
1816,1,2019-11-01,2474.949595847938,1567.7500122883973,3351.0434430626483,2853.4166666666665,656.1337374853952,-219.96010972931526
1817,1,2019-11-01,8997.795398166816,7439.768230996482,10523.963835748755,6160.0,-2338.795398166816,-3864.9638357487547
1818,1,2019-11-01,8251.81920250011,6992.74073835906,9274.411860376094,3486.9166666666665,-4287.2192025001095,-5309.811860376094
1820,1,2019-11-01,2089.6183231320138,1399.9057868204623,3280.9367278962827,3199.5,1323.0483435346528,131.7299387703838
1823,1,2019-11-01,5979.224922285057,4408.756235890196,7734.391612447094,5446.833333333333,-130.80825561839083,-1885.9749457804282
1825,1,2019-11-01,4595.073258039836,3410.311593174766,5898.529211055742,3812.8333333333335,-147.15659137316925,-1450.612544389075
1826,1,2019-11-01,801.648718081486,556.9897533787964,1059.744439612268,1385.6666666666667,750.5179485851808,492.4222270543987
1827,1,2019-11-01,5302.696453670923,4178.991939157014,6737.640731455218,3861.75,-850.4464536709229,-2285.390731455218
1830,1,2019-11-01,3991.434353719522,3258.1632714281873,4939.066020913718,2701.5,-900.8510203861883,-1848.4826875803842
1833,1,2019-11-01,3946.5448640031295,2499.995921959565,4788.6846873312825,2918.8333333333335,-544.211530669796,-1386.351353997949
1834,1,2019-11-01,2848.262687813969,1839.5144726364695,3738.572960043988,2963.75,436.6539788526975,-453.6562933773216
1837,1,2019-11-01,3518.9536178759818,2706.052760781262,4435.177810798556,2078.9166666666665,-1032.4536178759818,-1948.6778107985556
1840,1,2019-11-01,3023.831454945274,2215.2414876734993,4391.7599224045525,3687.4166666666665,1044.2518783880591,-323.6765890712195
1842,1,2019-11-01,4838.200300958088,4037.1730950600495,5911.484289397391,2614.4166666666665,-1737.2003009580876,-2810.484289397391
1843,1,2019-11-01,7286.624061272509,6053.322414820996,8394.642777301164,3230.0833333333335,-3700.8740612725087,-4808.892777301164
1844,1,2019-11-01,2565.864991904502,1735.085906087031,3712.98655785922,3125.25,927.7183414288315,-219.40322452588634
1846,1,2019-11-01,1753.0563412919444,1337.2844579706466,2442.0759271643547,2779.6666666666665,1210.0269920413887,521.0074061689784
1849,1,2019-11-01,3873.256440238797,3085.0828706848456,4711.365150673464,3456.9166666666665,-111.00644023879704,-949.1151506734641
1851,1,2019-11-01,4640.417803031779,2957.77558012417,5748.037698095818,6306.833333333333,2037.332196968221,929.7123019041819
1852,1,2019-11-01,6612.037306443528,4979.596062240406,8381.228083766722,5446.416666666667,-473.07730644352796,-2242.268083766722
1853,1,2019-11-01,2206.1548759490256,1454.131925722365,3088.235494114256,3097.0833333333335,1139.1784573843079,257.0978392190773
1854,1,2019-11-01,6310.204739077754,4840.358438126698,7611.957895596315,4028.0833333333335,-1915.2880724110873,-3217.0412289296482
1855,1,2019-11-01,3988.3942538959436,2917.9848832459224,5405.714875245913,2607.25,-777.2275872292771,-2194.548208579247
1856,1,2019-11-01,3109.3613308990284,2375.33985619758,3911.639162409264,3122.25,226.3053357676381,-575.9724957425974
1857,1,2019-11-01,6553.597220498391,4859.711526050945,7959.776638055026,8104.0,1814.236112834943,408.0566952783083
1858,1,2019-11-01,1881.288045007504,1370.9500681998265,2482.669172386774,2206.75,814.5452883258295,213.1641609465596
1859,1,2019-11-01,3276.6948280858296,2243.301120214691,4256.138796916641,3224.0833333333335,323.0551719141704,-656.3887969166408
1861,1,2019-11-01,3827.4610217502395,2745.064358535246,5062.538797907396,5535.583333333333,2142.0389782497605,906.9612020926043
1862,1,2019-11-01,3077.811046550699,2294.2222440439045,4071.5118088479753,3155.3333333333335,409.1056201159681,-584.5951421813083
1863,1,2019-11-01,5022.413724307452,4354.689849621707,6067.05835583976,3677.0,-1052.5803909741185,-2097.2250225064267
1871,1,2019-11-01,3567.451181770186,2532.3951443915234,4930.980854169948,1384.25,-1749.201181770186,-3112.7308541699476
1872,1,2019-11-01,3978.5863090165753,2895.852120752759,5217.2102246262175,5622.5,2104.9970243167577,866.3731087071155
1873,1,2019-11-01,7375.8787182434135,6359.104168177378,8357.210517901536,2858.5,-3937.8787182434135,-4919.210517901536
1874,1,2019-11-01,3382.018195302607,2370.1376768560895,4310.39319480372,3199.1666666666665,210.89847136405933,-717.4765281370533
1875,1,2019-11-01,3996.5196302872714,3051.7689234775507,4937.191242430639,3766.8333333333335,3.2303697127285886,-937.4412424306392
1876,1,2019-11-01,1902.5054184373014,1258.6364872962472,3192.8375424602154,3715.5833333333335,2317.327914896033,1026.9957908731185
1877,1,2019-11-01,7945.458386411086,7140.257415177207,8988.194282690289,5889.416666666667,-1808.1250530777525,-2850.8609493569547
1880,1,2019-11-01,3872.663633900954,3198.119959558695,4600.772756118388,2631.5833333333335,-1035.2469672342872,-1763.3560894517213
1881,1,2019-11-01,3098.0608226050476,2044.703670295736,4235.187463760712,4711.833333333333,2119.6058440616184,982.4792029059545
1882,1,2019-11-01,3396.3558507564326,2239.2190667470286,5178.44893414289,4943.5,2035.7274825769005,253.63439919044322
1885,1,2019-11-01,7856.724975729958,6733.9312301728605,8768.912872618894,3088.0,-4293.891642396624,-5206.07953928556
1888,1,2019-11-01,18408.493395499903,16371.761189167983,20674.190795168182,3459.4166666666665,-7995.243395499903,-10260.940795168182
1891,1,2019-11-01,3013.4177559163154,2218.221375451896,4066.2960380804216,2842.6666666666665,81.74891075035111,-971.129371413755
1895,1,2019-11-01,3287.7356457805527,2344.094887612834,4438.18005576945,3404.0,451.68102088611386,-698.7633891027831
1896,1,2019-11-01,3679.8899927061184,2646.9284120932525,5145.077444488804,3353.8333333333335,110.27667396054858,-1354.9107778221369
1897,1,2019-11-01,5691.737098920081,3858.993668245872,7102.752922033769,8670.75,3315.6795677465852,1904.6637446328969
1898,1,2019-11-01,4884.531942534274,3661.8182986245392,6473.549063907498,4249.416666666667,-97.2819425342741,-1686.2990639074978
1899,1,2019-11-01,1734.3399314018616,1397.2911517623393,2136.125038134172,4763.833333333333,3099.4934019314715,2697.708295199161
1901,1,2019-11-01,5182.5155088749,4326.505780554287,6333.14666002981,2810.6666666666665,-283.5988422082337,-1434.2299933631439
1902,1,2019-11-01,3851.6411981028427,3168.5617160713778,4632.733765680024,2710.1666666666665,-728.7245314361762,-1509.8170990133572
1903,1,2019-11-01,5176.365140068678,3578.464554836445,6729.328955626915,5952.25,1141.4681932646554,-411.4956222935816
1904,1,2019-11-01,5244.434507837756,4542.456616501565,6111.79747717364,2581.9166666666665,-475.76784117109037,-1343.1308105069738
1905,1,2019-11-01,1892.664198441985,1320.4834314649236,2667.106137881326,2374.0833333333335,822.085801558015,47.64386211867395
1908,1,2019-11-01,9693.974698863392,8484.744845017063,11093.747748967487,3705.75,-5321.058032196725,-6720.8310823008205
1909,1,2019-11-01,3858.677496942886,3268.832796687111,4715.437989043051,2209.1666666666665,-1419.4274969428861,-2276.187989043051
1910,1,2019-11-01,5410.949236252826,4687.670820874805,6613.521537971184,2989.0,-2023.5325695861598,-3226.104871304518
1913,1,2019-11-01,4394.711923869565,2984.531252431985,5734.6355663683835,2593.4166666666665,-1182.7952572028985,-2522.718899701717
1915,1,2019-11-01,7421.877120462633,5653.0852739543425,8633.793514882675,4338.5,-2779.2937871292997,-3991.2101815493415
1916,1,2019-11-01,2409.9267230987493,1747.2846061667035,2847.1582754716396,845.1666666666666,-1201.0100564320828,-1638.241608804973
1917,1,2019-11-01,6615.047843957111,5626.872042330297,8067.097059346473,4875.25,-1338.2145106237776,-2790.2637260131396
1918,1,2019-11-01,3381.2920047019875,2352.557143217037,4397.601861192687,3531.5833333333335,722.1246619646795,-294.1851945260196
1919,1,2019-11-01,5405.369334242848,3778.931551092776,7553.097896608852,6707.75,1893.4639990904852,-254.26456327551932
1920,1,2019-11-01,7111.997713461646,6584.94205720994,8142.554816591379,2603.6666666666665,-4166.914380128313,-5197.471483258046
1921,1,2019-11-01,3214.0915849679936,2356.578322660752,4200.785273314049,2672.0,18.741748365339845,-967.9519399807155
1923,1,2019-11-01,3005.1289578003502,2111.1399289949513,4010.9428728199287,2926.5833333333335,397.03770886631673,-608.7762061532617
1926,1,2019-11-01,2739.6982133622,1943.027127592683,3806.800674278695,2214.5,-130.2815466955335,-1197.3840076120287
1928,1,2019-11-01,4328.386808641325,3263.783408356701,5830.907631275746,4640.166666666667,779.3631913586751,-723.1576312757461
1931,1,2019-11-01,9996.29380305307,8219.853879124752,12817.729005632005,6914.5,-2461.3771363864025,-5282.812338965338
1936,1,2019-11-01,3910.8481966732415,3007.620392218399,4825.869064602195,2973.75,-896.2648633399081,-1811.2857312688616
1937,1,2019-11-01,4965.603617072813,3780.1897635283244,6599.185880420151,1421.3333333333333,-3217.52028373948,-4851.102547086818
1940,1,2019-11-01,2036.7820278177653,1594.02200606763,2822.396603905243,2238.75,451.9679721822347,-333.64660390524296
1941,1,2019-11-01,5933.226091999572,5046.651537160641,6785.542380145563,3217.4166666666665,-477.6427586662394,-1329.9590468122296
1942,1,2019-11-01,428.0967007833926,302.34110441562603,679.5552716946278,0.08333333333333333,-428.01336745005926,-679.4719383612944
1944,1,2019-11-01,3748.0118774941398,2620.998273568257,5036.868295913313,4114.833333333333,808.0714558391933,-480.78496257997995
1945,1,2019-11-01,1839.3817580538353,1308.3621810199693,2685.316194623176,2503.5,1073.9515752794982,228.01713871015727
1946,1,2019-11-01,2730.1058623502618,1850.7995052644683,3640.591946897125,3425.75,1134.9774709830717,224.49138643620836
1954,1,2019-11-01,11358.264765839249,9926.117362631972,12558.760245354282,4033.8333333333335,-6718.764765839249,-7919.260245354282
1955,1,2019-11-01,4084.1850925948893,3151.1453468550103,5153.455294630108,2344.5,-1452.9350925948893,-2522.2052946301083
1956,1,2019-11-01,1969.8725982235778,1371.1115804041556,2998.191721393702,3114.25,1530.8774017764222,502.5582786062978
1958,1,2019-11-01,2547.42205660502,1823.6598893207174,3705.8757756103823,3112.1666666666665,1060.1612767283132,-98.2924422770493
1959,1,2019-11-01,4104.977454734841,2846.6365474323384,5696.045561426761,4344.166666666667,592.1892119318263,-998.8788947600942
1962,1,2019-11-01,5354.952920011098,3707.2869654344813,6643.925178184643,7697.916666666667,2700.7137466555687,1411.7414884820237
1963,1,2019-11-01,11076.329235861609,10188.73319292767,12937.958163532441,2822.4166666666665,-8033.162569194943,-9894.791496865775
1964,1,2019-11-01,3787.6887882036253,2800.5053586096687,5023.459227327054,3219.75,-257.68878820362534,-1493.4592273270537
1966,1,2019-11-01,5919.52279394272,5041.889848888777,6932.813099363832,2624.9166666666665,-1163.7727939427205,-2177.0630993638324
1967,1,2019-11-01,3728.4385648620027,2567.547310854164,4705.543513490639,5149.416666666667,1615.2281018046642,638.1231531760277
1969,1,2019-11-01,7568.079801037117,6580.374409316938,8447.677565655844,3724.1666666666665,-3312.746467703784,-4192.344232322511
1971,1,2019-11-01,3334.912713186588,2523.9161972470147,4658.588160769155,3474.1666666666665,772.670620146745,-551.0048274358223
1972,1,2019-11-01,2004.7099953087131,1389.9454071644188,2601.478284535762,1090.75,-407.7933286420464,-1004.5616178690955
1973,1,2019-11-01,2657.849093069025,1773.473086554824,3664.129630978672,2710.0,308.7342402643085,-697.5462976453387
1975,1,2019-11-01,2662.835770277473,1765.1293755168674,3480.070052918821,3247.6666666666665,949.6642297225271,132.42994708117885
1976,1,2019-11-01,6672.115973377677,5177.013814498895,8003.38706401893,4741.416666666667,-1539.3659733776767,-2870.63706401893
1977,1,2019-11-01,3048.9620028502504,1863.5592289642154,4770.462570398411,4765.416666666667,2037.3713304830835,315.8707629349228
1979,1,2019-11-01,3144.1877009086547,1997.0773006750164,4424.6000585387055,5387.25,2712.1456324246783,1431.7332747946275
1980,1,2019-11-01,2384.892708151687,1720.5497344246278,3324.944031636324,3883.5833333333335,1979.3572918483128,1039.3059683636761
1981,1,2019-11-01,2609.266688894515,1616.3981354937996,3695.6684053400013,3275.25,1360.983311105485,274.5815946599987
1983,1,2019-11-01,5415.097662240089,3537.0163488017142,6987.202565360936,11763.416666666666,6884.402337759911,5312.297434639064
1985,1,2019-11-01,2252.129161975224,1728.2858384375274,2700.110549013672,118.83333333333333,-1838.045828641891,-2286.0272156803385
1986,1,2019-11-01,3319.945852105957,2195.4753331676884,4581.585172660018,4035.8333333333335,1121.22081456071,-140.41850599335066
1988,1,2019-11-01,11538.033334692935,9412.436384362529,13153.692208874192,9120.0,-1904.6166680262686,-3520.275542207526
1989,1,2019-11-01,10090.154495422985,7291.505449489695,12701.38786478967,5657.166666666667,-4057.904495422985,-6669.137864789671
1992,1,2019-11-01,3954.3327086049326,3382.4744777491114,4562.9041288450535,1977.0833333333333,-1723.4993752715995,-2332.0707955117205
1993,1,2019-11-01,4765.778518533664,3196.954030043461,6655.225063493191,7732.083333333333,3639.304814799668,1749.8582698401415
1994,1,2019-11-01,4350.816865412509,3095.450534437071,5959.823099228543,6515.0,2700.3498012541577,1091.3435674381244
1995,1,2019-11-01,3833.7016885095286,2877.4726306298844,5057.658481025932,3267.1666666666665,-153.36835517619556,-1377.3251476925989
1996,1,2019-11-01,3171.829681134046,2190.6015276458074,4269.360690694779,3730.6666666666665,946.670318865954,-150.8606906947789
1997,1,2019-11-01,5107.6461326659055,3637.468909467804,6819.797349279811,3233.3333333333335,-1394.5552993325718,-3106.7065159464773
1998,1,2019-11-01,801.92426469521,457.37546108738667,1155.6950763630493,53.75,-565.2575980285434,-919.0284096963827
0,2,2019-12-01,5623.466872815944,4541.06029035962,7239.66279843851,4967.75,-97.46687281594404,-1713.6627984385104
1,2,2019-12-01,2770.884947181977,2065.1423375339314,3905.0846978922373,3780.0,1226.8650528180228,92.66530210776273
2,2,2019-12-01,2707.8989930101484,2116.453572442939,3365.7208068320438,2287.25,-54.8156596768149,-712.6374734987103
3,2,2019-12-01,2525.2228540768347,2009.6000707758858,3378.973165436245,2328.5833333333335,-34.306187410167695,-888.056498769578
4,2,2019-12-01,5498.050035806247,4188.870173491452,7024.825017215171,6369.25,1386.9499641937527,-139.8250172151711
5,2,2019-12-01,2795.6613087521227,1793.3215421360342,3710.5915015527885,1717.8333333333333,-846.3279754187895,-1761.2581682194552
11,2,2019-12-01,5063.911501712577,3538.7809309479785,6499.675410405663,5636.916666666667,830.2551649540901,-605.5087437389957
13,2,2019-12-01,2281.0558142077866,1588.039017297694,3073.2350063932086,2698.1666666666665,736.5275191255464,-55.65167305987552
14,2,2019-12-01,2258.913462222148,1538.9951243475834,3124.7762266573877,2686.0,725.2532044445184,-140.6095599907212
16,2,2019-12-01,3480.953302066497,2599.813956987386,4655.854492827932,1846.5,-1263.5366353998306,-2438.437826161265
17,2,2019-12-01,7286.7048861800595,6085.008842713455,8200.202277658393,1822.25,-4899.2048861800595,-5812.702277658393
19,2,2019-12-01,507.3560494348217,334.28629724384535,632.0481555590284,2908.5833333333335,2420.977283898512,2296.2851777743053
20,2,2019-12-01,2848.693870432465,1931.925802624157,3748.6247359086838,1947.5833333333333,-326.7772037657983,-1226.7080692420172
21,2,2019-12-01,2998.93133550643,1841.3457493005046,3860.7681603640413,3590.3333333333335,1071.81866449357,209.98183963595875
22,2,2019-12-01,4050.1173465981637,3064.4688447763538,5503.742131982627,4497.166666666667,986.5493200685032,-467.0754653159602
24,2,2019-12-01,3017.5432099302066,2217.1675847240504,3889.9560442135044,3212.8333333333335,278.6234567364604,-593.7893775468374
27,2,2019-12-01,4038.2142817178546,2929.063297779978,5448.405367405541,1985.0833333333333,-1456.9642817178546,-2867.1553674055413
28,2,2019-12-01,3788.243188030645,2519.977818960818,5145.902620952832,4522.75,1057.173478636022,-300.485954286165
32,2,2019-12-01,2869.320543676874,2259.6957298636703,3763.264831841205,4359.583333333333,1602.096122989792,708.1518348254613
33,2,2019-12-01,4750.295486941263,3772.632551533659,5785.5030203983015,3224.3333333333335,-988.1288202745964,-2023.3363537316345
34,2,2019-12-01,6333.232639811456,4831.966581648146,8592.809223356166,4321.166666666667,-1426.2326398114556,-3685.8092233561656
37,2,2019-12-01,5770.1760276563555,4643.58525574874,6749.59700120553,2890.8333333333335,-506.84269432302153,-1486.2636678721965
38,2,2019-12-01,4645.684319720401,3671.114804909128,5814.380088047826,3333.8333333333335,-907.9343197204007,-2076.6300880478257
39,2,2019-12-01,8022.642057571932,6873.03875700599,9076.960365438872,5145.0,-2675.975390905265,-3730.293698772205
40,2,2019-12-01,1628.8574561793553,968.3294400056878,2362.42852201925,2436.9166666666665,910.8092104873112,177.23814464741645
42,2,2019-12-01,2331.6430476760966,1669.6527129875772,3251.428088947394,710.5,-1055.3930476760966,-1975.178088947394
44,2,2019-12-01,3333.5330457340906,2581.6005424831123,4294.10598945177,3182.8333333333335,253.9669542659094,-706.6059894517703
45,2,2019-12-01,1198.4791285308352,699.5561369391469,2007.8688290097693,5315.083333333333,4432.020871469165,3622.6311709902307
46,2,2019-12-01,4028.3846401790215,2817.9064785716664,5352.688695294599,4499.666666666667,1113.1153598209785,-211.1886952945988
47,2,2019-12-01,3041.1355827392267,2532.042593196759,3656.4444829683907,2119.5,-507.9689160725602,-1123.2778163017242
48,2,2019-12-01,2793.595057638555,2043.6623568132125,3588.795160813873,1378.5,-769.5117243052214,-1564.7118274805393
50,2,2019-12-01,2453.5146264260475,1760.356956190899,3555.2498321012586,3269.8333333333335,1180.4853735739525,78.75016789874144
51,2,2019-12-01,4045.5551849046474,2951.1739507563616,5496.366272353109,4275.25,542.3614817620196,-908.4496056864418
52,2,2019-12-01,13539.772149012759,11628.555910979885,15077.602009266246,5316.333333333333,-7790.938815679426,-9328.768675932912
53,2,2019-12-01,8631.999053673195,7800.363301083062,9700.530738876356,3308.3333333333335,-2900.249053673195,-3968.780738876356
55,2,2019-12-01,2683.1862197567566,1945.1186724284469,3569.6692026746728,3715.25,1458.4804469099104,571.9974639919942
57,2,2019-12-01,4511.356992144168,3555.005380863712,5406.297696341587,3652.1666666666665,-559.5236588108346,-1454.4643630082537
58,2,2019-12-01,4792.149098376103,3398.1712086731477,6194.94439053574,4376.0,258.9342349572298,-1143.8610572024072
59,2,2019-12-01,2780.312372081252,2193.3459961601397,3633.105079325897,2088.8333333333335,-593.8957054145849,-1446.68841265923
60,2,2019-12-01,5497.525909175001,4506.69667932222,6543.05776340726,2838.0833333333335,-2318.7759091750013,-3364.3077634072597
61,2,2019-12-01,6893.932641019555,5601.493118263122,8835.99714253759,7783.833333333333,1391.8173589804446,-550.2471425375898
62,2,2019-12-01,3981.4343404134747,3050.5624879288825,4847.285806502927,1857.5,-1452.5176737468082,-2318.3691398362603
63,2,2019-12-01,3193.271550879727,2485.535636377131,3885.120257777132,2951.5,177.97844912027313,-513.8702577771319
64,2,2019-12-01,4942.483952973477,3360.210314079757,6728.0364536682555,4288.75,-307.9006196401442,-2093.4531203349225
65,2,2019-12-01,3047.1124963349553,2220.3947134735045,3854.2857148533576,2876.4166666666665,118.72083699837776,-688.4523815200246
68,2,2019-12-01,5968.555687037299,5069.111601270888,7091.785550243086,3499.75,-2206.0556870372993,-3329.2855502430857
69,2,2019-12-01,2535.1066237876976,1870.8395823883689,3419.671314799057,3193.1666666666665,1127.3933762123024,242.8286852009428
73,2,2019-12-01,4672.804258387756,3382.5793621283287,6448.496993081977,4456.5,157.61240827891106,-1618.08032641531
74,2,2019-12-01,2798.537337468655,1803.258842980969,3544.1635314569394,3496.4166666666665,1028.8793291980114,283.25313520972713
75,2,2019-12-01,3847.6272376808397,3141.3683747812456,4798.964118374161,1860.5,-1810.8772376808397,-2762.2141183741614
77,2,2019-12-01,8624.392968108386,7464.411247668702,9688.52841236908,4259.166666666667,-4133.726301441719,-5197.861745702413
79,2,2019-12-01,2933.393412279231,1972.4480916326297,3907.8367843380574,2430.3333333333335,-63.81007894589766,-1038.253451004724
80,2,2019-12-01,2076.0397368031936,1368.5670618579315,2828.3281340955696,1817.9166666666667,-37.53973680319359,-789.8281340955696
81,2,2019-12-01,5359.70322074896,4452.086885536675,6414.19532180376,2963.3333333333335,-1922.8698874156266,-2977.3619884704262
84,2,2019-12-01,3535.295783447485,2983.795988902597,4304.721058556007,2145.6666666666665,-1313.712450114152,-2083.137725222674
86,2,2019-12-01,2770.277369144488,2127.064909120896,3267.344317883087,1934.3333333333333,-534.1107024778216,-1031.1776512164206
87,2,2019-12-01,3432.6823251864025,2913.5817303110425,4202.769124816222,2012.9166666666667,-1015.9323251864025,-1786.0191248162218
89,2,2019-12-01,3590.3407310223843,2873.2174241220996,4445.231080602376,2518.0833333333335,-773.0073976890508,-1627.8977472690426
90,2,2019-12-01,4217.9189258703445,3521.3794357300876,4814.052178418769,1066.3333333333333,-2785.502259203678,-3381.635511752102
92,2,2019-12-01,3448.9461044260797,2549.8056388293853,4463.342432764234,2595.4166666666665,-537.6127710927467,-1552.0090994309012
94,2,2019-12-01,4323.759863762194,3278.6339600273295,5393.196385603851,3063.3333333333335,-656.5931970955271,-1726.029718937184
96,2,2019-12-01,24234.73395096208,18405.9663616185,26991.974767397456,8318.75,-11209.98395096208,-13967.224767397456
98,2,2019-12-01,6825.015611637535,5588.353116579634,8148.8377348873355,1387.1666666666667,-4991.932278304201,-6315.7544015540025
100,2,2019-12-01,3884.5877521169737,2712.14576790036,5254.798171020837,4078.6666666666665,929.1622478830263,-441.0481710208369
103,2,2019-12-01,2234.7213063006857,1605.8656811711198,3113.2354185972267,2897.8333333333335,872.6953603659813,-5.818751930559756
104,2,2019-12-01,3581.6395124047776,2723.998835365485,4743.451834636738,3115.3333333333335,-125.47284573811066,-1287.2851679700707
106,2,2019-12-01,2646.913179085706,2007.95040769253,3281.372178182056,2496.4166666666665,194.5034875809606,-439.9555115153894
107,2,2019-12-01,1668.0901303775754,1042.4782177020065,2473.310363879682,2229.8333333333335,818.8265362890916,13.606302786984998
110,2,2019-12-01,3798.559877664476,2479.3571415724,5464.9287030953,4348.833333333333,822.10678900219,-844.262036428634
112,2,2019-12-01,8875.664582128707,7999.49088495791,10074.20301082868,2926.1666666666665,-5433.1645821287075,-6631.70301082868
113,2,2019-12-01,4156.340119131131,2993.8392531448126,5561.588920447803,3250.25,-736.0901191311314,-2141.3389204478026
114,2,2019-12-01,12150.507697963476,11175.9345702276,13954.460872045947,2870.0833333333335,-4819.84103129681,-6623.794205379281
115,2,2019-12-01,5869.467743134625,4323.907135241554,7635.619485819538,8418.166666666666,2917.2822568653746,1151.1305141804623
116,2,2019-12-01,5207.571201480638,4096.215195973594,6753.215511676825,5602.5,962.5121318526953,-583.1321783434923
118,2,2019-12-01,2921.561147158793,1991.9428119019767,3616.979742369003,2627.75,-76.22781382545963,-771.6464090356694
119,2,2019-12-01,3664.096335113825,2595.8101509715225,4868.322998702083,4717.083333333333,1500.2369982195082,296.01033463124986
120,2,2019-12-01,3532.1554357675623,2197.346333027513,4783.880142381356,5084.0,1880.0112308991047,628.2865242853113
121,2,2019-12-01,4780.634675045455,3885.675855813138,5640.25275127898,3784.9166666666665,-552.2180083787889,-1411.8360846123142
122,2,2019-12-01,3508.1874898336,2631.5124918722854,4850.316345131127,3268.4166666666665,156.89584349973302,-1185.2330117977936
123,2,2019-12-01,2897.484386745332,2116.40246854606,3720.1258398735004,3026.25,427.6822799213346,-394.95917320683384
124,2,2019-12-01,2216.6382947298375,1462.6626789800252,3343.6013901357937,2859.25,1003.028371936829,-123.93472346912722
125,2,2019-12-01,1579.6901429355817,1182.8418953101911,2291.3191410634236,2211.25,941.3098570644183,229.68085893657644
126,2,2019-12-01,2218.7500335318628,1603.8523708216865,2915.7852363720435,2216.6666666666665,269.99996646813725,-427.0352363720435
127,2,2019-12-01,6835.9884620655,5845.503412778805,7885.169188992741,2629.4166666666665,-3825.5717953988337,-4874.7525223260745
128,2,2019-12-01,3244.093522578009,2328.676773481266,4092.240948047578,2614.75,-275.593522578009,-1123.740948047578
132,2,2019-12-01,1343.5634117697643,965.4588751651636,2185.7186502282584,2629.5833333333335,1622.5199215635691,780.3646831050751
133,2,2019-12-01,4237.7622714411655,3097.5081978489,5550.284099964355,5224.333333333333,1476.0710618921676,163.5492333689781
134,2,2019-12-01,4202.913180659446,2741.9959397145244,5378.264082189019,4181.166666666667,125.08681934055403,-1050.264082189019
135,2,2019-12-01,6677.600334331537,5703.5728574575605,7676.382586731915,3174.0,-3061.7670009982035,-4060.549253398581
137,2,2019-12-01,8218.174312103283,7616.624394048274,9075.64213395345,3422.4166666666665,-4579.59097876995,-5437.058800620117
138,2,2019-12-01,2918.226011540008,1971.6245326870335,3852.9505764562155,2730.8333333333335,130.27398845999187,-804.4505764562155
140,2,2019-12-01,2980.2166723411774,1997.1332284255568,3920.9015160999534,3510.0,1028.5333276588226,87.84848390004663
141,2,2019-12-01,3909.714269778787,2881.2275610258325,4921.269165871697,1923.5,-1292.0476031121207,-2303.60249920503
142,2,2019-12-01,6823.615308665341,5545.496170391756,8232.551839816226,4315.666666666667,-2251.865308665341,-3660.8018398162258
144,2,2019-12-01,5392.132329411575,4335.7248560076105,6011.448311962271,2694.1666666666665,-2215.2989960782415,-2834.614978628938
145,2,2019-12-01,1550.6266552066186,1132.7337244537107,2459.972346583543,2111.1666666666665,978.9566781267145,69.61098674978984
146,2,2019-12-01,4207.154613536997,2861.304305062018,5392.654110122831,5725.833333333333,2164.428719796336,978.9292232105017
147,2,2019-12-01,3414.322571586814,2265.1569333020357,4968.819196588578,4698.583333333333,1834.0107617465192,279.514136744755
148,2,2019-12-01,3457.8232266333744,2580.6617516238493,4233.973080781294,3223.4166666666665,-20.406559966707846,-796.5564141146274
149,2,2019-12-01,5602.776507036995,4082.6015093517235,7062.392447298297,7603.083333333333,2527.723492963005,1068.1075527017028
150,2,2019-12-01,6129.430767391857,4763.983844678157,7653.1455028596,5957.5,261.2358992748095,-1262.4788361929332
152,2,2019-12-01,7253.205264792827,5711.6310936228565,9180.381648820694,4111.25,-2736.7885981261597,-4663.964982154027
153,2,2019-12-01,2218.15792576269,1522.440929702354,3353.7708704988936,2290.3333333333335,345.008740903977,-790.6042038322266
154,2,2019-12-01,7215.00094644342,6298.763911795693,8068.064977182128,3122.3333333333335,-1706.6676131100858,-2559.731643848794
155,2,2019-12-01,2115.2977355160833,1603.4005437337564,2799.7522644151436,806.5,-786.2144021827498,-1470.6689310818101
156,2,2019-12-01,2889.2106629193754,2258.592365174051,3413.8695789535736,2333.9166666666665,-174.12732958604238,-698.7862456202406
157,2,2019-12-01,4152.533886825651,3101.2086866410946,5003.779685030991,2737.25,-1010.8672201589848,-1862.113018364324
160,2,2019-12-01,3287.4677047059176,2397.3980423131943,4270.370273881374,3163.75,322.1989619607489,-660.7036072147071
161,2,2019-12-01,3622.5668202471593,2919.83026508864,4358.230357359376,1955.75,-1268.1501535804928,-2003.8136906927098
162,2,2019-12-01,4896.463868181273,3509.29684945383,6539.489027966991,5509.25,1086.536131818727,-556.4890279669908
164,2,2019-12-01,2953.121407592507,1935.8869011949478,3771.5534516303014,3152.4166666666665,684.2119257408262,-134.2201182969684
165,2,2019-12-01,10853.955071640332,9341.217804726813,12199.014682522806,8973.583333333334,-1473.7050716403319,-2818.7646825228057
169,2,2019-12-01,1039.4775917997279,825.1865930959285,1693.577848838523,2537.5833333333335,1536.1057415336056,882.0054844948104
170,2,2019-12-01,3743.9791065777804,2907.9481687138405,4669.27989872003,3081.9166666666665,-324.2291065777804,-1249.5298987200304
171,2,2019-12-01,9414.590031366639,7936.255835725626,10624.37547957823,4131.416666666667,-2976.756698033305,-4186.542146244896
172,2,2019-12-01,2056.8234956141982,1254.6635912912243,2899.1572889434005,3763.6666666666665,1909.9265043858018,1067.5927110565995
173,2,2019-12-01,5413.032341136602,4433.487882399493,6617.944823001863,2533.25,-2386.449007803268,-3591.36148966853
176,2,2019-12-01,5614.831677606288,4293.23082274137,6875.134896280187,4347.666666666667,-844.3316776062884,-2104.6348962801867
177,2,2019-12-01,6628.465192442989,5277.919334331789,8010.014487068788,4854.0,-1261.131859109656,-2642.681153735455
178,2,2019-12-01,3486.655256688925,2379.9837293647356,4507.189984271387,4087.0833333333335,1161.594743311075,141.0600157286126
180,2,2019-12-01,2072.617134857676,1374.03235413195,2603.3919617929805,2213.0,227.71619847565762,-303.058628459647
184,2,2019-12-01,2722.177851982871,1674.6419519863673,3683.6958687108277,3627.4166666666665,1205.9054813504622,244.38746462250538
185,2,2019-12-01,3250.904901485681,2394.6943619349113,4347.392115693843,2578.5,-449.90490148568097,-1546.3921156938432
190,2,2019-12-01,9150.934317379302,7848.533058015443,10208.03490691338,3704.3333333333335,-5064.465984045969,-6121.566573580048
194,2,2019-12-01,5060.459399588146,4169.190397643226,6052.785713294174,2556.75,-249.45939958814597,-1241.7857132941735
196,2,2019-12-01,2649.063256031518,1819.3477257186166,3527.9876218109757,2981.25,852.3534106351485,-26.57095514430921
197,2,2019-12-01,5591.908309612171,4482.752356112123,6487.745766762645,2677.3333333333335,-2770.9083096121713,-3666.745766762645
198,2,2019-12-01,2594.4613647296915,1539.0211433715733,3818.0757130464817,2624.75,405.78863527030853,-817.8257130464817
199,2,2019-12-01,3866.0992468179593,2698.6845487761584,5629.612355666859,6527.416666666667,3341.5674198487077,1578.054310999808
200,2,2019-12-01,3298.9722446612086,2428.9902714736777,4263.530160085545,3044.0,167.5277553387914,-797.0301600855446
201,2,2019-12-01,1794.1126851929832,1023.3511714341679,2764.269317077904,2985.25,1377.1373148070168,406.9806829220961
203,2,2019-12-01,2608.0011498476124,1792.3215501374796,3774.647598562571,2525.4166666666665,432.4988501523876,-734.1475985625711
205,2,2019-12-01,3408.991972606502,2510.239760949619,4292.571247478001,3323.5,337.0913607268317,-546.4879141446677
206,2,2019-12-01,2690.9332726981715,1823.5493681256328,3656.7389214407012,3131.9166666666665,803.483393968495,-162.32225477403472
207,2,2019-12-01,2175.8240328481897,1553.4825053905001,3186.807174672517,2379.4166666666665,552.2593004851433,-458.72384133918376
208,2,2019-12-01,14473.583256413202,13071.495640032128,17121.99597972919,5645.583333333333,-4462.4165897465355,-7110.8293130625225
209,2,2019-12-01,3300.5988543515045,2545.6481306793235,4259.603402277302,2433.8333333333335,-488.4321876848376,-1447.436735610635
211,2,2019-12-01,2067.8515356858957,1581.6469625867294,2666.0245758468914,2415.25,486.64846431410433,-111.52457584689137
212,2,2019-12-01,1825.2157570947252,1267.0221037653287,2633.3976060054038,2344.75,922.5342429052748,114.35239399459624
213,2,2019-12-01,5721.256113569914,4474.913480609642,7484.443841353919,4597.666666666667,-386.33944690324734,-2149.527174687252
216,2,2019-12-01,2385.0939172298677,1686.1048241012109,3435.568059645052,2764.8333333333335,754.2394161034658,-296.23472631171853
217,2,2019-12-01,3560.147707830488,2694.1708478470578,4733.028499716362,2585.9166666666665,-767.4810411638214,-1940.3618330496952
218,2,2019-12-01,2670.6455717338567,1821.6934273254524,3700.8854971916267,2849.1666666666665,620.5210949328098,-409.71883052496014
219,2,2019-12-01,1487.4592885592044,1055.6167375256819,2113.491546679132,1875.4166666666667,838.9573781074625,212.9251199875348
220,2,2019-12-01,3279.3759343016054,2093.2111070381643,4619.698244797167,5153.833333333333,2395.0407323650606,1054.7184218694993
222,2,2019-12-01,5907.627400340383,3259.340365210406,7220.1461156254545,7784.75,2223.0392663262837,910.5205510412125
225,2,2019-12-01,3954.2362442976632,2889.415928943228,5213.130046026627,3407.25,139.51375570233677,-1119.3800460266266
227,2,2019-12-01,5946.337160540471,4756.480630156516,7277.438933691775,6857.916666666667,1460.829506126196,129.7277329748922
229,2,2019-12-01,4276.551370741783,3019.1859055814507,5436.234068659467,4937.333333333333,1153.448629258217,-6.234068659467084
230,2,2019-12-01,2240.1577164995742,1551.285869418881,3252.425697672124,2958.4166666666665,1144.7589501670923,132.49096899454253
231,2,2019-12-01,3424.912171854442,2633.571286508728,4320.6164980648555,3022.5,-85.57883852110854,-981.283164731522
233,2,2019-12-01,4574.978196642225,3689.182582856612,6024.83975274433,3955.3333333333335,-356.47819664222516,-1806.3397527443303
234,2,2019-12-01,4041.0682363336346,3200.008055674479,5131.390951918087,3135.25,-696.7349030003011,-1787.0576185847535
235,2,2019-12-01,3506.4378040410807,2205.084865482155,4872.577091958499,4056.3333333333335,1114.6455292922533,-251.49375862516536
236,2,2019-12-01,5598.89067200958,3929.4809405031065,7935.807307934145,13439.666666666666,8221.692661323752,5884.776025399187
237,2,2019-12-01,4204.381092290366,2839.870405597114,5587.641890283556,4882.0,1026.2022410429672,-357.05855695022274
240,2,2019-12-01,2060.934898761877,1116.310554469981,3103.327148513482,2905.6666666666665,1083.9817679047896,41.5895181531846
241,2,2019-12-01,3752.5772151735814,3001.6841500054975,4764.027252728477,2550.4166666666665,-704.2438818402484,-1715.693919395144
242,2,2019-12-01,3961.2264223845923,3087.9570146328115,4981.727259337094,3630.0,77.85691094874119,-942.643926003761
244,2,2019-12-01,2171.7940075491388,1548.4437678356198,2694.2179372416076,2233.5,473.70599245086123,-48.717937241607615
246,2,2019-12-01,5247.893041730297,3947.9160853033445,7007.415194229426,6858.166666666667,2122.106958269703,362.58480577057435
247,2,2019-12-01,8873.919422392955,7227.081303540691,10247.864694242791,4548.916666666667,-3660.3360890596214,-5034.281360909457
248,2,2019-12-01,1902.0307450564117,1405.5444542762696,2788.576416045694,1133.0,-601.1140783897449,-1487.659749379027
249,2,2019-12-01,2604.0700929083405,1836.4322884607957,3214.860921512682,2486.25,122.013240424993,-488.77758817934864
250,2,2019-12-01,3952.2885773202247,3200.8138385586635,4877.056284594903,2889.25,-733.4552439868912,-1658.22295126157
252,2,2019-12-01,4924.071184737547,4153.714289598862,5944.717874056318,2915.4166666666665,-1678.321184737547,-2698.9678740563177
254,2,2019-12-01,10040.226312678244,8389.37172988693,11179.832889647107,5632.416666666667,-3866.2263126782436,-5005.832889647107
256,2,2019-12-01,4038.3969318346426,3056.4381852300703,5160.669072125667,1904.1666666666667,-1697.9802651679756,-2820.2524054590003
257,2,2019-12-01,4055.1269885362212,3433.878994365871,5199.681302393196,2589.1666666666665,-1151.7103218695547,-2296.26463572653
260,2,2019-12-01,1651.6981745809592,1003.0955954126492,2647.0627474395997,2425.8333333333335,1020.9684920857078,25.60391922706731
261,2,2019-12-01,6033.585925830703,4601.137791710509,7676.90714528361,4924.416666666667,-530.5859258307028,-2173.9071452836097
264,2,2019-12-01,3547.0905468598194,2666.0424645453822,4541.492436615518,3691.9166666666665,610.9094531401806,-383.4924366155183
265,2,2019-12-01,2703.993652468126,1882.6983771699443,3758.3715856319895,3791.4166666666665,1591.839680865207,537.4617477013435
267,2,2019-12-01,1546.9353836852313,1024.2185730474712,2224.125139488454,2311.0833333333335,1039.3979496481022,362.2081938448796
273,2,2019-12-01,4152.934380204788,3198.668167782403,5193.132501649139,3117.9166666666665,-602.4343802047879,-1642.6325016491392
274,2,2019-12-01,3991.397155805286,2712.708064948909,5165.552841961229,4067.5,460.1861775280472,-713.9695086278962
275,2,2019-12-01,9126.203097533997,7997.307630755852,10554.548589705733,6357.333333333333,-2484.8697642006637,-3913.2152563724003
277,2,2019-12-01,2677.126466372843,1926.9199594561835,3630.714837771344,2644.9166666666665,283.62353362715703,-669.9648377713438
278,2,2019-12-01,9306.785327247686,6910.991905967508,12634.83104217092,16147.333333333334,7560.631339418982,4232.585624495749
280,2,2019-12-01,5161.432617537889,3933.6125118881237,6554.58361997029,3715.4166666666665,-1038.5159508712231,-2431.666953303624
282,2,2019-12-01,1978.4021286186935,1461.1201542644346,2709.2357726490945,2132.0833333333335,554.8478713813065,-175.98577264909454
285,2,2019-12-01,14348.484768981481,12714.987695331707,16143.477939722372,2874.6666666666665,-11141.65143564815,-12936.64460638904
286,2,2019-12-01,2182.890053909813,1697.179973846352,3202.476309824902,3185.25,1710.0266127568534,690.4403568417647
287,2,2019-12-01,2442.603884310543,1777.7795357799978,3403.585866254105,3598.4166666666665,1501.5627823561235,540.5808004125615
291,2,2019-12-01,5321.202388632066,4655.146805893607,6435.281013011917,3367.25,-1729.6190552987323,-2843.6976796785834
293,2,2019-12-01,2991.8764311882005,2047.7449830000728,3964.235994158239,3507.0,812.040235478466,-160.3193274915725
299,2,2019-12-01,1780.7389793113325,1219.3480268800258,2650.1071658408223,2352.4166666666665,711.0110206886675,-158.3571658408223
300,2,2019-12-01,3489.171921067551,2441.2848623039113,5186.611092015786,6309.25,3199.994745599116,1502.5555746508808
301,2,2019-12-01,3370.0273225807473,2304.403830393952,4433.628053159009,4359.0,1210.3060107525857,146.7052801743239
303,2,2019-12-01,12031.747635452943,10506.760130203136,13265.645768708137,5006.666666666667,-6533.664302119609,-7767.562435374803
305,2,2019-12-01,2803.15995023242,2352.3251336001344,3109.7961145779136,2449.0,-276.2432835657537,-582.8794479112471
311,2,2019-12-01,1898.3757205478512,1229.024409636223,2651.099887654797,2459.1666666666665,846.1242794521488,93.40011234520307
313,2,2019-12-01,2495.8880457159908,1662.482096795593,3491.7711478835618,2795.6666666666665,803.5286209506758,-192.35448121689524
315,2,2019-12-01,2079.2958475656837,1265.9821207932973,3236.130260180033,3531.5833333333335,1914.7874857676497,757.9530731533005
316,2,2019-12-01,5996.083044812027,5058.288099295052,7062.555180953744,3322.5833333333335,-2105.583044812027,-3172.0551809537437
319,2,2019-12-01,4343.135044819606,3584.6357011674327,5403.511073057313,2363.0833333333335,-1797.1350448196063,-2857.5110730573133
320,2,2019-12-01,2907.457022846336,2155.7025204055963,4015.7332511334735,2970.0833333333335,512.7929771536642,-595.4832511334735
321,2,2019-12-01,2400.6669579398113,1578.171443027956,3176.191425900105,3348.0833333333335,1236.4997087268557,460.9752407665619
322,2,2019-12-01,1424.5867298322812,926.9810770431773,2245.317692509273,2337.9166666666665,1232.4966035010518,411.76564082406003
323,2,2019-12-01,4827.315686571557,4134.964804523486,5618.919735573185,2224.6666666666665,-490.7323532382243,-1282.3364022398519
327,2,2019-12-01,7918.556501275352,7134.216093181823,8612.828935303292,3070.25,-4660.973167942018,-5355.245601969958
328,2,2019-12-01,5223.864935821286,4146.851124531712,6254.26590411374,3026.9166666666665,-1946.031602487953,-2976.4325707804073
329,2,2019-12-01,5651.209250857759,4591.497899355163,6824.873708561214,3060.3333333333335,-2078.8759175244254,-3252.5403752278803
331,2,2019-12-01,2268.451191174651,1621.910526385016,3002.7834243792513,2492.25,614.9654754920157,-119.36675771258479
332,2,2019-12-01,3415.0543777511525,2539.792304791577,4409.26729897391,3113.5,105.612288915514,-888.6006323072438
334,2,2019-12-01,2325.1767258031255,1555.5079871369257,3461.6626375158244,3367.25,1284.0732741968745,147.58736248417563
335,2,2019-12-01,5428.345241029519,4146.14833865515,7071.44711778685,4705.583333333333,-57.76190769618552,-1700.863784453517
338,2,2019-12-01,6280.042899823671,5069.13881943321,7679.909829508795,4188.166666666667,-1524.7095664903372,-2924.576496175461
343,2,2019-12-01,2526.3069488328283,1737.1229481023968,3351.8312035137665,3970.25,1963.2763845005047,1137.7521298195666
345,2,2019-12-01,2311.7124321564993,1572.7541457423956,3429.16144957253,2958.25,872.8709011768342,-244.57811623919633
346,2,2019-12-01,3847.221695171925,3078.4097040471465,5527.864145179404,4048.3333333333335,593.9449714947418,-1086.6974785127368
348,2,2019-12-01,2741.1028274137275,1749.679278553624,3748.1244381469414,3864.75,1519.0638392529395,512.0422285197255
349,2,2019-12-01,2200.8503307003643,1596.8975114036484,3041.7475912498967,3602.4166666666665,1845.6496692996357,1004.7524087501033
350,2,2019-12-01,5770.938367170927,4428.077764052599,7827.48359098092,4871.916666666667,-235.93836717092745,-2292.48359098092
351,2,2019-12-01,2641.5247499533034,1885.2279153862494,3273.423612214752,1429.1666666666667,-832.6914166199699,-1464.5902788814187
354,2,2019-12-01,3973.1364632166747,3016.652393337678,5340.103169043659,2661.8333333333335,-977.4697965500077,-2344.4365023769924
356,2,2019-12-01,6320.407110142647,5329.500007940539,7253.861392054643,3451.6666666666665,-2591.323776809314,-3524.77805872131
357,2,2019-12-01,4261.8187153979825,3218.8100876117337,5884.749231981615,6679.666666666667,2905.2646179353515,1282.3341013517193
359,2,2019-12-01,3914.280675658084,2776.726282652329,5481.144627344151,4781.916666666667,1154.135991008583,-412.7279606774837
360,2,2019-12-01,3788.738872109734,3002.0056643300527,4922.393615834966,3856.5,448.0111278902659,-685.6436158349661
361,2,2019-12-01,2709.8736106379893,1939.020152246358,3704.7674168887033,3254.3333333333335,960.0430560286777,-34.85075022203637
362,2,2019-12-01,6712.824461624025,5359.63645117517,7788.202333847965,4059.1666666666665,-2194.3244616240254,-3269.702333847965
363,2,2019-12-01,680.4508118885446,549.925365845299,858.3145632241639,4057.1666666666665,3376.715854778122,3198.8521034425025
364,2,2019-12-01,5815.548593038069,4726.217344976716,6944.836666459911,3317.4166666666665,-2171.8819263714026,-3301.169999793244
366,2,2019-12-01,4501.135234799264,3395.7802163068327,5871.408190315819,3325.9166666666665,-584.3852347992643,-1954.6581903158194
368,2,2019-12-01,5246.381773368393,4356.142908908312,6292.591869962904,3567.1666666666665,-1276.6317733683927,-2322.8418699629037
369,2,2019-12-01,7700.226044428542,6319.4596960405215,9534.324949883077,4291.583333333333,-2875.809377761876,-4709.908283216411
370,2,2019-12-01,2389.5694978597426,1635.689641043824,3372.575890800051,3492.0,1251.9305021402574,268.9241091999488
371,2,2019-12-01,11533.466566392595,8933.88905086735,13127.932496916583,7697.333333333333,-3595.8832330592622,-5190.34916358325
373,2,2019-12-01,5442.3211111351775,4802.521616086666,6394.9687080787835,1783.0833333333333,-1379.7377778018445,-2332.3853747454505
374,2,2019-12-01,2567.843641681456,1919.438938012197,3284.566242115103,2598.0833333333335,90.15635831854388,-626.5662421151028
375,2,2019-12-01,12.684726015018297,12.684726015018297,1999.2113192360016,3134.75,3247.898607318315,1261.3720140973319
376,2,2019-12-01,7918.794480129313,6538.831944193808,9379.604842722498,4831.25,-2873.1278134626464,-4333.938176055831
377,2,2019-12-01,6078.16965527965,5032.039913610576,6923.513230144072,3259.1666666666665,-2392.91965527965,-3238.2632301440717
379,2,2019-12-01,5353.6147508208605,4710.90759082732,6474.310324752172,3624.6666666666665,-1213.9480841541945,-2334.643658085506
380,2,2019-12-01,2631.243648263275,1835.1767668486116,3735.4975411404416,3154.75,840.2563517367248,-263.9975411404416
383,2,2019-12-01,2008.8017746114504,1188.59510048856,3097.5118684873764,2857.25,1156.4482253885496,67.73813151262357
385,2,2019-12-01,2787.844208212161,1913.3738872343856,3927.039047991033,2536.1666666666665,222.405791787839,-916.7890479910329
386,2,2019-12-01,6588.749397325324,5265.43747092995,8395.36456569497,4163.916666666667,-1828.999397325324,-3635.61456569497
391,2,2019-12-01,2346.3044949782457,1558.697672337555,3256.265838339369,2939.1666666666665,1154.2788383550874,244.31749499396392
393,2,2019-12-01,2147.326050442707,1367.2473108740678,3118.295867161387,2698.9166666666665,857.3406162239594,-113.62920049472041
394,2,2019-12-01,6107.80798167636,4924.772080758136,7691.6634158259985,5800.333333333333,298.9420183236398,-1284.9134158259985
395,2,2019-12-01,3388.2856739893946,2057.2147484291468,4974.128182781978,4134.25,1074.1309926772724,-511.7115161153106
397,2,2019-12-01,2118.710068438071,1707.8636530759204,2939.801242603712,1702.0,139.3732648952623,-681.7179092703786
398,2,2019-12-01,3021.517285019464,2054.189462895345,3844.583017424188,3116.75,510.3993816472025,-312.6663507575213
401,2,2019-12-01,3567.635646511029,2625.896469340296,4564.818138045407,2387.0,-909.5523131776954,-1906.7348047120736
402,2,2019-12-01,5177.444465876461,4117.732076115988,6571.364416820062,3662.8333333333335,-1128.2777992097945,-2522.1977501533947
403,2,2019-12-01,1974.5341983803155,1253.4817718918757,3173.4188743354016,3041.3333333333335,1208.6324682863515,9.747792331265373
408,2,2019-12-01,9561.048141602096,8232.158845965683,10617.176208428495,2611.9166666666665,-6639.214808268763,-7695.342875095162
414,2,2019-12-01,7864.107218921732,6082.694816876253,10216.983537529559,9406.25,2033.2261144116019,-319.6502041962249
415,2,2019-12-01,2162.8945037282992,1475.9413697984915,2914.171463164355,2810.75,999.2721629383673,247.9952035023116
416,2,2019-12-01,2283.4163618427906,1570.5656373130812,2987.0157890853643,3189.4166666666665,1293.1669714905424,589.5675442479687
419,2,2019-12-01,3379.138340651782,2508.9115710744245,4312.822427649824,2795.0,-68.38834065178207,-1002.072427649824
421,2,2019-12-01,5007.773781191341,4191.5233712049385,6272.899594287034,3823.0,-722.8571145246742,-1987.9829276203673
425,2,2019-12-01,7967.691147524833,7137.006790759094,9177.935117368497,4956.833333333333,-686.1078141914995,-1896.3517840351642
427,2,2019-12-01,2663.2574414003166,1862.2058325488138,3724.9031726927137,2710.5833333333335,442.8258919330169,-618.8198393593802
428,2,2019-12-01,5017.02433994454,3890.028515165861,6526.548938092843,4707.166666666667,-52.85767327787289,-1562.382271426176
430,2,2019-12-01,10009.491541059857,8365.050874478848,11171.693986768147,4445.833333333333,-5198.158207726524,-6360.360653434814
432,2,2019-12-01,4464.9360078826185,3610.8695475332993,5325.102250410887,2212.1666666666665,-1719.3526745492854,-2579.518917077554
433,2,2019-12-01,3759.777715625093,2830.524690115165,4824.388531239072,2663.0833333333335,-917.9443822917597,-1982.5551979057386
434,2,2019-12-01,4189.903727207412,2791.536526943938,5742.850034094477,4449.583333333333,880.7629394592541,-672.1833674278114
437,2,2019-12-01,4592.496861492882,3509.0345384537854,5979.634493323499,6055.833333333333,1905.753138507118,518.6155066765014
438,2,2019-12-01,1856.993522711898,1303.679845407195,2655.918236701848,2836.1666666666665,1503.589810621435,704.6650966314851
441,2,2019-12-01,3451.425422600289,2382.350761468075,4373.319950498351,3842.3333333333335,645.4079107330449,-276.4866171650174
442,2,2019-12-01,6070.484226401144,4791.5124827648215,7685.803706765232,4050.0,-1379.567559734477,-2994.887040098565
447,2,2019-12-01,2224.2296880883796,1493.2764059949845,3366.8022690775333,2581.4166666666665,792.1036452449534,-350.4689357442003
449,2,2019-12-01,3304.142677578933,2298.344278713632,4347.58315930746,3316.3333333333335,441.3573224210668,-602.0831593074599
450,2,2019-12-01,3785.555801178754,2833.5647379706334,4440.6044734392535,3599.3333333333335,256.0275321545796,-399.02114010592004
451,2,2019-12-01,2618.944912109426,2136.933665228422,3310.65252249253,2412.5833333333335,-166.6949121094258,-858.4025224925299
452,2,2019-12-01,7000.042376712154,5702.9105878976525,8082.493713537914,5279.666666666667,-1605.8757100454868,-2688.327046871247
455,2,2019-12-01,5018.050758230863,3903.0857010477616,6723.407571061438,4148.0,-354.0507582308628,-2059.407571061438
456,2,2019-12-01,4717.327597916648,3767.3141717804697,5864.948048629175,2912.25,-1355.2442645833148,-2502.8647152958415
457,2,2019-12-01,5861.450604507124,4730.297924715186,6985.246377711663,3027.0,-2152.8672711737904,-3276.6630443783292
458,2,2019-12-01,3725.604490079789,2173.1105153916783,5551.797198389036,4089.0,613.7288432535443,-1212.4638650557026
459,2,2019-12-01,2862.07183210088,2012.4398308801008,3840.3991996995896,2104.75,-359.9884987675464,-1338.3158663662562
460,2,2019-12-01,5695.269105420088,4295.10324180023,7579.860203748976,3413.0833333333335,-1829.2691054200877,-3713.8602037489763
461,2,2019-12-01,7332.001287799055,5973.3530521403245,8680.369766412223,5450.25,-1343.5846211323878,-2691.953099745556
462,2,2019-12-01,5038.347253444952,3788.4639491552307,6656.12337072035,4224.666666666667,-431.76392011161806,-2049.540037387016
464,2,2019-12-01,14885.547539177936,13401.99326819178,16957.767387022366,5620.333333333333,-8957.797539177936,-11030.017387022366
465,2,2019-12-01,2149.7435864611425,1419.0941031504335,3332.9465577190076,3497.0833333333335,1700.089746872191,516.8867756143259
467,2,2019-12-01,3720.708671439079,2829.440820114107,4826.109376621293,3735.9166666666665,592.6246618942541,-512.7760432879604
468,2,2019-12-01,3120.0432313434885,2097.4257537116127,4374.186833919295,3947.8333333333335,1246.5401019898454,-7.603500585961228
469,2,2019-12-01,4366.047820673966,3150.874528706575,5875.087948039895,3912.0833333333335,284.53551265936767,-1224.5046147065614
470,2,2019-12-01,3982.9271128395158,3270.459723874331,4928.919488742632,2379.4166666666665,-1303.0937795061827,-2249.086155409299
472,2,2019-12-01,7148.689100823555,5858.274589634432,8516.180146070954,3836.5833333333335,-1090.4391008235552,-2457.930146070954
473,2,2019-12-01,1581.208704995749,1013.9672759427021,2217.528286773637,2348.4166666666665,959.791295004251,323.47171322636314
474,2,2019-12-01,8070.963200121992,6431.384239500193,9852.007963907668,6746.416666666667,-710.1298667886576,-2491.1746305743345
476,2,2019-12-01,6889.624667646512,6085.46638004938,7994.074862095502,3456.0833333333335,-1298.3746676465116,-2402.824862095502
477,2,2019-12-01,4782.251339440097,3680.1471344068304,6316.037884185696,4122.25,-95.16800610676364,-1628.9545508523634
478,2,2019-12-01,4056.8954117810345,2711.110795884432,5572.686379670833,6067.25,2384.6879215522986,868.8969536625
479,2,2019-12-01,3884.595637841085,2748.757009878991,5604.755873197064,5097.75,1806.6543621589149,86.49412680293608
480,2,2019-12-01,5850.65001973555,3641.0147746022926,7648.851306542966,7176.083333333333,2106.183313597783,307.98202679036694
483,2,2019-12-01,2283.3568228754384,1702.2128865153852,3204.782438672864,3330.75,1383.1431771245616,461.7175613271361
487,2,2019-12-01,6821.85253430088,5552.258960906829,8307.680391452894,4588.25,-2000.9358676342126,-3486.7637247862267
488,2,2019-12-01,13663.472465489142,12649.895975642237,15549.587023825015,2677.1666666666665,-10811.972465489142,-12698.087023825015
489,2,2019-12-01,2352.061948595087,1771.1793021377887,3289.3844745061315,3062.75,1129.688051404913,192.36552549386852
490,2,2019-12-01,13235.950716914602,11030.359408211027,15353.451782896529,2785.5,-10003.700716914602,-12121.201782896529
491,2,2019-12-01,1568.2269813808205,874.9670894677763,2413.595711269243,2251.0833333333335,1101.9396852858465,256.57095539742386
494,2,2019-12-01,3323.774610774553,2311.9989038101953,4501.745273727366,4695.583333333333,1704.1420558921131,526.1713929393
496,2,2019-12-01,2343.1905168960866,1439.9253442812542,3494.005111075807,3026.5833333333335,1113.9761497705804,-36.83844440913981
497,2,2019-12-01,4974.771007394389,3486.97064249413,6827.250385059584,4365.0,-20.604340727722047,-1873.083718392917
502,2,2019-12-01,6357.446314275062,5493.387962571516,7241.5651374267145,3036.6666666666665,-2890.196314275062,-3774.3151374267145
503,2,2019-12-01,1628.793786390045,1308.6667050541084,2103.1155780317267,2463.6666666666665,857.1228802766216,382.8010886349398
506,2,2019-12-01,6483.4570889934685,5019.7230770158385,7927.725898653859,4403.416666666667,-1589.2070889934685,-3033.475898653859
509,2,2019-12-01,2902.54454015458,2135.449906625344,3773.8361160148206,3711.1666666666665,1039.7887931787532,168.4972173185124
511,2,2019-12-01,8821.835709288289,7712.484802195848,10172.931967250466,2966.8333333333335,-5217.752375954955,-6568.848633917132
514,2,2019-12-01,3806.12607312302,2894.4094517868916,4811.710254754393,2691.25,-975.4594064563535,-1981.0435880877262
515,2,2019-12-01,2218.103885462336,1410.4474105309487,3038.6161613188556,3488.75,1613.8127812043303,793.3005053478109
517,2,2019-12-01,1687.6140338938014,1150.6812216458038,2440.871605290212,2000.75,551.8026327728651,-201.45493862354533
519,2,2019-12-01,2013.8164161573254,1378.269945219768,2992.5623887258307,3292.3333333333335,1527.1835838426746,548.4376112741693
520,2,2019-12-01,3336.679093913549,2450.712251888633,4549.942593760414,4804.833333333333,2114.820906086451,901.5574062395863
523,2,2019-12-01,7070.339170212168,5990.052411832234,7986.5266721567,3207.25,-3395.5058368788345,-4311.6933388233665
524,2,2019-12-01,2124.5927346257004,1445.8895046052698,3199.084225320097,2936.5833333333335,1313.4072653742996,238.91577467990282
525,2,2019-12-01,4252.266554158163,3288.8572238134016,5156.697077831256,3095.5833333333335,-891.1832208248293,-1795.6137444979227
526,2,2019-12-01,5691.384852022561,4607.762749976106,7325.183598117425,5373.416666666667,234.86514797743894,-1398.9335981174254
528,2,2019-12-01,2817.2910247453733,1900.872854262651,3604.4514337178807,3373.1666666666665,981.4589752546267,194.29856628211928
530,2,2019-12-01,2403.9677286365854,1704.0108096544104,3394.874040975067,1508.3333333333333,-666.3843953032522,-1657.290707641734
534,2,2019-12-01,6097.854925702598,4960.138311980336,7341.906691634032,5042.5,-781.8549257025979,-2025.9066916340316
538,2,2019-12-01,3367.0748652249035,2469.5409145294598,4139.318804809916,2522.0833333333335,-324.1181985582366,-1096.3621381432495
542,2,2019-12-01,2146.3497500373824,1627.43853709227,2938.316588229808,2458.0,639.7335832959511,-152.2332548964746
543,2,2019-12-01,3526.525511082391,2664.2457740492973,4751.261823741022,2560.0833333333335,-469.19217774905746,-1693.928490407689
545,2,2019-12-01,3080.148363707228,2067.828676712887,4148.931951139938,3808.9166666666665,1123.7683029594382,54.984715526727996
546,2,2019-12-01,3715.9754695990155,2432.766565589829,5295.304085549058,4266.333333333333,1014.1911970676506,-565.137418882392
547,2,2019-12-01,2928.469865186375,1952.6855008291113,3863.1780131031946,2658.4166666666665,-26.55319851970853,-961.2613464365281
549,2,2019-12-01,3897.7266233548376,2211.5435511603646,5280.260393032639,5192.0,1681.3567099784955,298.8229403006944
550,2,2019-12-01,5499.790978973398,4417.76676806679,6447.768701200943,2520.6666666666665,-2795.874312306731,-3743.8520345342763
552,2,2019-12-01,7622.4318183322675,6430.161840492938,9071.684510543111,4378.166666666667,-1065.4318183322675,-2514.684510543111
554,2,2019-12-01,5929.479188041427,4865.519080177035,7240.618221652311,4446.416666666667,-1156.2291880414268,-2467.368221652311
556,2,2019-12-01,3503.4548354369444,2616.8701013241625,4518.003731456716,3033.75,3.2118312297220655,-1011.3370647900497
557,2,2019-12-01,5927.879171397949,5092.522514930246,7460.213930699396,2353.75,-2936.7958380646155,-4469.130597366062
561,2,2019-12-01,3134.1144623837563,2256.066997815687,3922.3054554362607,3071.0833333333335,469.0522042829107,-319.1387887695937
563,2,2019-12-01,7386.989192684269,5747.8456252513615,8980.819394786919,4127.583333333333,-2830.2391926842693,-4424.069394786919
564,2,2019-12-01,4542.03745376107,3809.614403944243,5450.83063990288,3534.25,-892.8707870944031,-1801.6639732362132
565,2,2019-12-01,5826.48288246899,4891.157332254035,6865.459862964659,3633.1666666666665,-1803.8162158023238,-2842.7931962979924
566,2,2019-12-01,5640.456312992438,4810.320629801457,6869.452595070134,3853.6666666666665,-1375.289646325772,-2604.2859284034676
569,2,2019-12-01,2934.1751576600786,1931.9066789055678,4127.775750170491,3802.0833333333335,1337.1581756732553,143.557583162843
570,2,2019-12-01,3283.20622972337,2572.9600053674953,4228.909989361507,2687.0833333333335,-220.62289639003666,-1166.3266560281731
571,2,2019-12-01,4612.6583248734305,3477.7921917839303,5696.346822939564,3059.25,-1167.4083248734305,-2251.096822939564
573,2,2019-12-01,2638.8156181868185,2119.5933101348382,3399.0805233092874,2500.9166666666665,381.1843818131815,-379.0805233092874
575,2,2019-12-01,3596.8895947319124,2790.3689607070182,4608.54746282055,2206.3333333333335,-984.4729280652455,-1996.1307961538832
576,2,2019-12-01,4420.653277926597,2816.9255406220955,6188.796624113993,5291.833333333333,1322.0133887400689,-446.1299574473269
577,2,2019-12-01,3066.0980379187913,2475.5969143882267,3952.727477466873,2758.8333333333335,-184.0980379187913,-1070.727477466873
580,2,2019-12-01,5083.927487487319,4136.238724204857,6079.911324161455,3071.4166666666665,-1720.094154153986,-2716.077990828122
581,2,2019-12-01,2392.2378262465595,1732.4342251354662,3163.620461241646,2496.8333333333335,372.0121737534405,-399.3704612416459
582,2,2019-12-01,3008.1128626795316,1858.3585477241163,4099.198581375775,3268.5,632.8871373204684,-458.19858137577467
583,2,2019-12-01,2093.183858732447,1454.2329074600489,2808.339585666711,2412.8333333333335,502.0661412675531,-213.08958566671117
584,2,2019-12-01,2144.271608377795,1419.0891390652564,2796.4415494392624,2432.9166666666665,544.978391622205,-107.19154943926242
585,2,2019-12-01,4084.4442890466635,3296.204340953979,5083.0036778655995,3456.9166666666665,-386.02762237999696,-1384.587011198933
586,2,2019-12-01,2769.3871350850554,1972.5223857332303,3673.6456841658246,3905.3333333333335,1288.8628649149446,384.6043158341754
589,2,2019-12-01,1454.214133318596,924.9139077890726,2370.8693365906183,2252.9166666666665,1045.2025333480706,128.54733007604818
592,2,2019-12-01,4737.2002828778395,4121.349712535934,5529.906736409306,1999.4166666666667,-2355.9502828778395,-3148.656736409306
595,2,2019-12-01,2026.3214548400317,1372.032042343063,2954.695494287147,2420.0833333333335,474.1785451599683,-454.1954942871471
596,2,2019-12-01,2916.4361589768755,2010.783233355778,4114.286684164086,2885.75,376.0638410231245,-821.7866841640862
597,2,2019-12-01,8301.209006817982,6430.045228986231,10188.881455487563,5421.25,-268.62567348464836,-2156.2981221542286
598,2,2019-12-01,10376.10695235707,9265.168052806328,11761.456935875154,3595.3333333333335,-6356.023619023736,-7741.37360254182
601,2,2019-12-01,2627.650521366119,1726.8820687624043,3403.24515583586,3583.6666666666665,1403.0161453005476,627.4215108308067
602,2,2019-12-01,5190.00364188455,3967.848537125308,6142.142852493286,2869.75,-1898.2536418845502,-2850.3928524932862
604,2,2019-12-01,4611.65641967012,3546.7145970883157,5772.807530308077,5903.333333333333,1488.760246996546,327.60913635858924
605,2,2019-12-01,3343.0778737342766,2508.5747803474624,4465.845552629136,3961.8333333333335,837.0887929323903,-285.6788859624694
608,2,2019-12-01,1577.4443211307441,1105.9596138189345,2144.492777846751,197.08333333333334,-944.9443211307441,-1511.9927778467509
609,2,2019-12-01,2096.9627120346777,1512.3846509975979,2995.632366745968,3128.0,1185.2039546319888,286.5342999206987
613,2,2019-12-01,3492.9407864102245,2522.197257412989,4882.20548417291,4713.5,1792.0592135897755,402.79451582709044
614,2,2019-12-01,2779.1208490995637,1822.6074617550323,3873.345560333307,1369.1666666666667,-861.4541824328969,-1955.67889366664
615,2,2019-12-01,5967.549740020316,4838.356410462147,7135.016676619512,3730.5,-1669.2997400203158,-2836.7666766195116
616,2,2019-12-01,2658.7228737598293,1795.8986877512575,3773.2367631938896,2901.4166666666665,692.6937929068372,-421.8200965272231
618,2,2019-12-01,1446.685818628157,1013.2403915335351,2216.4883767337487,2316.25,941.564181371843,171.76162326625126
619,2,2019-12-01,3392.4597907280454,2248.821228128457,4618.793378808365,4498.833333333333,1601.2068759386207,374.8732878583014
621,2,2019-12-01,2180.39324960892,1630.260713919587,2684.5326341337413,2281.0,174.1067503910799,-330.03263413374134
623,2,2019-12-01,3813.6619368331158,2229.949200296456,5360.028664702597,6496.75,3299.504729833551,1753.13800196407
628,2,2019-12-01,5025.691533692969,3447.766004615488,6719.065156308368,8922.916666666666,4426.891799640363,2733.5181770249637
629,2,2019-12-01,6245.128515626048,4172.562386159291,8322.534227863025,4792.75,-1123.2951822927153,-3200.700894529692
630,2,2019-12-01,12470.746780244608,11609.062883605076,13953.618354581708,3293.4166666666665,-8813.330113577942,-10296.201687915041
631,2,2019-12-01,3102.4720527029126,2241.346568295894,4141.002779149637,2817.5833333333335,141.19461396375436,-897.3361124829698
633,2,2019-12-01,3391.2166068926285,2300.1037575029018,4759.316912511826,4181.583333333333,1180.1167264407045,-187.98357917849262
634,2,2019-12-01,4090.120602555656,2982.7055491810534,5354.8058394656455,4089.9166666666665,226.04606411100985,-1038.6391727989794
636,2,2019-12-01,1635.3613502919218,1169.6113546370407,2105.7471715121583,2031.0,713.0553163747447,242.66949515450824
637,2,2019-12-01,6827.464360252602,5315.20291229493,8617.567047664481,6440.666666666667,-1.5476935859351215,-1791.650380997814
638,2,2019-12-01,3536.0652065947593,2281.315395031706,4654.606869312229,1407.4166666666667,-1867.5652065947593,-2986.106869312229
639,2,2019-12-01,4782.79052282009,4093.8012330974575,5859.757185341797,3137.0833333333335,-1058.9571894867563,-2135.923852008463
641,2,2019-12-01,6255.87792075799,5404.381548677275,7085.786021267995,3129.6666666666665,-2766.9612540913236,-3596.8693546013287
642,2,2019-12-01,3147.50602496429,2126.0202258038616,3973.295765213724,2845.25,60.577308369043294,-765.2124318803903
643,2,2019-12-01,3059.222383489227,2387.0317877945017,3891.664817152444,3616.4166666666665,872.777616510773,40.3351828475561
644,2,2019-12-01,1926.4206194398446,1337.6019537500824,3042.96343481482,3496.9166666666665,1952.4127138934884,835.8698985185129
646,2,2019-12-01,3129.261143755555,2208.6160408046653,4037.129122565233,3636.1666666666665,847.9055229111113,-59.96245589856653
647,2,2019-12-01,4198.657419793846,3637.206291197374,5002.7374593203895,2241.6666666666665,464.1759135394868,-339.90412598705643
648,2,2019-12-01,1421.5237995364669,1008.337042196207,1834.652362913804,2487.8333333333335,1263.1428671302,850.014303752863
649,2,2019-12-01,2381.067506773587,1659.7393592818871,2970.5126574872206,3867.3333333333335,2038.765826559747,1449.3206758461133
650,2,2019-12-01,2132.9420310290748,1509.6851136683697,2780.725721279632,2017.9166666666667,373.8913023042587,-273.89238794629864
652,2,2019-12-01,3536.754866438958,2715.9087125804954,4590.669763234792,1893.8333333333333,-1317.1673664389577,-2371.082263234792
655,2,2019-12-01,2907.7949312346823,2229.171006706118,4046.454274532379,2528.3333333333335,82.37173543198469,-1056.2876078657118
657,2,2019-12-01,1943.5459335600592,1402.3465245318744,2633.7374594124763,2824.75,1056.7873997732743,366.59587392085723
658,2,2019-12-01,5846.8945122811,4722.451159253912,7354.724553300034,4385.833333333333,-1201.477845614434,-2709.307886633368
659,2,2019-12-01,3875.3977525742953,3088.8237982963396,5022.634778670712,2715.25,-786.1477525742953,-1933.384778670712
660,2,2019-12-01,2080.4535479212796,1376.315544938825,3079.4795687473993,3670.0833333333335,1851.629785412054,852.6037645859342
661,2,2019-12-01,1744.5275042179028,1046.106622886121,2718.9882580780163,3569.25,2132.8058291154307,1158.3450752553172
662,2,2019-12-01,6771.746716598127,5329.485911218304,8685.233691657348,7141.166666666667,973.16995006854,-940.3170249906807
663,2,2019-12-01,5370.693684168779,4280.066598122739,6588.640231097968,5879.5,756.3063158312207,-461.64023109796835
665,2,2019-12-01,3997.4755910354725,3439.0871890134495,5054.456620349361,967.75,-2721.4755910354725,-3778.4566203493614
667,2,2019-12-01,5446.26682043119,4471.522868187661,6752.113928847007,3480.25,-1685.2668204311904,-2991.1139288470067
668,2,2019-12-01,3099.411462887742,2283.0160366292716,4054.140447394414,1361.8333333333333,-1273.411462887742,-2228.140447394414
669,2,2019-12-01,3008.5894083883427,2414.09738681174,4009.9479557209065,3428.4166666666665,552.5772582783238,-448.78128905424
671,2,2019-12-01,3103.640568982646,2230.8368145152735,4202.006127576333,2836.0,96.02609768402044,-1002.3394609096663
672,2,2019-12-01,3716.8749576138334,2999.2583880303864,4431.261811855363,1997.25,-1349.958290947167,-2064.3451451886963
674,2,2019-12-01,2746.3230804419163,2072.443122523707,3641.572022536448,2345.5833333333335,-185.48974710858283,-1080.7386892031145
675,2,2019-12-01,2850.4093790970715,1973.2087799442324,3926.1700709861843,2957.4166666666665,504.84062090292855,-570.9200709861843
676,2,2019-12-01,5450.993460881018,4130.035570266866,7100.603507026784,5421.083333333333,474.67320578564795,-1174.9368403601184
677,2,2019-12-01,4110.003350136731,2884.584643287113,6041.464932966194,5602.166666666667,2017.2466498632693,85.78506703380572
678,2,2019-12-01,1770.9909245726055,1288.8105908650095,2422.9078961429404,2456.4166666666665,1057.0924087607275,405.1754371903926
679,2,2019-12-01,1629.2662807859554,919.579970430607,2620.4586334799988,2856.0,1348.5670525473781,357.37469985333473
683,2,2019-12-01,3893.0588415530797,2786.211340658024,5112.629951994873,4253.25,752.2744917802534,-467.2966186615404
684,2,2019-12-01,2132.3562405472717,1483.6495494464343,3267.9634275697936,3680.8333333333335,1922.3937594527283,786.7865724302064
688,2,2019-12-01,3920.9758657899824,3050.783904361287,5077.533992565693,3935.5833333333335,191.8574675433515,-964.7006592323587
692,2,2019-12-01,2791.6641175388027,1874.7882404632705,3754.462924400084,3558.4166666666665,1319.2525491278634,356.45374226658214
696,2,2019-12-01,8341.549604950122,6226.30686007546,10781.29987473147,9214.166666666666,1291.4503950498784,-1148.2998747314705
697,2,2019-12-01,3407.508526722632,2263.5465581496173,4718.0006434579345,5519.166666666667,2345.658139944035,1035.1660232087324
699,2,2019-12-01,2256.514945752584,1565.2822569670204,3305.0744563696035,3789.5833333333335,1778.5683875807495,730.00887696373
702,2,2019-12-01,7321.509983887155,6085.3295984704855,8520.00806646669,5925.25,-1148.6766505538217,-2347.1747331333563
704,2,2019-12-01,14987.795004359134,13016.317438467935,17726.395872857614,9391.25,-5156.045004359134,-7894.645872857614
705,2,2019-12-01,8785.22995615482,7096.844509508572,10278.419547416503,6655.833333333333,-1606.5632894881546,-3099.7528807498365
706,2,2019-12-01,4363.683315282921,3103.554522216165,5559.21907355106,5632.416666666667,1758.4833513837457,562.9475931156067
708,2,2019-12-01,9872.861693127996,6422.551397460733,14168.39357894423,20827.083333333332,11730.471640205336,7434.939754389103
709,2,2019-12-01,3176.443680362962,2572.107854250703,3947.6158934341843,3577.5833333333335,784.722986303705,13.550773232482697
711,2,2019-12-01,148.2991203030667,148.2991203030667,6741.384546041448,3407.8333333333335,3743.3675463636005,-2849.7178793747808
712,2,2019-12-01,2909.145622184949,1986.20440416152,3924.2291056253407,2427.5,6.354377815051066,-1008.7291056253407
714,2,2019-12-01,2691.919853694405,2068.3364329133537,3251.174497811449,6115.25,3642.496812972262,3083.242168855218
716,2,2019-12-01,4781.547575348875,3990.5291094962868,5564.224862268849,2209.25,-2266.0475753488754,-3048.7248622688494
719,2,2019-12-01,4097.019039043038,3016.917963430335,5410.509417977456,4178.25,496.56429429029504,-816.926084644123
720,2,2019-12-01,1339.3911617426277,663.608308386944,1637.7325047304337,1650.0,483.3588382573723,185.01749526956633
721,2,2019-12-01,2327.762986597812,1674.3592781959994,3384.289812446112,3198.8333333333335,1111.403680068855,54.87685422055483
723,2,2019-12-01,2259.1476648101157,1814.408113616972,3005.6948322846997,2949.75,1026.8523351898843,280.3051677153003
724,2,2019-12-01,2777.350419164855,1858.7907167471399,4240.567521083792,2928.5,512.3995808351451,-950.8175210837917
726,2,2019-12-01,2208.600734987849,1461.0375707768208,3213.776623891612,3743.6666666666665,2031.065931678817,1025.890042775054
727,2,2019-12-01,2393.421091961377,1764.3273395560018,3459.575914057084,3376.8333333333335,1171.9122413719565,105.7574192762495
728,2,2019-12-01,2395.2366172094617,1578.293094294385,3308.1682371593565,2756.3333333333335,911.1800494572053,-1.7515704926895523
729,2,2019-12-01,3353.0641013104964,2436.1710288700856,4712.265540528613,2073.6666666666665,-625.7307679771634,-1984.9322071952802
731,2,2019-12-01,2888.4420735828226,1860.140907298034,3921.3993361522853,3182.75,617.1412597505109,-415.8160028189518
732,2,2019-12-01,2730.47370932994,1782.4430382091537,3482.8724256990454,3265.9166666666665,897.4429573367265,145.04424096762114
733,2,2019-12-01,9587.878972273356,7643.212600855702,11403.296350445524,4428.166666666667,-4486.462305606689,-6301.879683778857
734,2,2019-12-01,1470.8871743633495,1094.4818800081064,2079.1140634201115,2076.4166666666665,871.9461589699836,263.7192699132215
737,2,2019-12-01,6154.496781659659,4897.045536651713,7725.282702338036,2529.9166666666665,-2969.996781659659,-4540.782702338036
738,2,2019-12-01,6990.116803685776,5611.087405538068,8652.178651407332,5331.166666666667,-928.4501370191092,-2590.511984740665
742,2,2019-12-01,4776.463651655965,3580.6063484515416,6455.112981470856,4229.416666666667,236.86968167736904,-1441.7796481375217
743,2,2019-12-01,2629.1620269206687,1847.4678963246195,3336.613923699032,2707.5833333333335,322.42130641266476,-385.0305903656986
744,2,2019-12-01,2949.405070968921,2101.2808048150373,3472.1926145230427,3724.9166666666665,915.9282623644121,393.1407188102903
746,2,2019-12-01,3857.8725016286485,2965.6281923931842,4609.409783988633,2524.0,-1105.289168295315,-1856.8264506552991
747,2,2019-12-01,2438.099957103146,1727.3713632861882,3276.9075329983243,2402.3333333333335,120.06670956352082,-718.7408663316573
748,2,2019-12-01,2502.2719562492225,1875.328449117975,3414.6345905676644,3127.8333333333335,962.7280437507775,50.36540943233558
750,2,2019-12-01,2097.860484803914,1375.1128044407424,3073.912124355881,2513.75,757.8061818627525,-218.24545768921462
751,2,2019-12-01,3873.373895917153,2740.1245370456563,5453.194153992833,4139.75,694.6261040828472,-885.194153992833
752,2,2019-12-01,4424.26101464739,3083.7677906952235,5861.119006930655,5402.416666666667,1486.2389853526101,49.380993069345095
753,2,2019-12-01,2397.688057441186,1737.7590998331134,3200.7913724111777,2640.6666666666665,533.7286092254803,-269.3747057445112
754,2,2019-12-01,6221.151991195015,5248.677749909908,7079.811863068279,2734.75,-3085.318657861682,-3943.978529734946
755,2,2019-12-01,2018.099545799321,1445.5633052643007,2804.5515540595316,1928.0833333333333,209.06712086734547,-577.384887392865
756,2,2019-12-01,4501.774563928127,2748.199633944816,6187.975149525226,4937.583333333333,987.8921027385395,-698.3084828585597
757,2,2019-12-01,5340.149483527034,4198.630247305362,6370.085029283816,3852.6666666666665,-978.1494835270341,-2008.0850292838159
758,2,2019-12-01,2149.254244983282,1543.6304029729056,3198.641279505356,3598.3333333333335,1785.0790883500513,735.6920538279774
759,2,2019-12-01,3369.217674579238,2402.8252480674937,4778.961948922806,6212.5,3341.282325420762,1931.5380510771938
760,2,2019-12-01,4565.779650141885,3885.2784602721295,5849.148570335308,3129.8333333333335,-1035.6129834752182,-2318.9819036686413
762,2,2019-12-01,3789.8195852827766,3106.0190319406847,4951.68052314719,3108.1666666666665,-272.31958528277664,-1434.18052314719
763,2,2019-12-01,8623.97679973544,6991.7992698235485,9818.829092193042,8593.833333333334,216.77320026456073,-978.079092193042
764,2,2019-12-01,3945.5804324747846,2930.270787447845,4957.860397603703,2588.8333333333335,-973.4454324747844,-1985.7253976037027
771,2,2019-12-01,2652.393337923962,1853.886841428341,3809.6783781429694,3221.75,1130.7733287427045,-26.511711476302935
772,2,2019-12-01,2542.9852169920814,1928.9227572402244,3362.6940999207013,3839.5833333333335,1766.5981163412525,946.8892334126326
773,2,2019-12-01,3268.6896394036808,2264.957378747244,4147.2762611114595,919.0833333333334,-1957.8563060703473,-2836.442927778126
774,2,2019-12-01,2444.627205156675,1782.8274832978,3567.0282260429417,2782.9166666666665,749.2894615099917,-373.1115593762752
776,2,2019-12-01,7801.993900473849,5921.996837646562,9641.431194174309,8121.25,1125.506099526151,-713.931194174309
779,2,2019-12-01,6916.645685040102,5914.02133269662,7662.102952836248,2722.4166666666665,-3825.562351706769,-4571.019619502915
780,2,2019-12-01,2408.7457134269366,1675.6852018164495,3087.314925752265,4864.833333333333,2741.6709532397294,2063.101740914401
782,2,2019-12-01,7997.269465579346,7009.418320302699,8895.257876089514,3097.4166666666665,-2738.5194655793457,-3636.507876089514
783,2,2019-12-01,2087.0321286561416,1471.099042986405,3110.7298628281633,2480.75,565.7178713438584,-457.9798628281633
789,2,2019-12-01,3474.529154846184,2344.1529623275783,4929.564507688899,4149.0,992.5541784871489,-462.4811743555656
790,2,2019-12-01,3533.363798936842,2787.9144212715473,4705.747959872828,3863.4166666666665,581.8862010631578,-590.4979598728278
791,2,2019-12-01,2679.3017537798096,1769.1639467373961,3687.4815864665234,3271.9166666666665,932.2815795535234,-75.89825313319034
793,2,2019-12-01,2733.390151214213,1780.7132013172356,3347.1095059900845,3549.4166666666665,1617.359848785787,1003.6404940099155
794,2,2019-12-01,1562.1374996372185,1111.8449013282473,2340.777965471572,2468.4166666666665,1275.8625003627815,497.22203452842814
795,2,2019-12-01,8238.00669903305,7019.503475107252,9761.349771950583,6326.5,-1447.5066990330506,-2970.849771950583
797,2,2019-12-01,3245.8924538612664,1905.39398750475,4557.4086897218995,5167.083333333333,2174.6075461387336,863.0913102781005
798,2,2019-12-01,4271.80361651828,2839.638484404938,5669.089006311467,4089.6666666666665,225.19638348171975,-1172.0890063114666
799,2,2019-12-01,2724.144410072905,1848.0254060684392,3615.005600603061,2627.0833333333335,266.9389232604285,-623.9222672697274
801,2,2019-12-01,2023.6467915620008,1404.8023332289963,3011.1044182540163,1931.25,85.35320843799923,-902.1044182540163
802,2,2019-12-01,5221.256473656473,3961.3973082198627,6844.407259352207,4989.333333333333,420.1601930101933,-1202.9905926855408
803,2,2019-12-01,3396.416750055912,2197.37083905554,4148.669813139857,3873.9166666666665,763.1665832774211,10.91352019347596
804,2,2019-12-01,4130.740735809523,3290.4013915070254,5196.658976929776,2521.0,-1099.9907358095234,-2165.908976929776
807,2,2019-12-01,2172.8968054731195,1546.6770121322952,3183.1158849604963,3207.25,1208.436527860214,198.21744837283723
808,2,2019-12-01,7782.906009763658,6556.214026607,9009.063939730357,3003.75,-4632.656009763658,-5858.813939730357
810,2,2019-12-01,5556.682882529964,4588.202638247194,6634.50356721063,1878.3333333333333,-3253.4328825299644,-4331.25356721063
811,2,2019-12-01,7560.779466692224,5968.629506725673,9016.541106703711,7057.833333333333,-99.36280002555759,-1555.1244400370451
814,2,2019-12-01,4045.0296163955727,2674.8730383245374,5454.085487646718,1358.5,-2225.5296163955727,-3634.5854876467183
816,2,2019-12-01,2736.2068787577214,2086.4064284565775,3821.0151797751314,3023.75,834.7097879089451,-250.09851310846489
819,2,2019-12-01,2760.642180970952,1834.6018550701108,3559.227145904717,3124.5833333333335,860.5244856957152,61.93952076195001
820,2,2019-12-01,5734.806320690423,4721.865652833735,7112.637807584852,3491.8333333333335,-1949.3896540237556,-3327.2211409181855
821,2,2019-12-01,1519.0310369866136,921.3819192459498,2539.8703343842712,1501.25,176.46896301338643,-844.3703343842712
822,2,2019-12-01,2347.1697634104703,1515.9588349375445,3254.6770298543747,2878.3333333333335,801.3302365895297,-106.17702985437472
823,2,2019-12-01,2932.1068061488463,1970.4700550320208,4039.9459411632843,3458.0,959.6431938511537,-148.19594116328426
825,2,2019-12-01,7951.00934113705,6850.793516660261,9160.303938421663,4974.666666666667,-2676.926007803716,-3886.2206050883287
826,2,2019-12-01,2563.2401998286778,1626.7160010463174,3868.0491802115102,4808.75,2665.7598001713222,1360.9508197884898
827,2,2019-12-01,2740.683850460635,1926.4373813932002,3549.6435494081948,2582.0,-18.933850460634858,-827.8935494081948
828,2,2019-12-01,5369.277126069607,4425.84109938913,6332.7940374239015,2992.1666666666665,-1769.5937927362738,-2733.110704090568
831,2,2019-12-01,3218.5758880943563,2311.606751021928,4208.860984311783,3109.6666666666665,383.50744523897674,-606.7776509784499
832,2,2019-12-01,3883.404342972664,2762.103830650203,5183.245405235369,4194.083333333333,429.51232369400213,-870.3287385687026
837,2,2019-12-01,2608.332903208342,1804.2839189287206,3512.0538909429342,3007.6666666666665,1056.167096791658,152.44610905706577
839,2,2019-12-01,3240.1088210850894,2072.526573889342,4571.819314139892,4532.0,1606.7245122482436,275.0140191934406
840,2,2019-12-01,17070.23387831432,15001.585124721008,19796.656777962075,7369.333333333333,-9131.067211647654,-11857.490111295408
843,2,2019-12-01,2685.418742994405,2205.228632529561,3266.403503479701,2360.4166666666665,-123.50207632773845,-704.4868368130346
844,2,2019-12-01,2011.365264192721,1406.334548179596,3019.8455870800813,1512.4166666666667,-378.53193085938756,-1387.0122537467478
845,2,2019-12-01,3992.5920218187443,3374.0586587021435,4887.420857866025,3059.1666666666665,-740.0086884854113,-1634.8375245326915
846,2,2019-12-01,7357.853505492352,6088.428886738916,8271.080545389326,5646.75,-1220.3535054923523,-2133.5805453893263
847,2,2019-12-01,5876.284271999638,5004.5081526792665,6977.5721824269995,2322.0,-3224.7009386663044,-4325.988849093666
848,2,2019-12-01,4389.695497463496,3109.6420090948623,6128.857112230323,5696.833333333333,1833.8045025365036,94.64288776967715
849,2,2019-12-01,2117.201698936429,1526.396429895736,3284.515788755727,3652.3333333333335,2068.881634396905,901.5675445776069
850,2,2019-12-01,4459.461953352901,3331.886946760749,5303.7894450768,3340.5833333333335,-725.2952866862342,-1569.622778410133
851,2,2019-12-01,2758.01759599954,1863.7160562450345,3613.9569715607927,2616.5833333333335,105.23240400046006,-750.7069715607927
852,2,2019-12-01,7081.960489545466,6254.096652688515,8096.964081984908,3346.3333333333335,-1384.4604895454659,-2399.4640819849083
855,2,2019-12-01,1722.9229635655242,1291.6160010638268,2418.8159808675487,1879.75,403.91036976780924,-291.9826475342152
856,2,2019-12-01,11134.851809272552,8326.668778956999,13224.906212409047,9526.5,-966.7684759392178,-3056.822879075713
858,2,2019-12-01,5529.579765837878,4840.171532757155,6611.226049993812,2564.5,-751.4964325045439,-1833.142716660478
859,2,2019-12-01,3709.841136216491,2862.93415790149,4869.091951796703,2710.9166666666665,-680.2578028831581,-1839.50861846337
860,2,2019-12-01,7789.2445541911675,6238.633585683226,8831.82362497539,5232.583333333333,-2132.7445541911675,-3175.32362497539
862,2,2019-12-01,4804.3737679479145,3907.223769753213,5837.301750930049,3573.5833333333335,-704.4571012812476,-1737.385084263382
863,2,2019-12-01,2542.490929117943,1800.146106748548,3568.4666885241263,2867.1666666666665,474.17573754872365,-551.8000218574598
865,2,2019-12-01,6639.032292144695,5718.122536485073,7655.515099668269,3148.8333333333335,-3316.615625478028,-4333.098433001602
866,2,2019-12-01,3999.651588758172,3063.8233593111677,5705.352250735345,5158.666666666667,1442.5150779084952,-263.1855840686776
868,2,2019-12-01,5658.533194893832,4465.344734066757,6752.594520618202,2587.1666666666665,-2670.533194893832,-3764.5945206182023
869,2,2019-12-01,2388.170531251878,1669.8209350001553,3444.7747663383325,2851.6666666666665,760.4128020814551,-296.19143300499945
870,2,2019-12-01,4274.5628870469045,3029.564534674938,5717.974271281478,5966.083333333333,2026.7704462864285,583.3590620518553
871,2,2019-12-01,5174.927208303483,4376.673002898461,5884.100645348679,1887.5,-3018.3438749701495,-3727.5173120153454
872,2,2019-12-01,5180.378015576721,4231.787960180574,6220.326503867361,2625.4166666666665,-2238.794682243388,-3278.7431705340277
875,2,2019-12-01,1673.846369969613,917.2489661715923,2548.416465965483,3492.25,2082.403630030387,1207.833534034517
876,2,2019-12-01,3261.459805695468,2330.271295836064,4689.162592928745,4151.416666666667,1474.2901943045322,46.58740707125526
877,2,2019-12-01,4775.126740885802,3747.431210035575,5929.931943214782,2859.75,-1295.126740885802,-2449.931943214782
879,2,2019-12-01,3090.3503360043246,2451.8111068647545,3790.3808884036334,1892.8333333333333,-742.3503360043246,-1442.3808884036334
882,2,2019-12-01,2485.130059469835,1827.990621859849,3367.1959589517314,3061.9166666666665,959.953273863498,77.8873743816016
883,2,2019-12-01,4237.3534129775335,2854.4619467892153,6006.626964333867,4527.75,533.4799203557995,-1235.7936310005343
884,2,2019-12-01,4706.991417245681,3883.0293105494225,5552.589627850639,3567.6666666666665,-871.3247505790146,-1716.9229611839723
885,2,2019-12-01,1595.9782302858748,1089.8047316257394,2254.9253626925815,2361.1666666666665,820.1051030474582,161.1579706407515
888,2,2019-12-01,2748.8405477307138,1827.7603036283956,3859.781589011019,2797.1666666666665,320.32611893595276,-790.6149223443526
890,2,2019-12-01,3278.6152171517706,2281.3696459394114,4506.439303759818,4348.416666666667,1358.1347828482294,130.31069624018164
891,2,2019-12-01,3831.13185735331,2898.4940389510602,4707.3064151836425,2904.5,-368.0485240199764,-1244.223081850309
895,2,2019-12-01,3250.4910312774914,2340.703172495768,4170.036158801708,2636.0,-19.241031277491402,-938.7861588017076
897,2,2019-12-01,1763.3366506497941,1211.1526160621042,2232.2503526859687,2249.6666666666665,744.6633493502059,275.74964731403134
898,2,2019-12-01,2077.254665620595,1441.6628936900279,2504.8729574419476,1657.75,-100.92133228726175,-528.5396241086144
900,2,2019-12-01,2978.1926793956322,2073.0795350869494,3876.2384796240412,2741.3333333333335,237.30732060436776,-660.7384796240412
901,2,2019-12-01,2408.602618868884,1604.621766462134,3335.001253017809,3055.9166666666665,744.2307144644492,-182.16791968447615
905,2,2019-12-01,6991.869804388359,5411.275312793893,8499.762916692776,8075.083333333333,1458.7968622783073,-49.09625002611028
906,2,2019-12-01,3496.2256721284402,2496.838986671891,4700.816090979917,1762.8333333333333,-1098.5256721284404,-2303.1160909799173
908,2,2019-12-01,3294.9511131306285,2554.6101296174484,4092.089382759536,3854.6666666666665,778.1322202027045,-19.006049426202935
909,2,2019-12-01,13862.513371785566,12122.457311344284,14837.86916587613,4085.25,-3574.430038452234,-4549.785832542799
912,2,2019-12-01,3071.7504572454554,2212.0422172575445,4048.9666798691683,3949.5833333333335,1101.8328760878785,124.61665346416567
913,2,2019-12-01,1610.841342286774,1076.2616262352967,2401.138864016916,2373.0,1044.4919910465594,254.19446931641733
914,2,2019-12-01,4943.571080265411,4115.988148894039,5822.740669388472,3846.6666666666665,1070.2622530679218,191.09266394486076
917,2,2019-12-01,2276.6376521239986,1332.5713315810044,3301.130270031199,3408.3333333333335,1277.945681209335,253.45306330213452
918,2,2019-12-01,3162.9254990460413,2234.7846320249037,4080.430867562035,2432.8333333333335,-234.50883237937433,-1152.014200895368
920,2,2019-12-01,1480.0692458846747,1080.0763890934404,1823.2334155934288,2392.0,1150.5140874486588,807.3499177399046
921,2,2019-12-01,8068.22201452393,6720.6275871435855,9243.610391369964,4501.083333333333,-3388.388681190597,-4563.777058036631
928,2,2019-12-01,2247.9532125577603,1098.3387572237064,3090.7948510138654,2695.5833333333335,950.2967874422397,107.45514898613465
931,2,2019-12-01,3867.4448166066177,2637.725716880181,5113.419779890452,5772.5,2393.051850060049,1147.0768867762145
932,2,2019-12-01,5574.246520537871,4724.332258566788,6858.123862960383,2847.6666666666665,-2395.996520537871,-3679.873862960383
933,2,2019-12-01,2293.3177667767404,1667.4207043435877,3345.9211756692525,3607.5,1760.848899889926,708.245490997414
938,2,2019-12-01,4934.740816309668,3681.6326772726634,6344.7183762151835,4244.5,-219.99081630966793,-1629.9683762151835
939,2,2019-12-01,2853.539112697701,1816.5756696410717,3915.1080204538694,2901.5833333333335,538.7942206356324,-522.7746871205359
940,2,2019-12-01,3780.847652949169,2772.5500543379517,4800.518270789491,3483.3333333333335,202.23568038416443,-817.4349374561575
942,2,2019-12-01,6037.01770790281,4687.607026077043,7402.903292955437,4928.25,-569.8510412361429,-1935.73662628877
944,2,2019-12-01,9278.104330508962,7016.615933729248,12572.067349024528,9942.333333333334,1120.3123361577054,-2173.65068235786
946,2,2019-12-01,3028.6590960545295,2202.632964573543,3845.4014654363373,3311.0833333333335,595.8475706121371,-220.89479876967062
947,2,2019-12-01,6238.763128040571,5057.61044186007,7285.292844381484,2886.4166666666665,-2931.679794707238,-3978.2095110481514
948,2,2019-12-01,2628.97770499562,1938.2984903167894,3377.127448621613,3093.25,638.7722950043799,-109.37744862161298
949,2,2019-12-01,5550.475120562263,3963.283434726778,6945.218344082757,5307.0,68.69154610440364,-1326.0516774160897
951,2,2019-12-01,2660.1965154060913,1995.8155128116632,3279.3427951521885,2222.0,-56.86318207275781,-676.009461818855
952,2,2019-12-01,8575.311237757442,6452.950622144978,11231.272415566029,10564.583333333334,2652.8554289092262,-3.1057488993610605
954,2,2019-12-01,6030.456552847955,5573.927802772849,7079.835703506134,3163.5833333333335,-2587.3732195146217,-3636.752370172801
955,2,2019-12-01,1677.912925463342,1141.639299763025,2268.8526807656344,2828.6666666666665,1366.0037412033246,775.0639859010321
957,2,2019-12-01,5309.590075200698,3819.1727779478906,6528.942638822305,3149.0833333333335,-1582.2567418673648,-2801.609305488971
961,2,2019-12-01,5411.091155855929,4356.073655514934,6822.722543158105,2221.6666666666665,-2658.591155855929,-4070.2225431581046
962,2,2019-12-01,2198.4691282706144,1668.0274207250438,2808.6457055850456,2855.1666666666665,1050.6142050627186,440.43762774828747
963,2,2019-12-01,2699.1983023776043,1983.6725881710586,3734.4244514562706,3476.1666666666665,1463.8850309557288,428.6588818770624
964,2,2019-12-01,2489.090437003471,1713.3003211714772,3333.797476153294,3785.1666666666665,1593.492896329862,748.7858571800389
970,2,2019-12-01,3844.3637866783247,2807.4667574500018,4869.586655396861,3723.4166666666665,432.46954665500834,-592.7533220635278
972,2,2019-12-01,6559.982851224099,5033.314797799829,8339.826117724882,4181.416666666667,84.10048210923469,-1695.7427843915484
973,2,2019-12-01,3340.1258587571733,2861.8906902857307,3873.996726905605,2087.5833333333335,-905.0425254238398,-1438.9133935722716
976,2,2019-12-01,7265.86206128723,5628.645829343457,8750.963277707566,5222.416666666667,-1599.695394620563,-3084.796611040899
977,2,2019-12-01,3611.1093107839883,2412.7206100868616,4384.945240454387,1906.0833333333333,-1420.0259774506553,-2193.861907121054
979,2,2019-12-01,3156.677643264983,2238.632337260186,4248.309924425615,2723.1666666666665,77.65569006834994,-1013.9765910922815
980,2,2019-12-01,2145.839573443779,1448.1432366044128,3187.2537765966968,2004.5833333333333,96.91042655622095,-944.5037765966968
983,2,2019-12-01,3341.6150437191664,2480.281172226212,4134.98086415462,3999.4166666666665,883.3016229474997,89.9358025120464
984,2,2019-12-01,6365.874421475714,5778.093247030137,7383.719504420259,2744.0,-3304.457754809048,-4322.302837753592
985,2,2019-12-01,8528.00952761803,6976.615137478009,10221.06155043463,4304.5,-3763.426194284696,-5456.478217101297
986,2,2019-12-01,2671.316345098426,1924.54467051981,3716.735712530385,4000.8333333333335,1840.6836549015738,795.2642874696148
987,2,2019-12-01,9759.94902470523,8698.54598002207,11167.898992514922,5127.666666666667,-4393.449024705231,-5801.398992514922
988,2,2019-12-01,3773.409944538642,2812.4784006218483,5002.389741213787,3319.3333333333335,-239.65994453864187,-1468.6397412137867
989,2,2019-12-01,14267.492752544002,9521.303836589277,19934.48521388823,9459.5,-4252.992752544002,-9919.98521388823
990,2,2019-12-01,2160.376321165735,1691.0465328883006,3043.6111079447173,2262.5,223.62367883426487,-659.6111079447173
992,2,2019-12-01,4721.390432274856,3533.7694999252863,6210.836497510228,4573.416666666667,145.8595677251442,-1343.5864975102277
994,2,2019-12-01,1990.5638195747765,1488.1678452096835,2699.466356628485,816.25,-851.5638195747765,-1560.4663566284848
996,2,2019-12-01,6305.436468861272,5112.067688605162,7679.547851288835,3349.5,-2543.5198021946057,-3917.6311846221683
997,2,2019-12-01,8252.767274359594,7074.71117101091,9331.081672042075,4580.25,-3421.183941026261,-4499.498338708742
1002,2,2019-12-01,3.4183215903997026,3.4183215903997026,2052.4355363099203,3232.3333333333335,3445.2483450762675,1396.2311303567467
1003,2,2019-12-01,12540.439681120033,10347.900909287595,14329.305713562824,6710.5,-5333.773014453366,-7122.639046896157
1006,2,2019-12-01,3906.219982322358,3125.5229630708645,5066.922376601491,3712.5,278.86335101097484,-881.8390432681581
1008,2,2019-12-01,3091.956956353688,2095.533614504263,4080.3483745297613,3788.5,929.3763769796456,-59.015041196427774
1009,2,2019-12-01,1650.6360678654955,1198.4839329039141,2288.4093571487824,2394.4166666666665,998.4472654678375,360.6739761845506
1012,2,2019-12-01,2093.142133660264,1301.8178808355763,2867.9700429756026,2737.9166666666665,777.1078663397361,2.2799570243973903
1016,2,2019-12-01,504.9140072701039,237.83551546782036,1021.004072551445,46.083333333333336,-439.74734060343724,-955.8374058847784
1018,2,2019-12-01,6520.767795966079,5913.916947631157,7448.184785780582,2650.4166666666665,-3380.1844626327456,-4307.601452447249
1019,2,2019-12-01,4434.157623176752,3105.8027671010304,5550.641512818747,2494.0,-1669.5742898434187,-2786.058179485414
1020,2,2019-12-01,6935.7959037189885,5582.5510853152155,7989.924900751073,4510.166666666667,-1969.2125703856545,-3023.3415674177395
1022,2,2019-12-01,5923.739049967926,4885.133375179028,7089.788716009878,2989.6666666666665,-2585.5723833012594,-3751.6220493432115
1024,2,2019-12-01,3528.1476914445984,2383.0821492297628,4999.738183193284,5464.416666666667,2456.6856418887355,985.0951501400496
1026,2,2019-12-01,2969.166996560582,2424.781666906317,3631.1631709398143,1418.0,-1190.7503298939153,-1852.7465042731476
1027,2,2019-12-01,5470.704991397534,4142.546308237632,6808.654663352125,5137.166666666667,299.9616752691327,-1037.9879966854578
1028,2,2019-12-01,7854.340852939381,5921.045567667969,9480.447423094583,6760.166666666667,-399.674186272714,-2025.7807564279165
1029,2,2019-12-01,3207.751647013001,2177.907405644928,4141.66665488862,3049.0833333333335,321.9983529869992,-611.9166548886196
1030,2,2019-12-01,2719.2551049534345,1823.9009557771237,3492.460111629254,3746.9166666666665,1264.161561713232,490.9565550374127
1031,2,2019-12-01,3731.9992425815162,2339.279320733091,5130.862293941611,4480.166666666667,1256.7507574184838,-142.11229394161091
1034,2,2019-12-01,7227.058756544993,5573.293496262117,8925.589918689115,4630.75,-2021.3920898783263,-3719.9232520224477
1039,2,2019-12-01,5077.144680016905,4346.091818036404,5666.226442930883,963.8333333333334,-3832.728013350238,-4421.809776264216
1041,2,2019-12-01,3373.041071668306,2383.858228580926,4424.998429553879,2710.1666666666665,-210.20773833497287,-1262.1650962205458
1046,2,2019-12-01,6080.667862820314,5145.838127289616,7136.618449180664,3059.5833333333335,-675.0011961536475,-1730.9517825139974
1047,2,2019-12-01,6116.302177785898,4635.522669554557,7132.471436821002,4462.833333333333,-1239.0521777858976,-2255.2214368210016
1048,2,2019-12-01,3488.4401969031146,2355.0763737356874,5174.24224491311,4489.833333333333,1639.8098030968854,-45.99224491310997
1050,2,2019-12-01,7082.874594827728,6040.663275697193,8164.260959183243,2994.8333333333335,-3566.3745948277283,-4647.760959183243
1052,2,2019-12-01,7197.853633794279,5574.657664111566,8811.247892908505,2350.8333333333335,-4557.270300460945,-6170.664559575171
1053,2,2019-12-01,7343.3973578570285,6070.783159803304,8889.758729109339,4630.916666666667,-2276.1473578570285,-3822.5087291093387
1054,2,2019-12-01,2437.21547042124,1757.8475240554637,3393.7737206944967,3839.75,1630.2011962454267,673.6429459721699
1058,2,2019-12-01,5247.369067647642,4404.6275519264545,6487.553572977,2933.0,-2092.952400980975,-3333.1369063103334
1060,2,2019-12-01,2893.8251359575233,2140.712606953722,3972.6053368117455,1795.5833333333333,-642.8251359575233,-1721.6053368117455
1063,2,2019-12-01,6016.000599799114,4979.824027583417,7098.954838960001,3158.1666666666665,-2533.255599799114,-3616.2098389600014
1066,2,2019-12-01,11504.049923756496,10286.233600125232,12701.919738701892,4510.333333333333,-6821.466590423163,-8019.336405368559
1067,2,2019-12-01,3908.240021398843,2842.470133641682,5087.147569110892,3482.5,149.75997860115694,-1029.1475691108917
1069,2,2019-12-01,3930.034729555157,3274.930528924878,5092.506917925581,3821.0,440.29860377817613,-722.1735845922476
1070,2,2019-12-01,3561.568605029979,2626.0209846980893,4897.141711665504,4294.0,973.9313949700208,-361.64171166550386
1072,2,2019-12-01,4075.5573422864,3463.720168759508,4748.26695414843,3334.75,-270.55734228639994,-943.2669541484302
1073,2,2019-12-01,3800.947361734696,2799.932451014037,4724.9025905604,2938.6666666666665,-503.4473617346962,-1427.4025905604003
1074,2,2019-12-01,2399.9929593767365,1787.9241303996896,3412.210328532053,2734.9166666666665,650.1053739565968,-362.1119951987198
1075,2,2019-12-01,6255.54599391458,5414.716533261269,7598.637386611859,4291.666666666667,-1500.2959939145803,-2843.3873866118593
1076,2,2019-12-01,2719.217354790054,1919.2762676747286,3713.219132282154,3111.8333333333335,724.8659785432797,-269.1357989488206
1077,2,2019-12-01,4669.9318750501925,4445.452361163303,5158.175431671133,1003.6666666666666,-3345.4318750501925,-3833.675431671133
1078,2,2019-12-01,5915.502343475972,4587.777069287403,7511.078174613438,4798.0,-507.58567680930537,-2103.161507946771
1079,2,2019-12-01,7634.87736790416,5672.940981091099,9685.240579832924,8607.833333333334,1427.7059654291743,-622.6572464995897
1080,2,2019-12-01,3051.181839724972,2387.5839923823883,3852.0713310602705,2451.0833333333335,-387.1818397249722,-1188.0713310602705
1081,2,2019-12-01,9222.189313538744,7532.752920072894,11034.476998084707,4222.166666666667,-2381.2726468720766,-4193.56033141804
1082,2,2019-12-01,3303.030462358005,2250.4294718226456,4626.5400840157945,2827.8333333333335,-157.03046235800502,-1480.5400840157945
1083,2,2019-12-01,8769.079944536436,7885.302630876302,9820.997474164711,3214.0,-5175.8299445364355,-6227.747474164711
1084,2,2019-12-01,4451.566664028195,3021.1771323799603,5976.638229197502,5355.166666666667,1421.0166693051387,-104.05489586416843
1086,2,2019-12-01,3688.9350928843223,2508.3945007191896,5333.657795444511,6356.166666666667,3210.0649071156777,1565.342204555489
1087,2,2019-12-01,2117.402049144222,1302.9272451243146,3054.457958825962,2583.0833333333335,793.514617522445,-143.54129215929515
1088,2,2019-12-01,3307.5416184198302,2015.675630964872,4528.881303597247,2915.1666666666665,-7.124951753163714,-1228.4646369305806
1089,2,2019-12-01,4175.420021556491,2899.400649324155,5500.17079725208,4291.75,662.9966451101764,-661.7541305854129
1091,2,2019-12-01,3658.6988598617095,2255.539398658723,4829.738444962622,4490.833333333333,1098.1344734716236,-72.90511162928942
1094,2,2019-12-01,2062.1775502938563,1391.8403660274212,3280.6873745467346,3453.5,1794.9057830394772,576.3959587865988
1095,2,2019-12-01,2638.33695681383,1904.057035338329,3640.040610493166,1909.8333333333333,-300.33695681383006,-1302.0406104931658
1096,2,2019-12-01,7013.284011546913,6152.963219200765,8194.52309267838,3448.25,-3121.617344880246,-4302.856426011715
1097,2,2019-12-01,2850.837369686098,2048.7825294284453,3645.619616320382,2695.25,262.9959636472354,-531.7862829870487
1098,2,2019-12-01,18673.66545063472,16562.61532415043,19915.795849906008,2871.3333333333335,-9141.665450634719,-10383.795849906008
1100,2,2019-12-01,7375.619258012049,5623.270907729503,9363.50065415131,4984.583333333333,-2027.9525913453826,-4015.8339874846442
1102,2,2019-12-01,9365.050907014094,7247.274263479541,11428.515289424526,7894.416666666667,-854.9675736807603,-2918.4319560911918
1103,2,2019-12-01,4502.179184599473,3700.549270475859,5101.494708706922,2143.5833333333335,-1896.5958512661396,-2495.9113753735887
1104,2,2019-12-01,6296.316109042488,5161.4076343757315,7595.571756668904,3345.0833333333335,-2499.982775709155,-3799.23842333557
1105,2,2019-12-01,6608.121489476679,5931.900521987414,7684.55865035678,1842.0,-4447.454822810012,-5523.891983690113
1106,2,2019-12-01,2814.4331001415117,2141.0244943844464,3549.679535740632,1731.9166666666667,-893.6831001415117,-1628.9295357406322
1107,2,2019-12-01,4143.423858552412,3246.853643387294,5212.141998821455,3376.3333333333335,-121.75719188574476,-1190.4753321547878
1114,2,2019-12-01,2596.5348418449294,1836.5406446900706,3564.2317299668807,3092.9166666666665,959.9651581550706,-7.731729966880721
1115,2,2019-12-01,5929.252305424895,4985.958832350429,6941.569139472478,2516.5,-3039.752305424895,-4052.069139472478
1116,2,2019-12-01,8850.81510472769,7821.116489524294,9816.168026036405,3542.4166666666665,-5129.981771394357,-6095.334692703072
1117,2,2019-12-01,9034.93702208225,7891.240991384303,9969.859606065087,2307.5833333333335,-6535.937022082249,-7470.859606065087
1118,2,2019-12-01,10006.990818358752,7570.135176455537,12539.194140366748,6925.333333333333,-2336.574151692086,-4868.777473700082
1121,2,2019-12-01,7918.312519092774,6196.914929814585,9742.44752177655,7030.416666666667,-365.562519092774,-2189.6975217765503
1123,2,2019-12-01,1668.777212606223,1218.5634069444886,2396.3044814062027,2324.6666666666665,1038.05612072711,310.5288519271303
1125,2,2019-12-01,4027.0870173721073,2929.6846424813994,5459.608784184827,5409.75,1840.1629826278927,407.6412158151734
1127,2,2019-12-01,5250.754113685996,4485.972529449341,6187.390399776481,2965.8333333333335,-1946.1707803526629,-2882.8070664431475
1128,2,2019-12-01,2489.181091620379,1689.7919389090018,3294.106237623417,2883.8333333333335,771.4022417129545,-33.522904290083716
1129,2,2019-12-01,6415.572941945239,5507.448948314214,7390.608273750914,2870.75,-3026.7396086119056,-4001.7749404175806
1130,2,2019-12-01,6418.856196834676,5211.79658291893,7524.082833870572,3696.25,-2310.439530168009,-3415.6661672039054
1131,2,2019-12-01,7651.763298415937,6395.81817494479,9127.560553131336,1640.1666666666667,-5577.09663174927,-7052.893886464669
1133,2,2019-12-01,2739.6768189431905,1949.4265014224575,3708.8237546575633,3883.25,1451.4898477234765,482.34291200910366
1135,2,2019-12-01,5281.4078882434305,4157.850321973025,6235.924808325817,5667.5,611.4254450899025,-343.0914749924841
1137,2,2019-12-01,3031.2155227294734,2102.74876050103,4004.922092625472,2788.75,26.951143937193137,-946.7554259588055
1138,2,2019-12-01,6668.584656183938,5927.518893620203,8095.954778505218,3490.5,-2698.334656183938,-4125.704778505218
1140,2,2019-12-01,4035.574614179468,2921.494499058105,5093.675148960314,4612.583333333333,802.3420524871981,-255.75848229364783
1141,2,2019-12-01,2976.7772613896627,2138.1586719710217,3984.270893287082,2272.1666666666665,-200.27726138966273,-1207.770893287082
1142,2,2019-12-01,4961.513799446261,3340.8550111917075,6854.522213649272,6606.0,2145.819533887072,252.81111968406094
1144,2,2019-12-01,6130.8130969427575,4822.206616278754,7057.784096111984,2541.25,-3114.646430276091,-4041.617429445317
1145,2,2019-12-01,8182.828739923233,6529.6813219746955,9464.700139087385,6256.666666666667,-1608.2454065898992,-2890.116805754051
1147,2,2019-12-01,8517.909304721064,6439.582888283412,9782.188696566624,8724.333333333334,540.5073619456034,-723.7720298999557
1148,2,2019-12-01,3286.608500805761,2457.860034159059,4262.840190537608,3059.25,351.3081658609053,-624.9235238709412
1150,2,2019-12-01,6074.273333235926,4694.263679588863,7483.522222647845,5252.5,-473.8566665692588,-1883.1055559811784
1151,2,2019-12-01,617.3822623183213,449.2367604082129,767.0933107053204,76.66666666666667,-443.3822623183213,-593.0933107053204
1153,2,2019-12-01,770.7437138126598,558.264954838976,1042.8730039376032,4833.833333333333,4106.75628618734,3834.6269960623968
1155,2,2019-12-01,5593.278585555119,4510.068004509689,6548.2590147701685,2457.8333333333335,-2834.6952522217857,-3789.675681436835
1156,2,2019-12-01,10020.914111052649,7552.258331835314,12155.766943421531,23349.916666666668,14118.252555614019,11983.399723245137
1163,2,2019-12-01,3355.5731187474007,1790.2978420960958,4927.798239857252,5597.5,2608.7602145859323,1036.5350934760809
1164,2,2019-12-01,7873.236849078129,6144.900024613568,9858.861131467622,9140.583333333334,1382.5131509218709,-603.1111314676218
1166,2,2019-12-01,5474.680927842461,4582.67730218913,6523.1105234472325,3324.8333333333335,43.48573882420624,-1004.9438567805655
1168,2,2019-12-01,17866.84195483918,14216.706081731616,22525.041102886324,9139.416666666666,-4189.091954839179,-8847.291102886324
1169,2,2019-12-01,11877.367092313654,9912.942499938303,13477.028194436902,5158.416666666667,-6185.03375898032,-7784.694861103568
1170,2,2019-12-01,3476.9898205475893,2745.566456670336,4698.929795331619,3405.5833333333335,345.8435127857442,-876.0964619982856
1171,2,2019-12-01,4192.932076846383,3022.2156386393544,5587.217713062066,3267.8333333333335,-795.6820768463831,-2189.9677130620657
1173,2,2019-12-01,4071.8747674020537,2863.452461378851,5635.315153936506,4308.583333333333,565.4585659312793,-997.9818206031732
1176,2,2019-12-01,6348.644509601605,5198.256708198737,8102.842765878512,4779.0,-917.894509601605,-2672.092765878512
1177,2,2019-12-01,3502.8616468839928,2389.1383827185364,4598.887341601367,5389.333333333333,2142.8883531160072,1046.8626583986334
1179,2,2019-12-01,3170.258393830373,1947.2682371748651,4413.4893432500085,4130.833333333333,1347.3249395029602,104.09399008332457
1180,2,2019-12-01,6293.130468555503,5280.723026131921,7426.7623326291005,2995.0,-2930.3804685555033,-4064.0123326291005
1181,2,2019-12-01,4147.041068933622,3098.6792918766528,5632.009274749356,4298.416666666667,381.2089310663778,-1103.7592747493563
1183,2,2019-12-01,2933.8480980384957,1982.823187101346,3794.0233871659884,2735.0,-109.34809803849566,-969.5233871659884
1184,2,2019-12-01,4205.569641570102,3309.7209748930895,5397.685919340437,5730.416666666667,1940.5970250965647,748.4807473262299
1187,2,2019-12-01,1821.2780221424666,1342.2463316487804,2785.7587108897737,3944.5,2364.0553111908666,1399.5746224435593
1189,2,2019-12-01,2442.787319247587,1649.923024075878,3600.968924096619,2631.8333333333335,466.62934741907975,-691.5522574299521
1190,2,2019-12-01,7273.998564654099,6314.109100524978,8435.515499329327,3698.5833333333335,-3103.581897987432,-4265.09883266266
1192,2,2019-12-01,1457.205869219163,1148.2896159747388,1938.7528729908179,3335.5,1972.9141307808368,1491.367127009182
1193,2,2019-12-01,3784.2179513193573,2980.3758125394656,4731.824175303189,4309.75,729.6153820139757,-217.99084196985586
1194,2,2019-12-01,4553.182981371641,3437.589067954448,5840.499851092623,3170.0833333333335,-844.1829813716413,-2131.4998510926234
1195,2,2019-12-01,5477.472034476128,4545.037526265578,6502.180684184352,3391.3333333333335,-1641.222034476128,-2665.930684184352
1196,2,2019-12-01,4147.051286632451,3418.984944154574,5404.642140483434,2907.9166666666665,-776.4679532991177,-2034.0588071501006
1198,2,2019-12-01,5881.520016158387,5233.229063133159,6696.218981816467,905.75,-4755.85334949172,-5570.5523151498
1201,2,2019-12-01,5700.337401847782,3660.146462903822,7835.066333658306,9622.083333333334,4509.745931485552,2375.0169996750283
1202,2,2019-12-01,1164.947150076472,831.2458312388299,1793.5379509324234,0.3333333333333333,-1041.8638167431388,-1670.4546175990902
1203,2,2019-12-01,1485.7594884377534,1074.4121473711725,2265.0185055741576,3461.4166666666665,2240.82384489558,1461.5648277591754
1204,2,2019-12-01,3453.853054981798,2366.7367448767927,4804.426211594917,5786.666666666667,2552.313611684869,1201.7404550717501
1207,2,2019-12-01,7278.802680535127,6021.365168885259,8739.359487651494,4697.333333333333,-2161.0526805351274,-3621.6094876514944
1208,2,2019-12-01,2936.1254848559884,2212.752862443989,3898.2253113382285,2782.25,276.79118181067815,-685.308644671562
1209,2,2019-12-01,9198.47049420694,7550.962580312595,10492.657240146764,5317.916666666667,-3455.3871608736063,-4749.57390681343
1210,2,2019-12-01,3117.1821223661823,2186.965568379541,4177.813310967082,2877.5833333333335,9.234544300484686,-1051.3966443004147
1211,2,2019-12-01,3080.416146891276,2093.3924919864676,4130.537242523998,3187.4166666666665,378.00051977539033,-672.1205758573319
1213,2,2019-12-01,2652.1860126898714,1798.7295029168145,3529.7372714249223,3631.5833333333335,1513.2306539767956,635.6793952417447
1214,2,2019-12-01,5070.907790117614,3813.385230274135,6619.500678252467,6039.166666666667,1501.9255432157197,-46.66734491913303
1217,2,2019-12-01,4395.603998375789,3279.653706135,5697.030668395687,3749.3333333333335,-278.6873317091222,-1580.11400172902
1219,2,2019-12-01,6325.433595665629,4807.935213491111,7667.7178898168195,4842.083333333333,-1108.0169289989626,-2450.3012231501534
1221,2,2019-12-01,3358.016490272672,2315.7981866841674,4552.957618770322,2562.25,-161.76649027267194,-1356.7076187703224
1222,2,2019-12-01,3869.4876640702073,3243.250764494259,4787.584401786978,2394.8333333333335,-916.9876640702073,-1835.0844017869777
1223,2,2019-12-01,6764.866263614599,2140.2236788996515,7549.647410938908,15790.833333333334,9554.6337363854,8769.85258906109
1224,2,2019-12-01,7136.5165774360885,5707.443147003048,8330.93185851415,4455.333333333333,-2136.3499107694224,-3330.765191847484
1225,2,2019-12-01,5740.335655095485,4572.2600694317,6963.020024950266,5236.416666666667,-249.918988428818,-1472.603358283599
1226,2,2019-12-01,5186.038076476256,4129.314332014763,6385.022154449036,3071.6666666666665,-1781.7047431429228,-2980.688821115703
1227,2,2019-12-01,3660.343813263014,2679.586536649788,5406.223593809088,5612.0,2333.322853403653,587.443072857579
1228,2,2019-12-01,3795.0403494164034,2831.498205460148,5115.224748247885,3956.8333333333335,693.2929839169306,-626.8914149145512
1229,2,2019-12-01,4575.299166008725,3455.6625236004334,6139.9369899614385,4112.5,-15.799166008724569,-1580.4369899614385
1234,2,2019-12-01,2020.4125686944237,1739.4765461501438,2225.0800197415106,5182.083333333333,3225.1707646389095,3020.5033135918225
1236,2,2019-12-01,2680.421881917386,2003.8905320748338,3611.3496724016773,2103.5833333333335,-13.58854858405266,-944.5163390683438
1237,2,2019-12-01,6037.95665143379,5171.93900291754,7309.134481876283,2679.1666666666665,-2968.818318100457,-4239.996148542949
1238,2,2019-12-01,9628.22145092623,7248.723494025847,11834.021287744428,8055.083333333333,-1075.2214509262303,-3281.0212877444283
1239,2,2019-12-01,3458.883816279548,2728.0389290384273,4477.848734584802,3173.4166666666665,-17.383816279547773,-1036.3487345848016
1240,2,2019-12-01,3144.6762106461065,2312.1074598272253,3885.3674306802914,2651.1666666666665,-244.42621064610648,-985.1174306802914
1241,2,2019-12-01,9835.0270833208,8512.322517876717,11406.0596146101,4116.333333333333,-5217.610416654134,-6788.642947943434
1242,2,2019-12-01,3110.6266263572447,2391.2018019762622,4085.7210963847383,2542.4166666666665,-216.45995969057822,-1191.5544297180718
1243,2,2019-12-01,5896.60623465388,4685.547655392041,7169.26550371875,2907.0,-2527.4395679872136,-3800.098837052083
1245,2,2019-12-01,3545.019865170113,2455.5330195821607,4537.740563670412,3575.0,471.3134681632205,-521.4072303370781
1246,2,2019-12-01,2984.8717595686294,2068.619275927676,4065.246677113967,2584.0,4.711573764704099,-1075.6633437806336
1247,2,2019-12-01,4589.916779040944,3474.3918851591134,5779.145009157868,3679.3333333333335,-182.16677904094377,-1371.3950091578681
1248,2,2019-12-01,3217.009580756008,2200.4376854566713,4083.774368094335,3615.5,584.8237525773256,-281.94103476100145
1250,2,2019-12-01,3186.1202770145633,2353.773717008622,4068.000679337691,3208.25,452.79638965210324,-429.08401267102454
1251,2,2019-12-01,3705.698636878798,2477.8350252780874,4433.983022134589,3512.5,224.80136312120203,-503.4830221345892
1253,2,2019-12-01,10094.880717451553,8421.795401098723,11217.73293581146,4895.75,-4774.964050784886,-5897.816269144793
1254,2,2019-12-01,2016.1317535152405,1457.0711108201501,3075.9207373895933,2884.9166666666665,1217.284913151426,157.49592927707317
1256,2,2019-12-01,6106.952230958504,5086.186093556193,7754.901551656911,4687.333333333333,-1071.6188976251706,-2719.5682183235776
1257,2,2019-12-01,2188.912143165016,1430.651925517318,2961.706913940757,4021.5833333333335,2143.837856834984,1371.0430860592428
1258,2,2019-12-01,3684.4925398129803,2658.1701038930696,4913.6221510685755,1289.1666666666667,-1895.9092064796469,-3125.038817735242
1259,2,2019-12-01,7963.447459903448,6063.871888246444,10360.363729653276,16022.416666666666,8659.552540096553,6262.636270346724
1260,2,2019-12-01,2091.4243027507573,1344.8083614586567,2991.1668740597675,3567.1666666666665,1978.8256972492427,1079.0831259402325
1261,2,2019-12-01,4063.094954638486,2831.2121404568434,5214.127101006021,5732.25,2325.905045361514,1174.872898993979
1262,2,2019-12-01,1759.1161590300371,1360.1230668262342,2170.9143564000155,2331.75,864.1338409699629,452.33564359998445
1263,2,2019-12-01,2927.340155409009,2229.7333962146417,3854.39815325577,3054.3333333333335,391.4931779243243,-535.5648199224365
1266,2,2019-12-01,2429.015734404896,1748.64309615993,3231.652788136774,3838.5833333333335,1897.7342655951038,1095.0972118632262
1267,2,2019-12-01,3352.5854959576404,2230.4913919571322,4509.397876692475,2659.3333333333335,-403.16882929097346,-1559.9812100258077
1268,2,2019-12-01,1816.1490679856834,1306.1559138219393,2414.995729625164,2466.4166666666665,1181.8509320143166,583.0042703748359
1269,2,2019-12-01,5452.002683056078,4176.925904779241,6732.200242094297,3027.9166666666665,-1883.4193497227452,-3163.616908760964
1274,2,2019-12-01,8534.04580331454,6912.046507475454,9782.474869156858,4122.0,-4099.5458033145405,-5347.974869156858
1276,2,2019-12-01,3560.3182796459605,2656.920799660078,5017.914889003359,3482.75,15.931720354039498,-1441.6648890033593
1279,2,2019-12-01,4850.370524854577,3922.375936105042,6000.8685875525325,5175.25,695.2128084787564,-455.2852542191995
1281,2,2019-12-01,1544.4285733799281,1052.6207606132905,2529.504764610413,2212.1666666666665,999.4047599534049,14.328568722919954
1282,2,2019-12-01,3431.246499411763,2456.816627942817,4411.300204165136,3437.4166666666665,483.4201672549034,-496.63353749846965
1283,2,2019-12-01,5722.924114670234,4272.813955373925,7272.788303826177,5306.083333333333,364.0758853297657,-1185.788303826177
1284,2,2019-12-01,3986.1612381013456,3325.2327724075167,5077.937185090313,3328.9166666666665,-567.1612381013456,-1658.9371850903126
1285,2,2019-12-01,6770.613149071737,5345.054421961795,8635.548670219756,5441.5,-784.7798157384041,-2649.715336886423
1286,2,2019-12-01,6204.1772730546245,4924.321781785471,7754.457825208583,5131.5,-698.3439397212915,-2248.62449187525
1288,2,2019-12-01,4374.431094061221,3588.1875335902555,5574.365462857446,3171.5833333333335,-796.3477607278878,-1996.2821295241124
1291,2,2019-12-01,3972.3850328762237,3074.788239941523,4827.903252848889,2905.75,-852.7183662095572,-1708.2365861822223
1293,2,2019-12-01,11298.06426890186,9418.405689923526,13153.011291805742,4114.5,-6537.3976022351935,-8392.344625139074
1294,2,2019-12-01,5701.921836761121,4328.11295210505,7511.1902173059425,4926.166666666667,-450.6718367611211,-2259.9402173059425
1295,2,2019-12-01,6436.716347331652,5538.08420192509,7502.31936191191,2314.3333333333335,-3649.2163473316523,-4714.81936191191
1296,2,2019-12-01,5029.591552009217,4311.408514287917,6149.095318228524,3890.25,-1040.5082186758832,-2160.0119848951904
1298,2,2019-12-01,1930.106993449968,1366.9417564524401,2711.140558525625,2133.5833333333335,472.14300655003194,-308.8905585256248
1299,2,2019-12-01,2540.020895562421,1773.8960470571005,3287.2950650578255,3108.25,854.3957711042453,107.12160160884105
1300,2,2019-12-01,2891.69954952172,2338.352061385314,3541.3616035316386,1924.3333333333333,-560.1995495217202,-1209.8616035316386
1301,2,2019-12-01,4359.4731855753325,2994.6427364640026,5834.764314612557,5154.166666666667,1199.7768144246675,-275.5143146125574
1302,2,2019-12-01,4891.225376980902,4107.959838052157,5984.971103271871,2415.6666666666665,-2029.3087103142357,-3123.054436605204
1303,2,2019-12-01,3398.6817214000935,2142.527466227592,4503.0789631144025,5161.416666666667,2055.2349452665735,950.8377035522644
1305,2,2019-12-01,3104.762699440252,2292.856204364609,3967.9423170502278,3247.5833333333335,516.4039672264148,-346.7756503835608
1307,2,2019-12-01,6915.107043420343,5248.801506196435,8328.562969398667,7252.5,562.642956579657,-850.8129693986666
1313,2,2019-12-01,4582.71675234626,3868.3391846827394,5356.677828572382,2514.3333333333335,-1857.4667523462604,-2631.427828572382
1314,2,2019-12-01,6345.079150546484,5377.692024423213,7383.3291883658785,3283.6666666666665,-2639.579150546484,-3677.8291883658785
1315,2,2019-12-01,2570.6345250310073,1835.1739831308205,3608.251602699793,2714.6666666666665,552.5321416356592,-485.08493603312627
1317,2,2019-12-01,1765.6668749791709,1261.434350872251,2773.1432850581305,2575.8333333333335,1255.1664583541626,247.69004827520303
1323,2,2019-12-01,4644.372970707315,3705.370906703177,5587.792751468776,2617.8333333333335,-1706.7063040406483,-2650.1260848021093
1324,2,2019-12-01,5001.825972574673,4041.475447830536,6354.074749767144,3239.3333333333335,-1170.4926392413395,-2522.74141643381
1326,2,2019-12-01,4004.0091789291628,2926.9349770854833,5614.195338572417,5540.75,1834.4908210708372,224.3046614275827
1330,2,2019-12-01,7946.003671817517,6395.474791959212,9204.180090750337,2950.3333333333335,-4607.920338484184,-5866.096757417003
1331,2,2019-12-01,397.27209796247575,267.19682693518655,475.7378034956539,4085.5,3693.8112353708575,3615.3455298376794
1332,2,2019-12-01,3584.652793156708,2259.4784116777355,5240.450282408344,5992.416666666667,2903.597206843292,1247.7997175916562
1334,2,2019-12-01,2149.191914312391,1295.591632786986,3040.865102027742,3302.25,1496.058085687609,604.3848979722579
1335,2,2019-12-01,7502.798542059532,5842.211986884626,9648.726721335232,8153.75,1289.7014579404677,-856.2267213352316
1340,2,2019-12-01,16644.435901216006,14937.077667826585,18414.338148736017,4489.333333333333,-11573.602567882674,-13343.504815402684
1341,2,2019-12-01,4257.729520669283,3438.5518331469757,5180.961227241649,2529.0833333333335,-1728.64618733595,-2651.8778939083154
1344,2,2019-12-01,4534.1202205209565,3591.209405468685,5924.340607687784,3903.5833333333335,-122.37022052095654,-1512.5906076877836
1345,2,2019-12-01,4522.445636611562,3756.9136683491683,6124.385168297685,1385.0,-2989.445636611562,-4591.385168297685
1347,2,2019-12-01,3290.3400609718315,2292.1699918319937,4641.477019974089,4618.166666666667,1699.4099390281685,348.27298002591124
1348,2,2019-12-01,755.0500971191146,589.5117829171911,993.5918623837179,0.16666666666666666,-754.883430452448,-993.4251957170512
1352,2,2019-12-01,2332.474995501796,1461.5293454451885,3108.252567124885,3508.5,1677.1916711648705,901.4140995417815
1353,2,2019-12-01,2694.651033598766,1882.1874744166134,3725.8141444160983,3607.8333333333335,1309.265633067901,278.10252225056865
1356,2,2019-12-01,3068.87642671502,2239.51952984393,4291.5638430333565,2223.0,-514.87642671502,-1737.5638430333565
1357,2,2019-12-01,3115.0814651144437,2119.774592144958,4454.924608634321,950.8333333333334,-1820.414798447777,-3160.257941967654
1358,2,2019-12-01,1127.4198808834426,727.8948427042292,1743.892982987559,5744.166666666667,4723.080119116557,4106.607017012441
1360,2,2019-12-01,1654.997204548859,1194.651664637201,2544.8423482303697,3239.5,2092.002795451141,1202.1576517696303
1361,2,2019-12-01,2822.008806560162,1932.505931442684,3976.1855491984015,2392.8333333333335,-89.75880656016216,-1243.9355491984015
1362,2,2019-12-01,3692.136048221735,2113.8899925746114,4989.338097357925,6042.5,2935.613951778265,1638.411902642075
1364,2,2019-12-01,652.1147773668035,457.9559932590279,944.3381844769376,0.25,-449.28144403347017,-741.5048511436042
1366,2,2019-12-01,3542.325785168463,2691.598715232684,4596.115643158569,3333.3333333333335,311.42421483153703,-742.3656431585687
1367,2,2019-12-01,2164.893364552008,1494.5233264818992,3294.8501547876285,2854.5833333333335,954.4399687813257,-175.51682145429504
1369,2,2019-12-01,4067.446835836773,3359.0390024085004,5025.798420561156,2987.8333333333335,-602.7801691701061,-1561.1317538944886
1370,2,2019-12-01,5291.646528017902,4051.305401428724,6855.8361326148315,4409.0,-530.5631946845688,-2094.7527992814985
1371,2,2019-12-01,3187.2595299723284,2292.4958397055807,4597.179421308622,4127.416666666667,1164.9071366943385,-245.01275464195533
1376,2,2019-12-01,5092.006157338771,3927.368564136098,6478.902588978004,5168.25,764.8271759945619,-622.0692556446711
1378,2,2019-12-01,4736.551004799264,3913.234240496185,5899.41597512113,3400.8333333333335,-775.2176714659304,-1938.0826417877965
1379,2,2019-12-01,6143.616555781864,5309.402332751481,7045.207214837126,2867.3333333333335,-2909.199889115197,-3810.7905481704593
1381,2,2019-12-01,5858.931717216903,4438.164656646968,7213.067665608123,2459.75,-2658.5983838835696,-4012.7343322747897
1382,2,2019-12-01,6804.333208205236,6067.3871029087895,7305.694634084737,2156.9166666666665,-2294.9165415385696,-2796.277967418071
1383,2,2019-12-01,5992.391300299669,5065.745995187196,7315.226122819461,4994.833333333333,-796.9746336330027,-2119.809456152795
1384,2,2019-12-01,4125.289651487458,3384.4883377436295,5480.33333392999,1917.5833333333333,-1766.8729848207918,-3121.9166672633232
1385,2,2019-12-01,7876.491230526835,6806.661285602063,9537.13283145607,6858.166666666667,-650.2412305268354,-2310.8828314560706
1391,2,2019-12-01,8166.179529040141,6596.535216028369,9523.338480724957,4266.333333333333,-3709.3861957068075,-5066.545147391624
1393,2,2019-12-01,3942.1940034513764,3220.089051027565,5033.324374027867,2871.6666666666665,-493.77733678470986,-1584.9077073612002
1394,2,2019-12-01,4622.682671167701,3384.157146297046,5985.166526812518,4821.083333333333,648.2339954989648,-714.2498601458519
1397,2,2019-12-01,3081.7660405978004,2041.9748371542778,4274.239478369225,3032.3333333333335,250.3172927355331,-942.1561450358918
1398,2,2019-12-01,7694.045092193392,6527.344427286047,8925.6765151127,5905.166666666667,-1619.5450921933916,-2851.1765151127
1403,2,2019-12-01,9755.611806722603,8208.493926942141,10849.934710633894,2045.4166666666667,-7397.361806722603,-8491.684710633894
1404,2,2019-12-01,2003.5279358204752,1321.9126451525872,3169.5401892921464,3039.3333333333335,1309.8053975128582,143.79314404118713
1405,2,2019-12-01,5764.127106991363,4626.30187668295,7219.3336133036,4062.9166666666665,-1337.6271069913628,-2792.8336133036
1406,2,2019-12-01,1611.1450136083874,1079.4467720175367,2317.8880008152873,1976.5,503.18831972494604,-203.55466748195386
1407,2,2019-12-01,7869.7637633129725,6755.143805342033,8862.677397626137,3372.75,-4125.680429979639,-5118.5940642928035
1411,2,2019-12-01,5519.629626902122,4261.06953560116,6828.433804414134,5750.583333333333,410.5370397645438,-898.267137747468
1412,2,2019-12-01,6969.475125983824,5536.7487053574605,8354.992360460821,4513.833333333333,-1916.475125983824,-3301.992360460821
1413,2,2019-12-01,3246.0945279700436,2469.5840964614217,4165.668906655983,2597.5,-479.5111946367101,-1399.0855733226495
1416,2,2019-12-01,5643.617153446251,4552.382883124402,7285.6131359233605,4062.5,-1132.200486779584,-2774.1964692566935
1417,2,2019-12-01,4116.866642563321,3071.7736186692773,5507.8870377524145,4390.0,640.7166907700121,-750.3037044190814
1421,2,2019-12-01,2443.3625058912066,1478.0629569699918,3402.7295796279245,2748.75,657.8041607754599,-301.562912961258
1422,2,2019-12-01,3224.7005584511026,2362.3644391778007,4370.871551442862,3004.3333333333335,88.38277488223093,-1057.7882181095288
1424,2,2019-12-01,4509.557224329613,4126.205661481578,5271.585632763904,1279.0,-1044.0572243296128,-1806.085632763904
1425,2,2019-12-01,3841.202802180794,3183.8586824006275,4817.527765088289,1602.0833333333333,-2007.369468847461,-2983.694431754956
1427,2,2019-12-01,5280.238842645413,3131.078780437567,7105.41575691057,8406.666666666666,3482.9278240212534,1657.750909756096
1428,2,2019-12-01,1159.9081912978345,891.1511373731935,1545.3598973298863,2372.6666666666665,1384.9251420354985,999.4734360034467
1429,2,2019-12-01,3617.511818961368,2315.225754994176,5154.66731871175,2796.3333333333335,-385.92848562803465,-1923.0839853784169
1430,2,2019-12-01,3752.472953155457,2857.523354426473,5425.700184547129,2803.5,-403.6396198221237,-2076.866851213795
1432,2,2019-12-01,5204.647947287894,3951.520198789195,6527.84999833983,5812.25,929.6853860454394,-393.5166650064966
1433,2,2019-12-01,5841.016769387383,4913.049910319877,6938.007565728555,4005.0,-1276.1834360540497,-2373.174232395222
1434,2,2019-12-01,1760.5667270807198,1143.183420898988,2551.5613588383167,3407.5833333333335,2086.099939585947,1295.1053078283503
1435,2,2019-12-01,7285.939038029193,6112.806411321245,8781.996169818533,7668.083333333333,1089.830961970807,-406.22616981853207
1437,2,2019-12-01,3486.1023532972886,2457.9306360854853,4506.822277866364,3733.9166666666665,572.6476467027114,-448.07227786636395
1439,2,2019-12-01,1466.7835827472654,1067.447439121675,1852.4562595800192,2447.5833333333335,1010.7997505860681,625.1270737533143
1442,2,2019-12-01,5461.491756284573,4432.973782920761,6474.310174265876,2536.0,-2670.241756284573,-3683.0601742658764
1443,2,2019-12-01,5489.098806701659,4337.451413901941,6571.49310776196,2918.0,-2221.4321400349922,-3303.826441095294
1444,2,2019-12-01,8391.184104291173,6609.267262910517,9828.308099192373,5573.75,-2283.517437624506,-3720.6414325257056
1445,2,2019-12-01,2636.5496440533398,1945.8001967729533,3377.0816738939952,2328.25,180.70035594666024,-559.8316738939952
1446,2,2019-12-01,2344.333830318796,1703.9176290164955,3400.00368423853,2346.9166666666665,400.7495030145369,-654.9203509051968
1448,2,2019-12-01,6102.092464444758,5263.844921252397,7124.344630382402,3211.5833333333335,-2440.175797778091,-3462.427963715735
1449,2,2019-12-01,3039.1464232246717,2291.999933498711,3995.27283508487,2342.0,-239.2297565580052,-1195.3561684182037
1451,2,2019-12-01,9181.645489010276,8000.16907769647,10208.174033587751,1423.1666666666667,-7281.562155676942,-8308.090700254417
1452,2,2019-12-01,12529.081888077917,8878.76439720506,14683.04004191971,16147.75,8028.584778588751,5874.6266247469575
1453,2,2019-12-01,4593.2002729970645,3863.014221241905,5498.266470701102,3010.1666666666665,-1084.033606330398,-1989.0998040344352
1455,2,2019-12-01,2167.454142567845,1438.3481447101956,3221.210060886605,2860.8333333333335,952.9625240988221,-100.79339421993791
1456,2,2019-12-01,6256.908744463041,5588.175251859042,7092.335386199848,2602.5833333333335,-3455.4920777963744,-4290.918719533181
1458,2,2019-12-01,2392.456119962312,1555.695970324771,3306.031329948499,2979.5833333333335,799.6272133710213,-113.94799661516572
1459,2,2019-12-01,5283.873103771106,4235.945300589274,5775.051795667342,2614.0833333333335,-462.7064371044389,-953.8851290006751
1461,2,2019-12-01,2792.381963933669,2112.12232364171,3867.326018863016,4003.1666666666665,1739.0347027329972,664.09064780365
1463,2,2019-12-01,5506.6338213030895,4762.701939184861,5862.940534579107,813.8333333333334,-4519.2171546364225,-4875.52386791244
1464,2,2019-12-01,5979.118172524559,4877.146928985271,7467.941030554977,4130.75,-1669.2015058578918,-3158.0243638883103
1466,2,2019-12-01,3870.010286364163,3260.747603899538,4689.736139559933,2994.4166666666665,-587.1769530308302,-1406.9028062265998
1467,2,2019-12-01,4477.722159441735,3384.2029050768333,5929.572230586185,4437.833333333333,360.19450722493093,-1091.6555639195185
1470,2,2019-12-01,2051.8284700104923,1519.7833045279845,2939.9577840876445,1864.25,-131.8284700104923,-1019.9577840876445
1471,2,2019-12-01,3341.6530386685304,2870.2327945680245,3924.423813696493,1823.0,-1345.6530386685304,-1928.4238136964932
1473,2,2019-12-01,2629.047123394543,1847.5100932080409,3486.132018964794,3452.25,1240.9528766054568,383.86798103520596
1475,2,2019-12-01,5124.636380737574,4641.438515219108,5910.424808907246,3525.5,-1109.3863807375737,-1895.1748089072462
1477,2,2019-12-01,3054.3201846085717,2115.2205207015163,3951.8794164271403,3896.9166666666665,1473.5964820580944,576.0372502395257
1478,2,2019-12-01,3785.3993665677494,2798.529717450035,4867.5500471520245,3708.8333333333335,418.76730009891753,-663.3833804853575
1479,2,2019-12-01,1897.5943044234425,1316.1441671659259,2471.8400638992193,2219.25,755.572362243224,181.32660276744718
1482,2,2019-12-01,5585.331882494285,3958.594732736911,7076.786674743677,7429.333333333333,2248.0014508390477,756.5466585896556
1484,2,2019-12-01,5434.987392128791,4247.344419299905,6514.074028765277,4811.0,-202.4040587954578,-1281.490695431944
1485,2,2019-12-01,4039.616506688531,3007.9561658627663,5354.097003692135,4146.333333333333,264.80015997813507,-1049.6803370254693
1486,2,2019-12-01,1566.2432428213401,1039.815123810194,1940.3656790153327,1942.25,564.7567571786599,190.63432098466728
1487,2,2019-12-01,10084.766423411198,7952.757995518892,11527.213657410097,6705.333333333333,-3026.766423411198,-4469.213657410097
1488,2,2019-12-01,2810.3388532691647,2109.869609492437,4002.4987511007826,3424.25,819.6611467308353,-372.49875110078256
1490,2,2019-12-01,3587.8376181206136,2585.4149667987776,4504.994989245251,3486.5833333333335,535.5790485460534,-381.57832257858445
1492,2,2019-12-01,4603.909793644389,3167.4778549110774,6226.363363457578,4719.583333333333,494.8402063556114,-1127.613363457578
1493,2,2019-12-01,5871.783661619398,4310.777722693677,7322.47252865896,4544.75,-872.4503282860651,-2323.139195325627
1494,2,2019-12-01,1845.325169254071,1244.9026286780677,2534.1689225170644,2410.9166666666665,740.2581640792621,51.41441081626863
1495,2,2019-12-01,6052.417758033732,4658.991223825801,7539.319569725909,5286.083333333333,-171.0844247003988,-1657.9862363925758
1497,2,2019-12-01,3689.909933132042,3047.7057593397994,4881.776909291455,2962.75,-399.99326646537565,-1591.8602426247885
1498,2,2019-12-01,3498.2428586639658,2149.4718262494457,5493.556545184266,4232.5,950.3404746693673,-1044.9732118509328
1499,2,2019-12-01,1758.1930843188231,1194.295941703228,2614.243077885586,3440.5833333333335,1937.7235823478438,1081.673588781081
1500,2,2019-12-01,3744.983205701562,2831.5885772071265,5060.492795612605,4408.666666666667,957.433460965105,-358.07612894593785
1503,2,2019-12-01,2303.4890145373356,1521.8434878656458,3285.442851194144,3585.0833333333335,1754.5109854626644,772.5571488058558
1504,2,2019-12-01,2965.535387710839,2152.661577430144,3453.5469092014678,1068.8333333333333,-1489.3687210441726,-1977.3802425348013
1507,2,2019-12-01,2072.033117128191,1189.6038281486815,2894.5086331040034,3695.3333333333335,1952.883549538476,1130.4080335626636
1508,2,2019-12-01,1615.0260998211568,1144.1169594453088,2436.0994405907823,3249.9166666666665,1729.8905668455097,908.8172260758843
1509,2,2019-12-01,3344.770346970932,2414.4356754248383,3988.2161574603692,3923.9166666666665,909.4796530290678,266.03384253963077
1511,2,2019-12-01,3705.5236728009086,2885.157190255216,4724.235993702132,4023.25,559.4763271990914,-459.23599370213196
1512,2,2019-12-01,3984.036722094003,2773.1523124334667,5436.073972688314,5584.0,2088.79661123933,636.7593606450191
1513,2,2019-12-01,6253.222099515612,4658.745236517342,7913.99284117125,5478.0,-265.63876618227914,-1926.4095078379169
1514,2,2019-12-01,2669.807042524689,1853.5610200074898,3610.3858750104723,3077.0833333333335,960.2762908086443,19.697458322861166
1515,2,2019-12-01,3669.6847621958505,2861.9448005402705,4817.947401691381,2538.0833333333335,-1032.6847621958505,-2180.947401691381
1516,2,2019-12-01,5056.742542571528,3710.1626962253795,6525.798571743568,5735.583333333333,1217.5074574284718,-251.54857174356766
1517,2,2019-12-01,4946.907853137813,3684.2278777293154,6478.384821525551,10295.0,5737.425480195521,4205.948511807783
1518,2,2019-12-01,2978.330143429314,2107.49447069646,3914.8842593738414,3148.75,418.00318990401956,-518.5509260405079
1519,2,2019-12-01,2895.849101396381,2060.2271251524335,3852.824167111497,3334.3333333333335,645.5675652702862,-311.40750044483
1520,2,2019-12-01,3743.4294072817934,3291.9690355276457,6786.4675680485925,3934.4166666666665,355.40392605153966,-2687.6342347152595
1521,2,2019-12-01,2024.7952125202098,1380.2617994090972,2967.192217308439,1631.75,33.78812081312367,-908.6088839751055
1523,2,2019-12-01,1850.0075282800237,1343.9336018361496,2982.7240744996225,3305.0833333333335,1829.7424717199763,697.0259255003775
1525,2,2019-12-01,2895.3141517129993,1958.1290336384004,3757.133049809117,3249.5,642.5191816203342,-219.2997164757835
1526,2,2019-12-01,2464.668466730106,1723.702900540156,3255.7568979520443,2844.75,595.1648666032274,-195.92356461871077
1527,2,2019-12-01,4114.195586968636,3091.4118413754168,5603.200391360653,4210.25,562.3877463646968,-926.6170580273201
1528,2,2019-12-01,10461.970323745276,9524.844887179252,11571.275190543443,2332.6666666666665,-7793.970323745276,-8903.275190543443
1529,2,2019-12-01,5492.505455076134,4157.233406095829,7048.986206170648,6358.75,1313.4112115905327,-243.0695395039811
1530,2,2019-12-01,843.9338684514958,489.4288712689988,1234.882677295207,148.75,-325.017201784829,-715.9660106285403
1531,2,2019-12-01,1915.0031066683898,1362.1299312950828,2594.3793696219386,2466.1666666666665,721.5802266649432,42.20396371139441
1533,2,2019-12-01,5097.66008417717,3744.438294835807,6782.232471531213,4117.666666666667,-637.6600841771697,-2322.2324715312134
1534,2,2019-12-01,10030.667109771079,8320.033651067448,12063.77847175769,6732.833333333333,-2814.2504431044126,-4847.3618050910245
1535,2,2019-12-01,3315.2116370327317,2414.4889626516606,4300.600466709574,2775.9166666666665,-303.0449703660652,-1288.4338000429075
1538,2,2019-12-01,3831.7547261443533,3319.386100896685,4774.484071433239,1964.3333333333333,-1665.7547261443533,-2608.4840714332386
1540,2,2019-12-01,7811.030291218451,6584.620097839215,8805.822931925028,3736.5833333333335,-3555.2802912184507,-4550.072931925028
1541,2,2019-12-01,4554.666807983866,3855.3660649333683,5436.266217453385,3118.5,-1073.583474650533,-1955.1828841200518
1542,2,2019-12-01,1830.722079316867,1418.7595456611775,2380.3730061153656,4630.416666666667,3016.027920683133,2466.3769938846344
1543,2,2019-12-01,10225.824751572174,8269.686082100736,11631.793903734622,8830.25,-837.4080849055081,-2243.3772370679562
1544,2,2019-12-01,6230.339743286738,5395.841964888665,7250.964147656755,2778.25,-3206.8397432867378,-4227.464147656755
1546,2,2019-12-01,2910.104660702693,1996.481430507707,3982.7947360155777,3361.3333333333335,896.3120059639741,-176.37806934891069
1549,2,2019-12-01,3842.5001522786297,2344.003825025664,5197.388317486788,5279.583333333333,1743.9998477213703,389.11168251321214
1551,2,2019-12-01,8823.427365230633,7676.1449440455535,9847.361034166357,2974.9166666666665,-5310.927365230633,-6334.861034166357
1552,2,2019-12-01,4982.6623388336275,4064.2572333779553,6172.942081109701,3787.5,-915.1623388336275,-2105.4420811097007
1555,2,2019-12-01,2864.3384889213007,1970.9671134267064,4097.762382443403,3309.0,755.8281777453658,-477.5957157767366
1556,2,2019-12-01,2293.496773192689,1538.3766658426234,3293.2655127904436,4023.0833333333335,2109.253226807311,1109.4844872095564
1557,2,2019-12-01,2167.541270049348,1350.2380536890628,3290.633657457381,4024.5833333333335,2125.208729950652,1002.1163425426189
1558,2,2019-12-01,8011.130432183014,6904.583245276784,9289.427885859941,4277.5,-3463.132098849681,-4741.429552526608
1559,2,2019-12-01,9555.196321609668,8460.292424966956,11026.65209172404,4903.833333333333,-2390.6963216096683,-3862.1520917240396
1560,2,2019-12-01,2466.5973047533193,1736.458152565724,3312.043115145859,1537.6666666666667,-594.4306380866526,-1439.876448479192
1561,2,2019-12-01,5043.758528235817,3501.9077081095757,6818.850651212009,4251.166666666667,184.65813843085016,-1590.4339845453424
1562,2,2019-12-01,2108.14213903735,1574.099457555456,2853.427181121636,2127.0,421.2745276293167,-324.0105144549693
1563,2,2019-12-01,3596.900332873507,3099.6852625344786,4220.539433072975,1881.9166666666667,-1339.8169995401736,-1963.4560997396416
1564,2,2019-12-01,2469.6688553777926,1752.7405698012885,3407.913072299288,3162.25,1211.747811288874,273.50359436737835
1567,2,2019-12-01,4924.229148776132,3948.0222517403718,6255.266977599138,3381.3333333333335,-1413.6458154427987,-2744.6836442658046
1568,2,2019-12-01,4763.765711349799,4000.79929823914,5973.204310806894,3581.3333333333335,-829.1823780164655,-2038.6209774735603
1569,2,2019-12-01,3440.204202574861,2440.4111547184352,4327.851294484536,3256.8333333333335,469.87913075847246,-417.7679611512026
1571,2,2019-12-01,3795.395673777124,2604.905151914915,4920.920722140663,4276.333333333333,1081.437659556209,-44.08738880733017
1575,2,2019-12-01,12576.972850365171,11428.591382308086,14608.054769435665,4803.833333333333,-7285.139517031838,-9316.221436102333
1576,2,2019-12-01,5165.241777649394,3890.025232717656,6057.532301496358,3063.6666666666665,-1424.5751109827274,-2316.8656348296913
1577,2,2019-12-01,2197.9475448176704,1595.5012279860157,3488.7412834305455,3395.4166666666665,1794.8857885156626,504.0920499027875
1579,2,2019-12-01,2769.5983376812037,1990.1782802926414,3396.238500138932,2382.8333333333335,-332.93167101453673,-959.5718334722651
1581,2,2019-12-01,3244.1796770523983,2295.3887952927016,4285.547988878519,3694.5,905.4869896142686,-135.88132221185242
1582,2,2019-12-01,5277.138451879702,4002.8335789583043,6625.934860043141,4956.583333333333,176.1115481202978,-1172.6848600431413
1583,2,2019-12-01,1838.9435946574956,1311.0893030241305,2275.1325358635704,4403.666666666667,2848.556405342504,2412.3674641364296
1584,2,2019-12-01,2654.5878798084805,1840.9107971125777,3242.587537847312,3894.4166666666665,1466.7454535248526,878.745795486021
1585,2,2019-12-01,5791.9107659720685,4668.47198042888,6607.421615384505,3519.0833333333335,-1919.9940993054015,-2735.5049487178376
1586,2,2019-12-01,5824.118268644149,4510.652287661107,7057.254931321457,4720.0,-451.7016019774819,-1684.8382646547898
1587,2,2019-12-01,10012.18302893711,8453.489352215794,11364.912760318331,6834.916666666667,-3010.766362270443,-4363.4960936516645
1589,2,2019-12-01,2113.571905530255,1451.8743861710918,2892.3197691313017,2291.1666666666665,431.7614278030778,-346.9864357979686
1591,2,2019-12-01,5755.157121941881,4783.597435887963,7084.845952258631,2809.75,-2430.8237886085476,-3760.5126189252974
1594,2,2019-12-01,2329.4472452368527,1600.5184458883239,3158.7223338861263,2998.1666666666665,942.7194214298138,113.44433278054021
1595,2,2019-12-01,11537.082003965608,10190.644004723203,13332.823128563145,4338.583333333333,-6868.210337298942,-8663.951461896479
1596,2,2019-12-01,6178.993118116854,5148.681012918461,7228.118583717835,2647.6666666666665,-3212.243118116854,-4261.368583717835
1598,2,2019-12-01,1497.0817770297174,1054.61186480938,2213.1545354599402,2177.1666666666665,943.9182229702826,227.84546454005977
1600,2,2019-12-01,5211.399461616472,3492.8997629735336,6708.677934650813,8432.75,3700.433871716862,2203.155398682521
1602,2,2019-12-01,2071.790594795678,1403.584760009776,2838.2797047239637,2488.6666666666665,655.6260718709887,-110.86303805729722
1603,2,2019-12-01,3074.6569739805395,2247.6646763902395,4164.505054832269,3234.3333333333335,545.2596926861274,-544.5883881656018
1604,2,2019-12-01,5840.122143303245,5148.322480049687,6817.638839190158,2609.0,-1045.0388099699112,-2022.5555058568243
1605,2,2019-12-01,3720.803890105065,2933.654096516814,4752.627153487623,3278.0,-146.72055677173148,-1178.5438201542897
1606,2,2019-12-01,3428.25782313874,2476.0829390256467,5124.518276427278,4312.916666666667,1152.3255101945938,-543.9349430939437
1609,2,2019-12-01,4141.323227610201,2940.691232392866,5662.890292017342,7304.916666666667,3704.426772389799,2182.8597079826577
1610,2,2019-12-01,2780.4598327240124,2299.233932087112,3299.7090011903106,2330.5833333333335,-98.87649939067887,-618.1256678569771
1613,2,2019-12-01,4989.623557423923,3967.763490502287,6202.56764320141,3677.8333333333335,-623.3735574239226,-1836.3176432014097
1615,2,2019-12-01,2985.3725414747223,2100.9823598387766,3956.1359045662507,4057.5,1235.2107918586107,264.44742876708233
1616,2,2019-12-01,6011.161806641086,4918.574349580467,7398.430051444469,7855.0,2250.8381933589144,863.5699485555306
1618,2,2019-12-01,4443.900850523925,3215.2310698396736,5909.5712038014035,5886.166666666667,1684.0158161427416,218.34546286526347
1619,2,2019-12-01,1805.3216993463961,1071.3771616474241,2524.028056454232,2673.8333333333335,991.8449673202708,273.1386102124352
1621,2,2019-12-01,4017.9832684327253,2763.1593868568657,5458.5109917487425,6171.583333333333,2517.183398233941,1076.6556749179235
1622,2,2019-12-01,4933.218309768266,3388.6882546108372,6237.041211038881,6605.916666666667,2194.0316902317336,890.2087889611194
1623,2,2019-12-01,2531.143742787988,1822.6212271573054,3332.011764963488,2935.5833333333335,866.8562572120122,65.98823503651192
1626,2,2019-12-01,6709.825927631565,5220.918791174737,8371.03542360388,5024.333333333333,-1508.8259276315648,-3170.03542360388
1629,2,2019-12-01,3966.1842978964014,3353.320969059628,4425.875315315962,2451.8333333333335,-1267.350964563068,-1727.0419819826288
1633,2,2019-12-01,2790.7838551601144,2003.476939999125,3717.133783746848,3577.25,1043.549478173219,117.19954958648532
1634,2,2019-12-01,1537.8592264711567,1186.5957592375967,1991.4945653915684,1714.75,255.14077352884328,-198.49456539156836
1635,2,2019-12-01,2846.6536834650665,1988.8315188364581,3676.850688209334,3527.6666666666665,1298.4296498682666,468.2326451239992
1636,2,2019-12-01,2253.0105797640717,1716.7348483657545,3001.014657033512,2049.8333333333335,299.65608690259523,-448.3479903668449
1638,2,2019-12-01,4913.446867459506,3995.305382246728,6116.747032930769,4818.666666666667,343.8031325404936,-859.4970329307689
1639,2,2019-12-01,8459.003355607863,7200.202421232329,10231.757218468425,4132.916666666667,-3643.5033556078633,-5416.257218468425
1640,2,2019-12-01,2371.0870868708685,1568.3720733089601,3551.8946166035107,2912.8333333333335,787.746246462465,-393.0612832701772
1642,2,2019-12-01,3076.4517760510216,2139.8689696354922,4268.293682305709,3372.5,565.0482239489784,-626.7936823057089
1644,2,2019-12-01,4146.772213536781,3320.1330669431995,5109.437360857713,2661.9166666666665,-1399.2722135367812,-2361.9373608577134
1645,2,2019-12-01,3482.7532116099214,2400.5453791166738,4683.564028954905,5045.083333333333,2112.4134550567446,911.6026377117614
1646,2,2019-12-01,2225.6354047654436,1614.902402554997,2925.913624250136,2491.5,291.4479285678899,-408.83029091680237
1648,2,2019-12-01,12555.360536571798,10484.610914690084,15741.187131121153,15492.416666666666,3871.4727967615345,685.6462022121796
1649,2,2019-12-01,768.0602482484913,96.71978051119675,971.0683375896788,33.25,-734.8102482484913,-937.8183375896788
1651,2,2019-12-01,11775.349891009859,10307.303482745,13495.126656646977,4668.166666666667,-6514.349891009859,-8234.126656646977
1652,2,2019-12-01,2934.8455603047814,2129.829967245301,3867.5578103686594,3562.4166666666665,1240.8211063618846,308.1088562980067
1654,2,2019-12-01,12700.481231950422,11421.961582228909,14571.879081408708,4110.666666666667,-6412.481231950422,-8283.879081408708
1656,2,2019-12-01,1855.3386756783261,1244.2772379761282,2391.3143589821357,3428.4166666666665,1743.8279909883404,1207.8523076845308
1659,2,2019-12-01,8778.160156448195,7588.975321088198,9885.818432167733,3398.9166666666665,-4894.576823114862,-6002.2350988344
1660,2,2019-12-01,2032.2374982683507,1528.7227354530326,2717.0029073926075,1926.9166666666667,312.1791683983163,-372.58624072594057
1662,2,2019-12-01,8712.287914533403,7528.088346965009,9706.26792681596,4163.916666666667,-4239.871247866736,-5233.851260149294
1664,2,2019-12-01,4189.009725494635,2910.5425765170307,5335.227104875771,5797.166666666667,2088.490274505365,942.2728951242289
1666,2,2019-12-01,2968.1402490791706,2303.95777459923,3708.682487386297,3912.8333333333335,1043.6930842541628,303.1508459470365
1668,2,2019-12-01,6038.020600934108,4995.253428450606,7176.1433419907535,4674.916666666667,-1028.6872676007742,-2166.8100086574195
1669,2,2019-12-01,3171.87090194502,2258.110090549294,4467.753288506008,4287.833333333333,1446.7124313883132,150.83004482732485
1670,2,2019-12-01,3739.6758705191505,2464.601185571323,5026.79695715922,4182.0,1034.0741294808495,-253.04695715922026
1671,2,2019-12-01,2531.576861500673,1865.4586173280863,3663.8394778736492,3573.8333333333335,1236.0064718326603,103.74385545968426
1672,2,2019-12-01,998.7621159322698,741.7018943676993,1152.705788677206,6220.333333333333,5263.154550734396,5109.21087798946
1674,2,2019-12-01,1693.586468919042,1279.8663843157342,2339.8280463784913,2238.1666666666665,915.9135310809579,269.6719536215087
1675,2,2019-12-01,4998.445639625707,3697.8805082582726,6599.231274041584,4166.083333333333,-159.11230629237434,-1759.8979407082506
1676,2,2019-12-01,3792.882790629297,2824.0156249534425,5135.134981697041,4244.666666666667,712.4505427040372,-629.8016483637075
1677,2,2019-12-01,4406.995691716737,3607.039049814232,5273.284739235851,2764.8333333333335,-1257.4956917167374,-2123.784739235851
1678,2,2019-12-01,3671.5057111267615,2662.855325645766,5353.247863344638,4852.083333333333,1680.2442888732385,-1.4978633446380627
1680,2,2019-12-01,3001.3803007313636,2271.946475409824,4231.385737737536,4913.25,2408.8696992686364,1178.8642622624639
1682,2,2019-12-01,3049.3437844909517,1992.3599028343785,4428.102953786804,4062.5,1381.6562155090483,2.8970462131956083
1684,2,2019-12-01,3828.8349860194853,3251.637123868219,4955.809191825282,2321.75,-1085.8349860194853,-2212.809191825282
1685,2,2019-12-01,3281.3884837912888,2083.4160426932986,4565.14408505319,6167.666666666667,3338.028182875378,2054.272581613477
1686,2,2019-12-01,18514.510872315943,16333.557803703912,19770.129518509995,5109.333333333333,-12964.42753898261,-14220.046185176663
1687,2,2019-12-01,7701.265130519014,6496.274418412553,8734.648396083992,3349.0833333333335,-3992.265130519014,-5025.648396083992
1692,2,2019-12-01,13664.971138831723,10635.092106899192,17775.278798527583,13559.083333333334,2348.362194501611,-1761.9454651942488
1693,2,2019-12-01,4024.7241362390755,2740.4922494629127,5644.503290453424,6168.0,2545.7758637609245,925.9967095465763
1694,2,2019-12-01,5191.842291202877,3981.0198429773777,6190.155698343571,6229.416666666667,1544.0743754637897,545.7609683230958
1695,2,2019-12-01,4116.657839758333,2760.0530180166406,5559.944658167682,4752.25,1434.2588269083344,-9.027991501015094
1697,2,2019-12-01,2620.1288488117634,1984.9966927234393,3726.4801930089116,3416.8333333333335,1274.95448452157,168.60314032442193
1699,2,2019-12-01,7691.002569580257,5947.927478821182,9193.569866822842,4410.75,-2622.33590291359,-4124.9032001561745
1700,2,2019-12-01,1844.519492399327,1274.678251073795,2351.4264825450427,3222.1666666666665,1413.480507600673,906.5735174549573
1702,2,2019-12-01,3006.795292951906,2026.9729412669371,3913.427264761529,3372.5,918.8713737147605,12.239401905137584
1703,2,2019-12-01,7260.933435271129,5795.995720805777,8931.145991107262,4097.416666666667,-2635.0167686044624,-4305.229324440595
1709,2,2019-12-01,2641.9607908707603,1762.8237464841231,3534.918943031386,2959.9166666666665,621.6225424625727,-271.33560969805285
1710,2,2019-12-01,2904.7452386263794,2170.5701575237745,4100.680155209522,3335.75,699.338094706954,-496.59682187618864
1712,2,2019-12-01,5501.430865637121,4303.680813722686,6651.719036361128,5583.25,578.8191343628787,-571.469036361128
1717,2,2019-12-01,9219.417645928705,8488.366327189797,10558.432603224564,3589.1666666666665,-5197.084312595372,-6536.099269891231
1718,2,2019-12-01,7840.496317434062,6923.71190911411,8765.126499744983,2790.25,-4715.412984100729,-5640.0431664116495
1719,2,2019-12-01,2896.035922361515,2076.2841321882606,3973.447615932626,1934.75,-376.0359223615151,-1453.447615932626
1720,2,2019-12-01,5490.474557713426,4812.179323379481,6140.975619465802,2068.9166666666665,-3222.1412243800933,-3872.642286132469
1723,2,2019-12-01,2295.8575928454793,1687.4488775204577,3077.402881082996,3006.6666666666665,953.2257404878537,171.6804522503371
1725,2,2019-12-01,4696.784124712765,3671.196567483167,5738.226435960027,3554.3333333333335,-608.5341247127653,-1649.9764359600267
1727,2,2019-12-01,10763.335430936768,9778.624983782365,12175.130386003502,4063.5,-2377.835430936768,-3789.6303860035023
1728,2,2019-12-01,2751.995468514248,1913.6847164918952,3791.401812900319,3217.9166666666665,760.9211981524186,-278.48514623365236
1730,2,2019-12-01,2680.674895122635,1967.6879181243585,3610.6309268339246,3677.3333333333335,1450.991771544032,521.0357398327424
1731,2,2019-12-01,2295.69875880287,1486.2332743847269,3222.0971592421856,3936.8333333333335,1720.3845745304634,793.9861740911479
1733,2,2019-12-01,3598.7407141496897,2975.943797884216,4305.728274521227,2177.5,-1154.7407141496897,-1861.728274521227
1735,2,2019-12-01,2253.5794531196784,1701.4714965191192,2879.299312582525,3048.5833333333335,1151.253880213655,525.5340207508084
1736,2,2019-12-01,7379.278996455702,6305.130824769569,8523.963184533664,3815.75,-1358.9456631223684,-2503.6298512003304
1737,2,2019-12-01,2498.436718922298,1858.173177313416,3669.124648508954,3140.5,1104.3966144110354,-66.29131517562064
1740,2,2019-12-01,3916.353110102149,2091.4647648768396,5738.985131062502,4794.333333333333,1270.146889897851,-552.4851310625018
1741,2,2019-12-01,4799.233203609577,4170.326151408464,6010.574364916341,2080.0,-2355.6498702762433,-3566.991031583008
1742,2,2019-12-01,3160.892735581129,2339.1674670041502,4350.47637667336,4186.0,1641.6905977522042,452.10695665997264
1744,2,2019-12-01,1537.623969785658,1108.852753679177,2097.1421006571995,2452.75,1397.4593635476756,837.941232676134
1746,2,2019-12-01,4441.2081527307755,2648.6311784141226,5827.271431284186,6437.833333333333,2479.2085139358906,1093.1452353824798
1749,2,2019-12-01,77.66319492075172,77.66319492075172,1006.4846939507911,1471.4166666666667,1601.6701384125818,672.8486393825424
1750,2,2019-12-01,6379.793758531003,4942.322857347064,7969.091932424215,5892.583333333333,-12.460425197669792,-1601.758599090882
1752,2,2019-12-01,5252.448762939595,4547.059727915682,6332.234876513601,3182.5,337.8845703937386,-741.9015431802673
1753,2,2019-12-01,3695.984720862665,2822.612553228324,4787.533120602391,3789.6666666666665,329.34861247066783,-762.1997872690581
1755,2,2019-12-01,3870.5004813896257,3170.206973951763,4652.96541873365,2355.75,-1112.9171480562923,-1895.3820854003166
1756,2,2019-12-01,4382.328069024522,2919.3932329805984,5945.596952202756,4830.75,781.0052643088111,-782.2636188694232
1757,2,2019-12-01,2662.652032528714,1801.495849489519,3563.775820614339,3507.1666666666665,1319.2646341379527,418.14084605232756
1758,2,2019-12-01,3101.3837741809966,2528.5226106509463,3623.368934197485,1879.6666666666667,-1204.6337741809966,-1726.618934197485
1759,2,2019-12-01,5335.690851873292,4726.25391220172,6485.776472928605,2773.25,-2035.2741852066251,-3185.359806261938
1762,2,2019-12-01,3510.2856381608726,2510.7642201327335,4202.6161834653085,5298.583333333333,2518.4643618391274,1826.1338165346915
1763,2,2019-12-01,3006.2504744285006,2083.0841440707354,4295.558193494042,3169.9166666666665,651.2495255714994,-638.0581934940419
1764,2,2019-12-01,2719.2588961288284,1680.29815583631,3536.654556205366,2629.1666666666665,265.40777053783813,-551.9878895386996
1765,2,2019-12-01,4412.844796592281,3622.216024962192,5392.070670750679,2677.1666666666665,-1383.0114632589484,-2362.2373374173458
1766,2,2019-12-01,1597.049942093081,1018.5881787058489,2325.3155693176886,1698.0833333333333,171.36672457358554,-556.8989026510221
1769,2,2019-12-01,4429.8144304622065,3455.969939228595,5517.201034720355,3835.9166666666665,52.435569537793526,-1034.951034720355
1770,2,2019-12-01,3285.8337106886956,2155.3561799679387,4372.601453309395,3128.6666666666665,124.41628931130435,-962.3514533093949
1771,2,2019-12-01,4573.871394979202,3216.7078306233943,6201.123832417573,4328.583333333333,318.54527168746426,-1308.7071657509068
1772,2,2019-12-01,5884.53785080185,4754.850136634978,7244.474484373961,4180.25,-1361.1211841351833,-2721.057817707294
1774,2,2019-12-01,3984.1821977642353,3390.586332925039,4813.507149861095,3510.75,-348.1821977642353,-1177.507149861095
1775,2,2019-12-01,11919.081400548304,10603.981990925786,13162.34802230837,3164.0,-6538.74806721497,-7782.014688975036
1776,2,2019-12-01,16324.427392702763,14901.847150368983,17460.579992638843,3594.4166666666665,-8421.677392702763,-9557.829992638843
1777,2,2019-12-01,5630.698461757719,4256.259304825508,7073.627578374192,5202.666666666667,6.884871575614852,-1436.0442450408582
1779,2,2019-12-01,3113.505574017755,2578.6331410594184,4027.3845122917105,2677.0833333333335,-251.33890735108798,-1165.2178456250435
1781,2,2019-12-01,1994.2462265948748,1104.144121814773,3228.133763261001,3004.1666666666665,1423.2537734051252,189.36623673899885
1782,2,2019-12-01,2375.0671798499156,1757.9939307203383,3311.258474059128,3302.75,1443.9328201500844,507.7415259408722
1783,2,2019-12-01,2676.5429756734275,1940.3083995603197,3495.075842636232,3133.9166666666665,821.5403576599056,3.0074906971008204
1785,2,2019-12-01,1981.244188834679,1406.1144869444709,2604.748898012513,2155.0833333333335,220.42247783198786,-403.08223134584614
1786,2,2019-12-01,3545.329216131316,2842.383377031146,4552.566738049509,3217.5833333333335,212.67078386868388,-794.5667380495088
1787,2,2019-12-01,6114.768240062614,5178.8414263146815,7425.072894734092,4856.5,-1034.1015733959466,-2344.406228067425
1788,2,2019-12-01,3532.7962957144246,2652.5866504438427,4602.921605705923,3487.0833333333335,344.20370428557544,-725.921605705923
1789,2,2019-12-01,3834.0456876887088,3169.3563430330714,4855.792446383105,3210.5833333333335,-474.8790210220418,-1496.625779716438
1791,2,2019-12-01,2773.0974689504574,1829.4437463426407,3575.3760211171643,2726.3333333333335,447.90253104954263,-354.3760211171643
1793,2,2019-12-01,1699.1262611677823,1158.449696574714,2434.980568019294,2441.4166666666665,1118.3737388322177,382.51943198070603
1794,2,2019-12-01,5093.762643878775,3898.0535850701417,6503.268219404962,6261.416666666667,1865.4040227878922,455.89844726170486
1797,2,2019-12-01,14133.89976178904,11646.19870731161,17354.400790071162,2580.1666666666665,-10891.89976178904,-14112.400790071162
1799,2,2019-12-01,6891.096513545179,5458.215613345659,8425.713761262443,8792.916666666666,2516.5701531214872,981.9529054042232
1802,2,2019-12-01,11597.703191553832,10143.355371055824,13342.05930765064,4942.75,-6280.536524887165,-8024.892640983972
1805,2,2019-12-01,2020.268760384249,1375.2283459220096,2785.809395862201,2217.75,381.31457294908455,-384.2260625288677
1807,2,2019-12-01,8289.109750400792,7190.717349259404,9473.69301860011,4338.75,-3327.526417067459,-4512.109685266777
1808,2,2019-12-01,2311.598498894427,1673.921455095305,3327.973668030901,2944.25,1006.6515011055731,-9.72366803090108
1809,2,2019-12-01,6376.37711481814,4942.931914381397,8007.558699479914,6100.666666666667,256.03955184852657,-1375.1420328132472
1810,2,2019-12-01,3190.2906046657686,2084.1299130531197,4483.400531034123,2597.9166666666665,49.876062000897946,-1243.2338643674561
1811,2,2019-12-01,9277.504300693194,6497.55733311946,11356.55803862251,6834.083333333333,-1968.9676340265269,-4048.0213719558433
1812,2,2019-12-01,8654.350182986074,7025.143146436898,10215.291126627622,4248.166666666667,-3690.7668496527403,-5251.707793294288
1813,2,2019-12-01,6157.31137857358,4833.495924222543,7595.472223663093,4695.833333333333,-852.5613785735804,-2290.7222236630932
1815,2,2019-12-01,4134.397412673967,3034.0209791469,5497.663133841298,5165.916666666667,1491.6025873260332,128.33686615870192
1816,2,2019-12-01,2470.8951801422436,1644.1771057666222,3307.724382847999,2853.4166666666665,660.1881531910894,-176.64104951466607
1817,2,2019-12-01,9268.988547186627,7527.642502795569,10689.219825007383,6160.0,-2609.9885471866273,-4030.2198250073834
1818,2,2019-12-01,8407.663656308467,6993.0086759393125,9738.540699489351,3486.9166666666665,-4443.063656308466,-5773.940699489351
1820,2,2019-12-01,2257.1995347646903,1509.1933602157133,3323.831808837278,3199.5,1155.4671319019762,88.83485782938851
1823,2,2019-12-01,6095.414897840256,4448.930040620064,7859.893102920065,5446.833333333333,-246.99823117359028,-2011.4764362533988
1825,2,2019-12-01,4659.881160823327,3787.9005185862457,5997.185783833723,3812.8333333333335,-211.9644941566603,-1549.2691171670558
1826,2,2019-12-01,831.0955997179759,534.1559506753817,1098.72191568999,1385.6666666666667,721.0710669486908,453.4447509766767
1827,2,2019-12-01,5803.75928089232,4444.6458456836635,7090.921755819989,3861.75,-1351.50928089232,-2638.671755819989
1830,2,2019-12-01,4104.733067359422,3425.6886717936322,5020.512117168573,2701.5,-1014.1497340260889,-1929.9287838352398
1833,2,2019-12-01,4023.3550892857675,2605.725880142759,4858.795687701532,2918.8333333333335,-621.021755952434,-1456.4623543681987
1834,2,2019-12-01,2840.8552982392157,1895.2896150827678,3752.249868166728,2963.75,444.0613684274508,-467.3332015000615
1837,2,2019-12-01,3582.2017875300985,2802.9322869082253,4559.71939047916,2078.9166666666665,-1095.7017875300985,-2073.21939047916
1840,2,2019-12-01,3161.9111893628024,2282.2969190017384,4338.953845250164,3687.4166666666665,906.1721439705307,-270.87051191683076
1842,2,2019-12-01,4939.645308477736,4268.852960865518,6030.013539989543,2614.4166666666665,-1838.6453084777359,-2929.0135399895426
1843,2,2019-12-01,7462.881506605595,6109.831870835067,8561.676731893149,3230.0833333333335,-3877.131506605595,-4975.926731893149
1844,2,2019-12-01,2667.6810000913774,1804.1695280530785,3637.1093804524244,3125.25,825.9023332419561,-143.5260471190909
1846,2,2019-12-01,1806.99775728796,1325.9706222243537,2581.135956455916,2779.6666666666665,1156.085576045373,381.9473768774169
1849,2,2019-12-01,3917.163886036831,3159.8072915044368,4749.6594734096025,3456.9166666666665,-154.91388603683117,-987.4094734096025
1851,2,2019-12-01,4658.729243856768,2967.4582668799403,5853.816559221332,6306.833333333333,2019.0207561432317,823.9334407786682
1852,2,2019-12-01,6791.441656754397,5300.740739809956,8499.333615783667,5446.416666666667,-652.4816567543967,-2360.3736157836674
1853,2,2019-12-01,2162.4616978578374,1486.431140302603,3139.2980123994585,3097.0833333333335,1182.871635475496,206.03532093387503
1854,2,2019-12-01,6437.411187373035,4999.693843797633,7885.885148324049,4028.0833333333335,-2042.4945207063683,-3490.9684816573817
1855,2,2019-12-01,4088.924015527023,3195.312303020053,5635.585688504204,2607.25,-877.7573488603566,-2424.4190218375375
1856,2,2019-12-01,3225.4610811831535,2388.6902070291317,4025.8959746087457,3122.25,110.205585483513,-690.2293079420792
1857,2,2019-12-01,6590.186706317174,5003.347644009395,8131.860848447943,8104.0,1777.64662701616,235.97248488539117
1858,2,2019-12-01,1863.3929481135585,1342.9037195087076,2617.124908203462,2206.75,832.440385219775,78.70842512987156
1859,2,2019-12-01,3344.056950784231,2237.8631644675534,4281.627006273051,3224.0833333333335,255.69304921576895,-681.8770062730509
1861,2,2019-12-01,3895.878228375823,2820.7513068928583,5120.131895735073,5535.583333333333,2073.621771624177,849.3681042649268
1862,2,2019-12-01,3144.4385182030733,2402.4436096187583,4077.690887172624,3155.3333333333335,342.4781484635937,-590.7742205059571
1863,2,2019-12-01,5082.131156192816,4425.852659879678,6245.7513545968295,3677.0,-1112.2978228594825,-2275.918021263496
1871,2,2019-12-01,3561.907397492408,2573.883987388972,4723.424049077206,1384.25,-1743.657397492408,-2905.1740490772063
1872,2,2019-12-01,3985.771418370414,2986.76875000913,5229.360698261391,5622.5,2097.811914962919,854.222635071942
1873,2,2019-12-01,7587.237321185465,6484.294654792058,8706.457841327214,2858.5,-4149.237321185465,-5268.457841327214
1874,2,2019-12-01,3554.3223367698697,2568.6102608002598,4479.280655871216,3199.1666666666665,38.59432989679681,-886.3639892045499
1875,2,2019-12-01,3966.6623262675384,3148.1988139408586,4990.089439875096,3766.8333333333335,33.08767373246155,-990.3394398750961
1876,2,2019-12-01,2007.826901590568,1354.2327365667657,3285.1268094907505,3715.5833333333335,2212.006431742766,934.7065238425835
1877,2,2019-12-01,8127.3376576692335,7026.024540368806,9380.54157457541,5889.416666666667,-1990.0043243358996,-3243.208241242077
1880,2,2019-12-01,3967.9698513188846,3284.4848677605196,4859.328595929776,2631.5833333333335,-1130.5531846522176,-2021.9119292631094
1881,2,2019-12-01,3213.1123994692834,2040.706045432678,4228.932450059452,4711.833333333333,2004.5542671973826,988.734216607214
1882,2,2019-12-01,3548.7525866148617,2345.561986681597,5213.07136037632,4943.5,1883.3307467184713,219.0119729570133
1885,2,2019-12-01,8087.666014629725,6894.751419717764,9131.77103882724,3088.0,-4524.8326812963915,-5568.937705493907
1888,2,2019-12-01,18676.2117313307,16559.934263756593,20480.033638351477,3459.4166666666665,-8262.961731330699,-10066.783638351477
1891,2,2019-12-01,3088.286049385507,2337.235666070687,4009.6258292727066,2842.6666666666665,6.88061728115963,-914.4591626060401
1895,2,2019-12-01,3274.029214214916,2280.1146633373814,4322.225834521119,3404.0,465.3874524517505,-582.8091678544529
1896,2,2019-12-01,3784.074636220129,2804.7801360657268,5176.819214436609,3353.8333333333335,6.092030446538047,-1386.6525477699424
1897,2,2019-12-01,5902.609305197156,4106.718995820241,7426.104425662464,8670.75,3104.8073614695104,1581.3122410042024
1898,2,2019-12-01,4972.349668693588,3906.0577757568103,6516.1416922031385,4249.416666666667,-185.09966869358777,-1728.8916922031385
1899,2,2019-12-01,1883.0329422233185,1654.389872567456,2316.533480986809,4763.833333333333,2950.8003911100145,2517.299852346524
1901,2,2019-12-01,5373.523851262793,4380.168172707129,6543.3920170996535,2810.6666666666665,-474.6071845961269,-1644.4753504329874
1902,2,2019-12-01,3943.661604107455,3211.9992155552263,4735.6640972401865,2710.1666666666665,-820.7449374407884,-1612.74743057352
1903,2,2019-12-01,5194.652686303303,3750.3959049608948,6830.113129590733,5952.25,1123.1806470300298,-512.2797962573995
1904,2,2019-12-01,5505.907176831242,4527.694511078603,6303.252857203934,2581.9166666666665,-737.2405101645763,-1534.5861905372676
1905,2,2019-12-01,1924.2636656677137,1346.5685538525088,2700.542980120188,2374.0833333333335,790.4863343322863,14.207019879811924
1908,2,2019-12-01,9945.59540841971,8666.175966585013,11635.908166442212,3705.75,-5572.678741753042,-7262.991499775545
1909,2,2019-12-01,3924.3723795311475,3440.4911479868597,4821.387681613183,2209.1666666666665,-1485.1223795311475,-2382.1376816131833
1910,2,2019-12-01,5612.016767802707,4825.902137723839,6724.149446935396,2989.0,-2224.600101136041,-3336.732780268729
1913,2,2019-12-01,4570.206159634127,3251.0030129256447,5945.891734277921,2593.4166666666665,-1358.2894929674608,-2733.975067611255
1915,2,2019-12-01,7708.404137964716,5798.858527321017,8838.184565303758,4338.5,-3065.820804631383,-4195.601231970425
1916,2,2019-12-01,2510.5028605876846,1850.8723333431485,2957.0855856546086,845.1666666666666,-1301.586193921018,-1748.168918987942
1917,2,2019-12-01,6850.965042934766,5816.823567905811,8246.956548488655,4875.25,-1574.1317096014327,-2970.123215155322
1918,2,2019-12-01,3361.862187264404,2392.5839202358675,4342.936227656817,3531.5833333333335,741.554479402263,-239.51956099015024
1919,2,2019-12-01,5564.721568329469,3849.418692063605,7534.044883069061,6707.75,1734.111765003864,-235.2115497357281
1920,2,2019-12-01,7293.860762439062,6637.352928877079,8177.071632383922,2603.6666666666665,-4348.7774291057285,-5231.988299050589
1921,2,2019-12-01,3279.657775564609,2364.052068782746,4349.322363456972,2672.0,-46.8244422312755,-1116.4890301236387
1923,2,2019-12-01,3115.659117345727,2124.079649518382,4176.659007884711,2926.5833333333335,286.50754932094014,-774.4923412180442
1926,2,2019-12-01,2843.072615903974,1992.5838112121373,3729.988430181954,2214.5,-233.6559492373076,-1120.5717635152873
1928,2,2019-12-01,4529.143233777528,3359.5085223421147,5923.656913551496,4640.166666666667,578.6067662224723,-815.9069135514956
1931,2,2019-12-01,10445.231734389334,8438.361128339402,12526.446759291342,6914.5,-2910.3150677226668,-4991.5300926246755
1936,2,2019-12-01,3928.0310787946105,3182.8609826177544,4961.721263466722,2973.75,-913.447745461277,-1947.1379301333886
1937,2,2019-12-01,5105.257663104579,3947.9959380535875,6610.339330436606,1421.3333333333333,-3357.1743297712455,-4862.255997103273
1940,2,2019-12-01,2055.718404406172,1638.2601027294818,2752.2017121013027,2238.75,433.0315955938281,-263.45171210130275
1941,2,2019-12-01,6082.247312954408,5113.069932074017,6894.031324026735,3217.4166666666665,-626.6639796210748,-1438.447990693402
1942,2,2019-12-01,440.26691074432586,316.7949429208368,725.2688047734832,0.08333333333333333,-440.18357741099254,-725.1854714401499
1944,2,2019-12-01,3814.348054327611,2694.223339975876,5060.989509437752,4114.833333333333,741.7352790057221,-504.9061761044186
1945,2,2019-12-01,1905.1802100828736,1374.9613229980425,2630.724992749176,2503.5,1008.1531232504599,282.6083405841573
1946,2,2019-12-01,2840.310081241295,1889.2434750197297,3734.9763352356904,3425.75,1024.7732520920385,130.1069980976431
1954,2,2019-12-01,11683.056480025749,10061.729459893388,13050.547886490744,4033.8333333333335,-7043.556480025749,-8411.047886490744
1955,2,2019-12-01,4126.400047382166,3360.7950967179418,5099.7732758307375,2344.5,-1495.1500473821661,-2468.5232758307375
1956,2,2019-12-01,2042.5137346635572,1463.718088969666,2984.4661465108966,3114.25,1458.2362653364428,516.2838534891034
1958,2,2019-12-01,2630.9940800387603,1872.5564859161072,3648.196486972803,3112.1666666666665,976.5892532945727,-40.613153639470056
1959,2,2019-12-01,4054.461301626168,2907.2960452319367,5860.603446055326,4344.166666666667,642.7053650404991,-1163.4367793886586
1962,2,2019-12-01,5309.487671811104,3754.186079022311,6696.419383566004,7697.916666666667,2746.1789948555634,1359.2472831006626
1963,2,2019-12-01,11164.005431073409,10403.04270586048,13108.59218978471,2822.4166666666665,-8120.8387644067425,-10065.425523118043
1964,2,2019-12-01,3812.3278124094604,2827.583819565733,5032.1014678413485,3219.75,-282.3278124094604,-1502.1014678413485
1966,2,2019-12-01,6098.572980914266,5250.266657787639,6999.244934761751,2624.9166666666665,-1342.8229809142658,-2243.494934761751
1967,2,2019-12-01,3850.1201975499816,2668.810689380514,4921.563417699136,5149.416666666667,1493.5464691166853,422.1032489675308
1969,2,2019-12-01,7839.888405171084,6621.8354183925485,8725.283800963114,3724.1666666666665,-3584.555071837751,-4469.950467629781
1971,2,2019-12-01,3408.3347987387533,2625.761029255457,4735.694649973364,3474.1666666666665,699.2485345945797,-628.111316640031
1972,2,2019-12-01,2064.5663298820336,1470.067643314157,2793.4031652410217,1090.75,-467.6496632153669,-1196.486498574355
1973,2,2019-12-01,2665.335737682685,1810.2486322709583,3630.8672192566883,2710.0,301.2475956506487,-664.2838859233548
1975,2,2019-12-01,2735.638373143159,1799.2248236240225,3490.6474728406756,3247.6666666666665,876.8616268568412,121.85252715932438
1976,2,2019-12-01,6851.659108177322,5364.322036507662,8218.51696070453,4741.416666666667,-1718.9091081773222,-3085.76696070453
1977,2,2019-12-01,3104.7575550392207,1841.3748376879962,4702.982906975994,4765.416666666667,1981.5757782941132,383.35042635733953
1979,2,2019-12-01,3306.284822331205,2085.342209711061,4536.532298926047,5387.25,2550.048511002128,1319.8010344072864
1980,2,2019-12-01,2478.259116731285,1758.3640691404014,3302.232356979368,3883.5833333333335,1885.9908832687152,1062.017643020632
1981,2,2019-12-01,2687.9410442059307,1660.9309371466775,3750.785452508089,3275.25,1282.3089557940693,219.46454749191116
1983,2,2019-12-01,5696.83971100104,3690.456445243295,7252.257213678153,11763.416666666666,6602.66028899896,5047.242786321847
1985,2,2019-12-01,2291.417520230096,1815.9327493913906,2853.96896561197,118.83333333333333,-1877.334186896763,-2439.8856322786364
1986,2,2019-12-01,3246.5856301140093,2280.3854626699076,4581.212524859312,4035.8333333333335,1194.5810365526577,-140.04585819264503
1988,2,2019-12-01,11956.194667506736,9553.335066973306,13488.486150031356,9120.0,-2322.7780008400696,-3855.0694833646903
1989,2,2019-12-01,10017.660273823161,7239.1143596349775,12982.900817606227,5657.166666666667,-3985.4102738231613,-6950.650817606227
1992,2,2019-12-01,4001.038121306949,3511.172672870304,4637.127668615733,1977.0833333333333,-1770.204787973616,-2406.2943352823995
1993,2,2019-12-01,4930.776054574086,3238.27049377221,6846.544093117649,7732.083333333333,3474.3072787592464,1558.539240215683
1994,2,2019-12-01,4511.419574624366,3119.5491242650264,6063.90419446413,6515.0,2539.747092042301,987.2624722025366
1995,2,2019-12-01,3944.498211202084,2922.5409084373196,5118.800249350865,3267.1666666666665,-264.16487786875086,-1438.4669160175317
1996,2,2019-12-01,3242.394584895594,2206.5074027884984,4248.067774337005,3730.6666666666665,876.1054151044059,-129.56777433700518
1997,2,2019-12-01,5395.154673295104,3798.069020553785,7269.425665741937,3233.3333333333335,-1682.06383996177,-3556.3348324086037
1998,2,2019-12-01,820.0404956347451,503.5352152763937,1187.6212127539827,53.75,-583.3738289680784,-950.9545460873161
0,3,2020-01-01,5805.06614913185,4496.717475748073,7372.459101952304,4967.75,-279.06614913184967,-1846.459101952304
1,3,2020-01-01,2747.5788417304952,2083.972384575957,3769.705237587517,3780.0,1250.1711582695048,228.04476241248312
2,3,2020-01-01,2747.512583845574,2074.4959401489805,3321.403884790362,2287.25,-94.42925051224074,-668.3205514570286
3,3,2020-01-01,2570.580100866021,2023.3485812487468,3116.552910236006,2328.5833333333335,-79.66343419935401,-625.6362435693391
4,3,2020-01-01,5492.30000288061,4267.563141488904,6909.7462399822525,6369.25,1392.69999711939,-24.74623998225252
5,3,2020-01-01,2716.7084559230157,1712.6086182381441,3821.8102544060475,1717.8333333333333,-767.3751225896824,-1872.4769210727143
11,3,2020-01-01,5107.491073009867,3600.091658469873,6504.0111359309285,5636.916666666667,786.6755936567997,-609.8444692642615
13,3,2020-01-01,2415.3173128062417,1652.690906595567,3337.60399038244,2698.1666666666665,602.2660205270913,-320.02065704910683
14,3,2020-01-01,2175.606881932679,1599.2148000567968,3214.4755024988817,2686.0,808.5597847339877,-230.3088358322152
16,3,2020-01-01,3524.871003424143,2573.174497904469,4571.41665974221,1846.5,-1307.4543367574765,-2353.9999930755434
17,3,2020-01-01,7220.354862250055,6054.986679167821,8108.985764256628,1822.25,-4832.854862250055,-5721.485764256628
19,3,2020-01-01,528.3434538076147,316.5200630482609,656.4348897364962,2908.5833333333335,2399.9898795257186,2271.8984435968373
20,3,2020-01-01,2756.843040829892,1890.474211831825,3564.0100855732708,1947.5833333333333,-234.92637416322532,-1042.0934189066043
21,3,2020-01-01,2890.178982343856,1867.4779768221142,3808.150488932108,3590.3333333333335,1180.5710176561438,262.59951106789185
22,3,2020-01-01,4185.107074889171,3059.8480452131053,5485.216438128275,4497.166666666667,851.5595917774963,-448.54977146160763
24,3,2020-01-01,3078.7336998128435,2248.495132761151,3967.9689095393037,3212.8333333333335,217.43296685382347,-671.8022428726367
27,3,2020-01-01,4044.274338153496,2852.9821580685557,5288.4708291338875,1985.0833333333333,-1463.024338153496,-2707.2208291338875
28,3,2020-01-01,3796.7260571237957,2465.141482679519,5039.381763636095,4522.75,1048.6906095428712,-193.96509696942758
32,3,2020-01-01,2708.117848856575,2127.152770150433,3885.3556405055842,4359.583333333333,1763.298817810091,586.0610261610818
33,3,2020-01-01,4803.528617853972,3831.2028246284754,5752.156739668578,3224.3333333333335,-1041.3619511873048,-1989.9900730019108
34,3,2020-01-01,6492.149884510516,4854.276152390859,8381.34842308605,4321.166666666667,-1585.1498845105161,-3474.3484230860504
37,3,2020-01-01,5722.3515617731555,4647.578178657228,6587.30138126541,2890.8333333333335,-459.01822843982154,-1323.968047932076
38,3,2020-01-01,4687.529708561767,3661.5758260950734,5772.227010473738,3333.8333333333335,-949.7797085617667,-2034.4770104737381
39,3,2020-01-01,7962.402545267875,6663.020871691677,9293.841707096812,5145.0,-2615.7358786012082,-3947.1750404301447
40,3,2020-01-01,1536.328906016092,979.8152800457424,2205.2320840801503,2436.9166666666665,1003.3377606505744,334.43458258651617
42,3,2020-01-01,2413.00374005379,1654.568515548095,3432.107711997538,710.5,-1136.75374005379,-2155.857711997538
44,3,2020-01-01,3197.547382660733,2497.13699100799,4110.567763675086,3182.8333333333335,389.9526173392669,-523.0677636750861
45,3,2020-01-01,1176.9316039313649,715.5588077326342,2149.551990389461,5315.083333333333,4453.568396068635,3480.948009610539
46,3,2020-01-01,3940.9447177062148,2898.3594651122507,5295.933427956037,4499.666666666667,1200.5552822937852,-154.43342795603712
47,3,2020-01-01,3047.333143177853,2530.003737456696,3560.9502355674576,2119.5,-514.1664765111864,-1027.7835689007911
48,3,2020-01-01,2783.06540403405,1911.6072813522585,3702.6104104196393,1378.5,-758.9820707007166,-1678.5270770863058
50,3,2020-01-01,2603.5498280500724,1744.2255766850808,3763.7569606167317,3269.8333333333335,1030.4501719499276,-129.7569606167317
51,3,2020-01-01,4082.3406881882406,2950.013614619383,5749.442053872861,4275.25,505.57597847842635,-1161.525387206194
52,3,2020-01-01,13507.448531444954,11438.334562038013,14755.265768376601,5316.333333333333,-7758.615198111621,-9006.432435043269
53,3,2020-01-01,8633.932198037926,7619.0927771148345,9924.044974581837,3308.3333333333335,-2902.1821980379264,-4192.294974581837
55,3,2020-01-01,2734.8733473419575,1972.1214160223967,3564.9167588061755,3715.25,1406.7933193247095,576.7499078604915
57,3,2020-01-01,4474.492124603735,3590.3996417671215,5289.091851356557,3652.1666666666665,-522.6587912704017,-1337.2585180232236
58,3,2020-01-01,4930.70653894749,3428.5616098121563,6145.296401875015,4376.0,120.37679438584291,-1094.2130685416823
59,3,2020-01-01,2758.034784141447,2095.3029124711056,3485.6163192773884,2088.8333333333335,-571.6181174747799,-1299.1996526107214
60,3,2020-01-01,5520.641309621515,4536.5322280675155,6572.026770000619,2838.0833333333335,-2341.8913096215147,-3393.276770000619
61,3,2020-01-01,6986.1739318338705,5516.500032178134,8573.340603498502,7783.833333333333,1299.5760681661295,-287.5906034985019
62,3,2020-01-01,3963.551756670576,3082.172366532257,4719.8725297391165,1857.5,-1434.6350900039097,-2190.95586307245
63,3,2020-01-01,3146.79727404429,2511.082882119418,3909.221226050252,2951.5,224.45272595570987,-537.971226050252
64,3,2020-01-01,5115.469438379489,3391.6282482646848,6875.555697648849,4288.75,-480.88610504615554,-2240.9723643155157
65,3,2020-01-01,3141.559708632473,2195.037318672207,3993.834560929743,2876.4166666666665,24.273624700860182,-828.00122759641
68,3,2020-01-01,5958.942391739305,5118.091233078596,7070.125986956428,3499.75,-2196.442391739305,-3307.6259869564283
69,3,2020-01-01,2551.842583469992,1928.5930266564365,3425.488823267927,3193.1666666666665,1110.657416530008,237.01117673207318
73,3,2020-01-01,4537.049397829407,3352.6351369706845,6121.971198521584,4456.5,293.36726883725987,-1291.5545318549166
74,3,2020-01-01,2656.364725967554,1783.2375898373734,3642.890422186785,3496.4166666666665,1171.0519406991125,184.52624447988137
75,3,2020-01-01,3797.44640495086,3076.7471297297316,4642.283675293611,1860.5,-1760.6964049508601,-2605.533675293611
77,3,2020-01-01,8620.243434232701,7410.490720905707,9759.300393697773,4259.166666666667,-4129.5767675660345,-5268.633727031106
79,3,2020-01-01,2783.0134412310153,1974.4511181931027,3727.891192600333,2430.3333333333335,86.56989210231814,-858.3078592669995
80,3,2020-01-01,1987.757428976648,1424.903512394791,2694.3250003662674,1817.9166666666667,50.74257102335196,-655.8250003662674
81,3,2020-01-01,5351.892281694074,4543.880664037304,6463.835374617496,2963.3333333333335,-1915.0589483607405,-3027.0020412841627
84,3,2020-01-01,3462.2679314613506,2962.324649831402,3986.0488893059182,2145.6666666666665,-1240.6845981280176,-1764.4655559725852
86,3,2020-01-01,2889.8160934949283,2088.43452390272,3240.5822839484686,1934.3333333333333,-653.6494268282618,-1004.415617281802
87,3,2020-01-01,3415.1872289044236,2806.28393365754,4211.5251520035135,2012.9166666666667,-998.4372289044236,-1794.7751520035135
89,3,2020-01-01,3558.1536004304808,2962.4428806595133,4469.081901129728,2518.0833333333335,-740.8202670971473,-1651.7485677963946
90,3,2020-01-01,4228.6402194371885,3442.5330243048197,4938.4686028453725,1066.3333333333333,-2796.223552770522,-3506.051936178706
92,3,2020-01-01,3388.8708223419194,2543.8771600788714,4466.6734897995175,2595.4166666666665,-477.53748900858636,-1555.3401564661845
94,3,2020-01-01,4300.380440176008,3257.812680177669,5262.106426716029,3063.3333333333335,-633.2137735093411,-1594.9397600493621
96,3,2020-01-01,23981.37989617098,18362.207045202544,26595.95818807659,8318.75,-10956.62989617098,-13571.20818807659
98,3,2020-01-01,6738.5120376529285,5595.936449241071,7874.710246190758,1387.1666666666667,-4905.4287043195945,-6041.626912857424
100,3,2020-01-01,3988.424320400975,2704.931435799359,5066.853129459865,4078.6666666666665,825.3256795990251,-253.10312945986516
103,3,2020-01-01,2291.5168069470833,1677.5986807899262,3265.660293897148,2897.8333333333335,815.8998597195837,-158.24362723048125
104,3,2020-01-01,3581.6628592480074,2681.9948840808797,4774.074417098584,3115.3333333333335,-125.49619258134044,-1317.9077504319166
106,3,2020-01-01,2686.877899541196,1978.771385684358,3270.0785124094273,2496.4166666666665,154.5387671254707,-428.66184574276076
107,3,2020-01-01,1524.6971428733953,1003.9078316164092,2250.9950717203465,2229.8333333333335,962.2195237932717,235.9215949463205
110,3,2020-01-01,3742.1530749961735,2413.189115528866,5318.443636026433,4348.833333333333,878.5135916704926,-697.7769693597666
112,3,2020-01-01,8862.004219657907,8020.732972863172,10059.852388787684,2926.1666666666665,-5419.504219657907,-6617.352388787684
113,3,2020-01-01,4166.036259008481,2998.55190477645,5358.243351146562,3250.25,-745.7862590084806,-1937.9933511465624
114,3,2020-01-01,12118.484221614153,11146.52967919102,13834.609003779116,2870.0833333333335,-4787.817554947487,-6503.94233711245
115,3,2020-01-01,5963.540856399376,4374.259641906413,8265.116552327447,8418.166666666666,2823.209143600624,521.6334476725533
116,3,2020-01-01,5153.92625525662,4213.49525627939,7039.127709872436,5602.5,1016.1570780767133,-869.0443765391028
118,3,2020-01-01,2836.4940865151184,1947.003164426088,3672.2813328960046,2627.75,8.839246818215088,-826.9479995626712
119,3,2020-01-01,3666.114324847279,2577.806574273517,4963.95073183322,4717.083333333333,1498.219008486054,200.3826015001132
120,3,2020-01-01,3406.9495970171156,2125.7874634025447,4815.000093228361,5084.0,2005.2170696495514,597.1665734383059
121,3,2020-01-01,4750.21674245788,3964.972890142339,5739.487678767316,3784.9166666666665,-521.8000757912141,-1511.0710121006496
122,3,2020-01-01,3572.406609888454,2664.506464996607,4804.108575243817,3268.4166666666665,92.67672344487892,-1139.0252419104836
123,3,2020-01-01,2934.5549923887183,2131.3509355031315,3917.2514270640604,3026.25,390.61167427794817,-592.0847603973939
124,3,2020-01-01,2196.662453371219,1467.6826601055154,3239.6945165938478,2859.25,1023.0042132954477,-20.02784992718125
125,3,2020-01-01,1513.2551019793793,1217.6160059058125,2148.5707977328443,2211.25,1007.7448980206207,372.4292022671557
126,3,2020-01-01,2238.1588346547724,1630.5580528664166,2946.000182451071,2216.6666666666665,250.59116534522764,-457.25018245107094
127,3,2020-01-01,6844.825685877061,5947.525720484768,7856.012544850228,2629.4166666666665,-3834.4090192103945,-4845.595878183562
128,3,2020-01-01,3210.376048926542,2308.6665107123845,3996.2848834155466,2614.75,-241.8760489265419,-1027.7848834155466
132,3,2020-01-01,1422.323485409924,929.2773350645598,2159.9554055384215,2629.5833333333335,1543.7598479234096,806.127927794912
133,3,2020-01-01,4252.472241415042,3100.8827015709594,5731.983183317898,5224.333333333333,1461.361091918291,-18.149849984564753
134,3,2020-01-01,4242.608877978367,2800.0936931391925,5289.830462285087,4181.166666666667,85.39112202163324,-961.8304622850874
135,3,2020-01-01,6663.177469218645,5740.868581927908,7567.5260526263555,3174.0,-3047.344135885311,-3951.692719293022
137,3,2020-01-01,8176.497877111546,7420.545998061113,9101.612373618264,3422.4166666666665,-4537.914543778213,-5463.0290402849305
138,3,2020-01-01,2990.666360419831,1944.1004237346476,3980.3578242860312,2730.8333333333335,57.83363958016889,-931.8578242860312
140,3,2020-01-01,2918.599258866357,2004.517414591858,3974.04789866114,3510.0,1090.150741133643,34.70210133885985
141,3,2020-01-01,3895.8405221226253,2831.885435162332,4723.936572034185,1923.5,-1278.1738554559588,-2106.2699053675183
142,3,2020-01-01,6792.085190265762,5441.048742005182,8454.210434847524,4315.666666666667,-2220.3351902657623,-3882.460434847524
144,3,2020-01-01,5338.443652151032,4256.845860513617,5962.8463158060085,2694.1666666666665,-2161.6103188176994,-2786.0129824726755
145,3,2020-01-01,1616.722402172538,1152.690607853029,2284.291154277747,2111.1666666666665,912.860931160795,245.29217905558608
146,3,2020-01-01,4312.181185293631,3027.950509177722,5537.330620362176,5725.833333333333,2059.4021480397023,834.252712971157
147,3,2020-01-01,3452.7886456004558,2251.0777680657493,4978.356879393282,4698.583333333333,1795.5446877328773,269.9764539400512
148,3,2020-01-01,3404.2311889801445,2585.182824418832,4126.585249267186,3223.4166666666665,33.18547768652206,-689.1685826005191
149,3,2020-01-01,5385.979723342001,3946.2055437708314,7498.606189240563,7603.083333333333,2744.5202766579987,631.8938107594367
150,3,2020-01-01,6074.005934071426,4832.752034716858,7499.143649602974,5957.5,316.6607325952409,-1108.4769829363067
152,3,2020-01-01,7307.639187359422,5677.689556092686,9271.786716408322,4111.25,-2791.222520692755,-4755.370049741655
153,3,2020-01-01,2336.643724386546,1459.0341449061057,2964.763577612028,2290.3333333333335,226.5229422801208,-401.59691094536083
154,3,2020-01-01,7284.5377712426025,6179.295742911327,8348.793227188535,3122.3333333333335,-1776.2044379092686,-2840.459893855201
155,3,2020-01-01,2017.9788587975365,1620.429502736835,2704.2327307043197,806.5,-688.895525464203,-1375.1493973709862
156,3,2020-01-01,2950.091620498979,2235.1606925726633,3472.4763578255424,2333.9166666666665,-235.00828716564592,-757.3930244922094
157,3,2020-01-01,4147.772317290975,3156.6408554526156,4789.1768350543425,2737.25,-1006.105650624308,-1647.510168387676
160,3,2020-01-01,3247.8772699845945,2351.758973412428,4090.0739458604917,3163.75,361.78939668207204,-480.40727919382516
161,3,2020-01-01,3537.4850373321196,2855.5004029063784,4280.948781810231,1955.75,-1183.0683706654531,-1926.5321151435642
162,3,2020-01-01,4629.5370200036905,3501.66930668204,6376.545338316343,5509.25,1353.4629799963095,-393.5453383163431
164,3,2020-01-01,2828.3709260074115,1958.385798914528,3965.146690063881,3152.4166666666665,808.9624073259215,-327.8133567305481
165,3,2020-01-01,10824.29780457698,9153.945112391184,12106.654135213572,8973.583333333334,-1444.0478045769796,-2726.404135213572
169,3,2020-01-01,1027.6699593705564,796.9132385976751,1547.6021139160985,2537.5833333333335,1547.913373962777,1027.981219417235
170,3,2020-01-01,3677.655577732177,2821.6195647086984,4539.132589798057,3081.9166666666665,-257.9055777321769,-1119.3825897980569
171,3,2020-01-01,9391.493074535825,7778.968569774801,10707.952453659364,4131.416666666667,-2953.659741202491,-4270.11912032603
172,3,2020-01-01,1995.0141517882557,1333.777852322612,2908.8967879023166,3763.6666666666665,1971.7358482117443,1057.8532120976834
173,3,2020-01-01,5303.03645988054,4408.51767592461,6337.935535257685,2533.25,-2276.4531265472065,-3311.3522019243514
176,3,2020-01-01,5551.757227196545,4312.756231026491,6725.262915570212,4347.666666666667,-781.2572271965446,-1954.7629155702116
177,3,2020-01-01,6696.483498731346,5397.203904892123,8246.688104468623,4854.0,-1329.150165398013,-2879.3547711352903
178,3,2020-01-01,3543.434513199476,2453.677260301897,4451.413803249824,4087.0833333333335,1104.815486800524,196.836196750176
180,3,2020-01-01,1996.6392818743643,1418.9921982719798,2409.707941216272,2213.0,303.69405145896917,-109.37460788293856
184,3,2020-01-01,2627.84321674069,1709.77286161322,3679.21447765561,3627.4166666666665,1300.240116592643,248.86885567772288
185,3,2020-01-01,3182.816286297708,2433.0763413791615,4406.518660602733,2578.5,-381.81628629770785,-1605.5186606027328
190,3,2020-01-01,9157.031593062255,7813.672994692652,10441.248326115627,3704.3333333333335,-5070.563259728921,-6354.779992782293
194,3,2020-01-01,5050.516100926134,4128.657645366953,5916.315758979681,2556.75,-239.51610092613373,-1105.315758979681
196,3,2020-01-01,2710.8546209205642,1789.5663004839193,3701.6652551213524,2981.25,790.5620457461023,-200.2485884546859
197,3,2020-01-01,5518.724808473903,4561.585423595298,6320.117145022142,2677.3333333333335,-2697.724808473903,-3499.117145022142
198,3,2020-01-01,2636.3006401501157,1586.6043911891563,3742.334590392784,2624.75,363.94935984988433,-742.0845903927839
199,3,2020-01-01,3848.835144933984,2644.091328950224,5403.836713694169,6527.416666666667,3358.831521732683,1803.8299529724982
200,3,2020-01-01,3245.6343035457153,2485.732789692329,4217.307674987856,3044.0,220.86569645428472,-750.8076749878564
201,3,2020-01-01,1740.862383811793,1068.1656583499985,2664.2588244997505,2985.25,1430.387616188207,506.9911755002495
203,3,2020-01-01,2580.250127132053,1747.7165828661682,3582.2401803825874,2525.4166666666665,460.24987286794703,-541.7401803825874
205,3,2020-01-01,3351.9312810956126,2544.576121239209,4147.248569404432,3323.5,394.1520522377209,-401.1652360710982
206,3,2020-01-01,2681.526555021628,1761.395475261319,3624.944969570585,3131.9166666666665,812.8901116450384,-130.5283029039183
207,3,2020-01-01,2006.0069653615137,1459.3286196667573,2892.8108438805643,2379.4166666666665,722.0763679718193,-164.7275105472313
208,3,2020-01-01,14490.355952635166,12705.413077210134,16904.166861319627,5645.583333333333,-4479.1892859684995,-6893.000194652961
209,3,2020-01-01,3309.250452078736,2512.233206812237,4093.4245660371394,2433.8333333333335,-497.0837854120691,-1281.2578993704724
211,3,2020-01-01,2130.388509205367,1587.926026352,2451.959809449335,2415.25,424.111490794633,102.5401905506651
212,3,2020-01-01,1780.524846779783,1293.52179610895,2496.225417848954,2344.75,967.225153220217,251.52458215104616
213,3,2020-01-01,5661.899730214679,4425.957998836164,7533.648152863534,4597.666666666667,-326.98306354801207,-2198.731486196867
216,3,2020-01-01,2351.3361619770567,1671.1208291133466,3338.1451165048657,2764.8333333333335,787.9971713562768,-198.81178317153217
217,3,2020-01-01,3545.9399416008005,2717.9096404836596,4794.140603181473,2585.9166666666665,-753.273274934134,-2001.4739365148066
218,3,2020-01-01,2848.498639698096,1913.4316343914593,3977.1439156124675,2849.1666666666665,442.6680269685703,-685.977248945801
219,3,2020-01-01,1427.4755142756865,1029.321254410605,2090.7595295342294,1875.4166666666667,898.9411523909805,235.65713713243758
220,3,2020-01-01,3338.849985566894,2010.7800431244686,4641.137391395443,5153.833333333333,2335.5666810997723,1033.279275271223
222,3,2020-01-01,5830.872338280263,3324.0258363858684,7653.589022547967,7784.75,2299.7943283864042,477.07764411869994
225,3,2020-01-01,3811.254693165292,2932.1413099142933,5062.639093739908,3407.25,282.4953068347081,-968.8890937399083
227,3,2020-01-01,6207.721790785405,4933.158487960666,8184.950442435713,6857.916666666667,1199.4448758812623,-777.7837757690459
229,3,2020-01-01,4250.070991523547,3035.1556528183655,5570.635571991368,4937.333333333333,1179.9290084764534,-140.63557199136812
230,3,2020-01-01,2240.8349773344744,1583.748025088767,3281.883954602577,2958.4166666666665,1144.0816893321921,103.03271206408954
231,3,2020-01-01,3449.020435632508,2629.003650984774,4330.678209047019,3022.5,-109.68710229917451,-991.3448757136853
233,3,2020-01-01,4706.918578098494,3751.9663124125254,6118.847780696386,3955.3333333333335,-488.41857809849444,-1900.3477806963856
234,3,2020-01-01,4089.5729297768285,3278.763741434521,5089.048806380865,3135.25,-745.239596443495,-1744.7154730475318
235,3,2020-01-01,3506.5203526782952,2157.047383551605,4832.443283696311,4056.3333333333335,1114.5629806550387,-211.35995036297663
236,3,2020-01-01,5929.835088027823,4066.0932712336403,8075.842042068827,13439.666666666666,7890.748245305509,5744.741291264505
237,3,2020-01-01,4270.986033232103,2780.0035029603005,5653.9533814687875,4882.0,959.5973001012298,-423.37004813545445
240,3,2020-01-01,2072.991093145893,1152.3752424192235,3192.6279110401447,2905.6666666666665,1071.9255735207735,-47.711244373478166
241,3,2020-01-01,3777.2329274702465,3014.7291842456457,4605.067203881283,2550.4166666666665,-728.8995941369135,-1556.7338705479497
242,3,2020-01-01,3990.923389794498,3112.0836036197607,4982.775955911614,3630.0,48.159943538835705,-943.6926225782804
244,3,2020-01-01,2149.475914189806,1526.688925717266,2698.330338429032,2233.5,496.0240858101938,-52.830338429032054
246,3,2020-01-01,5820.108604906598,4199.80366488645,7864.055137832449,6858.166666666667,1549.891395093402,-494.05513783244896
247,3,2020-01-01,8608.801322958745,7228.7540230758095,10300.886189038458,4548.916666666667,-3395.217989625411,-5087.302855705124
248,3,2020-01-01,1948.9138658367897,1347.100418655219,2622.54981912076,1133.0,-647.9971991701229,-1321.633152454093
249,3,2020-01-01,2600.708510035706,1807.3782597592626,3283.0610332958076,2486.25,125.3748232976277,-556.9776999624742
250,3,2020-01-01,3930.433859429662,3207.1568083685997,4826.018106206158,2889.25,-711.6005260963284,-1607.1847728728249
252,3,2020-01-01,4978.044974277297,4197.559530506391,5885.099844518214,2915.4166666666665,-1732.2949742772971,-2639.349844518214
254,3,2020-01-01,9892.380115292626,8340.865675136418,11163.628000040915,5632.416666666667,-3718.380115292626,-4989.628000040915
256,3,2020-01-01,3977.354717521377,2957.556619138806,5052.964434721573,1904.1666666666667,-1636.9380508547101,-2712.5477680549056
257,3,2020-01-01,4068.4299774793017,3522.6927343594143,5277.674410042073,2589.1666666666665,-1165.0133108126352,-2374.2577433754063
260,3,2020-01-01,1716.1361348634941,945.1751344647039,2593.213801134914,2425.8333333333335,956.5305318031728,79.4528655317531
261,3,2020-01-01,6051.545475425062,4641.197667613076,7549.864608794492,4924.416666666667,-548.5454754250622,-2046.8646087944917
264,3,2020-01-01,3576.0844194613874,2645.0652263312977,4661.081564115747,3691.9166666666665,581.9155805386126,-503.0815641157469
265,3,2020-01-01,2874.196816709874,1903.153188655312,3934.975163224076,3791.4166666666665,1421.636516623459,360.8581701092571
267,3,2020-01-01,1494.865318213672,1079.2254073294466,2153.774788763222,2311.0833333333335,1091.4680151196615,432.5585445701113
273,3,2020-01-01,4168.489250610867,3228.1487183294175,5312.3350159368,3117.9166666666665,-617.9892506108672,-1761.8350159368001
274,3,2020-01-01,4057.7867125702805,2674.958416862017,5127.861082049219,4067.5,393.7966207630525,-676.2777487158855
275,3,2020-01-01,9023.097793747922,7641.463857692246,10632.029715030178,6357.333333333333,-2381.764460414589,-3990.6963816968446
277,3,2020-01-01,2673.147767444446,1952.9955355443778,3763.9740080460642,2644.9166666666665,287.6022325555541,-803.2240080460642
278,3,2020-01-01,9172.960374336179,7308.313096274281,12007.967121829151,16147.333333333334,7694.456292330489,4859.449544837516
280,3,2020-01-01,5209.881403890817,3961.7943244008693,6582.740617543868,3715.4166666666665,-1086.9647372241507,-2459.823950877202
282,3,2020-01-01,2050.145139147738,1451.538772888788,2692.9400431995255,2132.0833333333335,483.10486085226194,-159.69004319952546
285,3,2020-01-01,14266.651763762431,12642.267094454104,15837.363927300223,2874.6666666666665,-11059.818430429099,-12630.53059396689
286,3,2020-01-01,2158.2915861065812,1647.732486389321,3034.891345279794,3185.25,1734.6250805600853,858.0253213868723
287,3,2020-01-01,2465.3459368303047,1795.445032803421,3624.38663087834,3598.4166666666665,1478.8207298363618,319.7800357883266
291,3,2020-01-01,5312.94190694667,4622.183523824246,6366.68323704566,3367.25,-1721.3585736133368,-2775.099903712326
293,3,2020-01-01,2977.996877194092,2040.938283720829,3974.4915080037663,3507.0,825.9197894725744,-170.57484133709977
299,3,2020-01-01,1920.3601615243822,1241.2602883008753,2689.668919669153,2352.4166666666665,571.3898384756178,-197.91891966915318
300,3,2020-01-01,3560.776957690483,2425.912150325911,5301.878876898904,6309.25,3128.389708976184,1387.2877897677627
301,3,2020-01-01,3322.454509587772,2260.776738822914,4679.92340140852,4359.0,1257.878823745561,-99.59006807518654
303,3,2020-01-01,11817.675089193637,10452.948498934988,13000.898497122078,5006.666666666667,-6319.591755860303,-7502.815163788744
305,3,2020-01-01,2840.6808294516595,2347.8868746661706,3030.3497233425023,2449.0,-313.764162784993,-503.4330566758358
311,3,2020-01-01,1847.3014844534466,1291.9858970832834,2506.4882917218156,2459.1666666666665,897.1985155465534,238.01170827818441
313,3,2020-01-01,2504.78258491661,1753.184552431385,3502.589635397892,2795.6666666666665,794.6340817500563,-203.1729687312254
315,3,2020-01-01,2052.449929508599,1300.8928010475356,3250.3772834901883,3531.5833333333335,1941.6334038247346,743.7060498431451
316,3,2020-01-01,6013.261479736518,5073.947321714031,7169.300506241816,3322.5833333333335,-2122.7614797365177,-3278.800506241816
319,3,2020-01-01,4308.795810735372,3544.449081314322,5091.71981826748,2363.0833333333335,-1762.7958107353716,-2545.71981826748
320,3,2020-01-01,2981.6286309951693,2112.1889897571414,3982.255803069658,2970.0833333333335,438.62136900483074,-562.0058030696582
321,3,2020-01-01,2343.677085905262,1545.3760508340401,3056.1756084607305,3348.0833333333335,1293.4895807614048,580.9910582059365
322,3,2020-01-01,1439.4255887097133,959.4073433188898,2332.0099631450175,2337.9166666666665,1217.6577446236197,325.0733701883155
323,3,2020-01-01,4826.427763624254,4054.726663024462,5468.723620939777,2224.6666666666665,-489.8444302909211,-1132.140287606444
327,3,2020-01-01,7831.911331756299,6958.466135764385,8527.297636758994,3070.25,-4574.327998422965,-5269.714303425661
328,3,2020-01-01,5193.929243537352,4072.2209721582954,6130.483265976614,3026.9166666666665,-1916.0959102040188,-2852.6499326432813
329,3,2020-01-01,5618.7087275549875,4517.743350064658,6878.0477131405305,3060.3333333333335,-2046.375394221654,-3305.714379807197
331,3,2020-01-01,2351.961860612045,1606.9776163704794,3064.776489459336,2492.25,531.4548060546217,-181.35982279266955
332,3,2020-01-01,3436.6107529554542,2558.5155998012756,4446.385838611268,3113.5,84.05591371121227,-925.7191719446014
334,3,2020-01-01,2030.5057340122491,1497.9367844904805,3299.9809317839854,3367.25,1578.7442659877509,309.2690682160146
335,3,2020-01-01,5652.109607387341,4301.321593246068,7234.505225909324,4705.583333333333,-281.52627405400835,-1863.9218925759906
338,3,2020-01-01,6318.360551548653,5079.143618886308,7917.196569629898,4188.166666666667,-1563.0272182153194,-3161.8632362965636
343,3,2020-01-01,2592.761688112971,1849.556809029175,3529.0489037827224,3970.25,1896.821645220362,960.5344295506106
345,3,2020-01-01,2409.2978220594937,1587.5248405040961,3344.1393986429784,2958.25,775.2855112738398,-159.55606530964496
346,3,2020-01-01,3750.728547336694,2845.321881913587,5042.4738954928525,4048.3333333333335,690.4381193299728,-601.3072288261856
348,3,2020-01-01,2598.2735924219364,1777.137843041736,3720.010725944753,3864.75,1661.8930742447305,540.1559407219138
349,3,2020-01-01,2223.199667298079,1614.4847313442049,3085.0563159162043,3602.4166666666665,1823.300332701921,961.4436840837957
350,3,2020-01-01,5792.85169031367,4470.101654735015,7814.473855981262,4871.916666666667,-257.8516903136697,-2279.473855981262
351,3,2020-01-01,2527.2264590946284,1808.5944209131471,3105.5166402102955,1429.1666666666667,-718.3931257612949,-1296.683306876962
354,3,2020-01-01,4055.8105969756184,3076.1386142852016,5446.64358230088,2661.8333333333335,-1060.1439303089514,-2450.9769156342127
356,3,2020-01-01,6329.517815928036,5418.870794078399,7435.950108191774,3451.6666666666665,-2600.434482594703,-3706.866774858441
357,3,2020-01-01,4350.645869824305,3159.857109021079,5774.378099843047,6679.666666666667,2816.437463509029,1392.7052334902874
359,3,2020-01-01,3927.8793772597915,2756.160825495207,5518.775727503358,4781.916666666667,1140.5372894068755,-450.35906083669124
360,3,2020-01-01,3806.7495897226145,3003.174630672532,4948.496063273607,3856.5,430.0004102773855,-711.7460632736074
361,3,2020-01-01,2749.759511389021,1904.600464648047,3763.281425271201,3254.3333333333335,920.1571552776459,-93.36475860453402
362,3,2020-01-01,6717.421186466215,5350.540271241088,7845.658021646417,4059.1666666666665,-2198.9211864662147,-3327.158021646417
363,3,2020-01-01,592.1650974976077,546.4203082726417,817.4409159584787,4057.1666666666665,3465.0015691690587,3239.7257507081877
364,3,2020-01-01,5881.188227521742,4824.218585765975,6790.62001819394,3317.4166666666665,-2237.5215608550757,-3146.9533515272738
366,3,2020-01-01,4403.066304688385,3422.879883900734,5781.079551939269,3325.9166666666665,-486.31630468838466,-1864.3295519392686
368,3,2020-01-01,5192.527041176729,4299.323897604357,6253.834111364597,3567.1666666666665,-1222.7770411767287,-2284.0841113645974
369,3,2020-01-01,7761.423840305329,6254.483935250545,9678.338091129624,4291.583333333333,-2937.0071736386626,-4853.921424462958
370,3,2020-01-01,2383.7372337587417,1525.1211246368275,3384.218472570905,3492.0,1257.7627662412583,257.28152742909515
371,3,2020-01-01,11312.300759042315,8932.612283212504,12917.018803332609,7697.333333333333,-3374.717425708982,-4979.4354699992755
373,3,2020-01-01,5495.677506504052,4680.18365352485,6274.5013383077285,1783.0833333333333,-1433.094173170719,-2211.9180049743954
374,3,2020-01-01,2571.818151287766,1880.8621651367484,3318.5453388705014,2598.0833333333335,86.18184871223411,-660.5453388705014
375,3,2020-01-01,12.537888805212237,12.537888805212237,2025.322672313318,3134.75,3248.045444528121,1235.2606610200155
376,3,2020-01-01,7755.255677660421,6383.492050800587,9337.345231250345,4831.25,-2709.5890109937536,-4291.678564583678
377,3,2020-01-01,6139.9733485541165,5126.981676910805,7003.98256763881,3259.1666666666665,-2454.7233485541165,-3318.73256763881
379,3,2020-01-01,5336.447842482063,4604.493256484794,6330.369256579554,3624.6666666666665,-1196.7811758153966,-2190.7025899128876
380,3,2020-01-01,2656.970783948096,1857.4117002732578,3776.1045268430253,3154.75,814.5292160519039,-304.60452684302527
383,3,2020-01-01,2029.7684874812978,1264.5715476044115,3097.542729755848,2857.25,1135.4815125187022,67.70727024415191
385,3,2020-01-01,2647.713197183864,1900.8015767031097,3886.6112165000504,2536.1666666666665,362.53680281613606,-876.3612165000504
386,3,2020-01-01,6590.853401452656,5160.879055422723,8249.173807289128,4163.916666666667,-1831.1034014526558,-3489.4238072891276
391,3,2020-01-01,2214.2647820931516,1500.4005062119252,2882.568876237852,2939.1666666666665,1286.3185512401815,618.0144570954812
393,3,2020-01-01,2197.301287816082,1437.5686142663858,3167.544337900793,2698.9166666666665,807.3653788505844,-162.8776712341264
394,3,2020-01-01,6058.703994264938,4778.285733107736,7684.080996756046,5800.333333333333,348.04600573506195,-1277.3309967560463
395,3,2020-01-01,3234.8957773300976,1965.138418031566,4944.302589340669,4134.25,1227.5208893365693,-481.88592267400236
397,3,2020-01-01,2142.625200845045,1694.9603778222727,2797.0049827874445,1702.0,115.45813248828836,-538.921649454111
398,3,2020-01-01,2952.5921982953505,2150.33372442375,3869.767749748416,3116.75,579.324468371316,-337.8510830817495
401,3,2020-01-01,3507.8601795443974,2540.0926657781697,4570.728793979113,2387.0,-849.7768462110639,-1912.6454606457796
402,3,2020-01-01,5060.149303908779,4192.212383770855,6340.18789831723,3662.8333333333335,-1010.9826372421121,-2291.021231650563
403,3,2020-01-01,2087.854397965712,1236.1804526929818,3047.3354139851904,3041.3333333333335,1095.312268700955,135.8312526814766
408,3,2020-01-01,9483.122674326098,8008.375183703961,10578.149113865882,2611.9166666666665,-6561.289340992765,-7656.315780532549
414,3,2020-01-01,8062.738978688392,5976.448281132392,10216.179849084774,9406.25,1834.5943546449416,-318.84651575144017
415,3,2020-01-01,2267.0207598321017,1531.5476239141221,2858.2933741718684,2810.75,895.1459068345648,303.8732924947981
416,3,2020-01-01,2300.5266807894827,1579.7679266617897,3033.006998854773,3189.4166666666665,1276.0566525438503,543.57633447856
419,3,2020-01-01,3314.885326066107,2543.528572371306,4218.2364472443505,2795.0,-4.1353260661071545,-907.4864472443505
421,3,2020-01-01,4982.513220581917,4148.904619185663,5987.220773550577,3823.0,-697.5965539152503,-1702.3041068839102
425,3,2020-01-01,7943.01651075913,6901.334734527641,9495.249544839748,4956.833333333333,-661.4331774257971,-2213.6662115064146
427,3,2020-01-01,2710.046879459065,1854.2506000339731,3709.1559019383676,2710.5833333333335,396.0364538742683,-603.0725686050341
428,3,2020-01-01,5047.020864570717,3835.9883718450146,6733.218300858966,4707.166666666667,-82.85419790405012,-1769.0516341922994
430,3,2020-01-01,9909.564780253162,8179.9277018724715,11077.670403557748,4445.833333333333,-5098.231446919829,-6266.337070224415
432,3,2020-01-01,4419.315083514659,3461.3207084385294,5188.035048056553,2212.1666666666665,-1673.7317501813259,-2442.45171472322
433,3,2020-01-01,3761.0355817998734,2889.2425474414304,4721.643842580657,2663.0833333333335,-919.2022484665399,-1879.8105092473238
434,3,2020-01-01,4172.675107188373,2871.478097415724,5362.616317549063,4449.583333333333,897.9915594782933,-291.9496508823968
437,3,2020-01-01,4709.770822553556,3477.2388753404957,5922.234410571205,6055.833333333333,1788.4791774464438,576.0155894287946
438,3,2020-01-01,1917.3147888423332,1254.7857873726673,2792.629365761749,2836.1666666666665,1443.2685444909998,567.9539675715841
441,3,2020-01-01,3504.2140970718374,2384.5078645431436,4602.512281030817,3842.3333333333335,592.6192362614966,-505.6789476974827
442,3,2020-01-01,6063.041087594524,4762.225946287974,7657.796477926274,4050.0,-1372.1244209278566,-2966.879811259607
447,3,2020-01-01,2198.1073819970707,1507.1940317765902,3033.6127089589804,2581.4166666666665,818.2259513362624,-17.27937562564739
449,3,2020-01-01,3300.062601238295,2351.398587468786,4452.068890601928,3316.3333333333335,445.437398761705,-706.5688906019277
450,3,2020-01-01,3744.379723934731,2828.989699731411,4532.653154832055,3599.3333333333335,297.20360939860257,-491.0698214987219
451,3,2020-01-01,2583.7198137427035,2037.4005251844737,3271.041340781884,2412.5833333333335,-131.46981374270354,-818.7913407818842
452,3,2020-01-01,6921.830969480056,5800.113965615955,8018.17606273031,5279.666666666667,-1527.6643028133894,-2624.009396063643
455,3,2020-01-01,4991.722911226692,3908.122746832323,6513.954159735418,4148.0,-327.7229112266923,-1849.9541597354182
456,3,2020-01-01,4695.440692630676,3775.50863759627,5587.542911951597,2912.25,-1333.357359297342,-2225.459578618263
457,3,2020-01-01,5845.544766386458,4822.889480329881,7144.008962978294,3027.0,-2136.9614330531244,-3435.4256296449607
458,3,2020-01-01,3694.3733135564034,2109.0628957251774,5575.3734535403755,4089.0,644.9600197769296,-1236.0401202070425
459,3,2020-01-01,2877.5251097132586,1987.3014577910276,3703.5216404056737,2104.75,-375.44177637992516,-1201.4383070723402
460,3,2020-01-01,5644.470339806514,4217.3154972470675,7252.801366198417,3413.0833333333335,-1778.470339806514,-3386.801366198417
461,3,2020-01-01,7272.723978721523,5756.864772487046,8651.198514585776,5450.25,-1284.307312054856,-2662.781847919109
462,3,2020-01-01,5071.518166619069,3754.855758771135,6442.8668815978035,4224.666666666667,-464.9348332857353,-1836.2835482644696
464,3,2020-01-01,14802.66397770984,12950.062275455526,16951.189065745264,5620.333333333333,-8874.91397770984,-11023.439065745264
465,3,2020-01-01,2195.5464688120483,1419.458043701226,3238.5818977045537,3497.0833333333335,1654.2868645212852,611.2514356287797
467,3,2020-01-01,3840.9724176109307,2909.6600650006994,5082.674056793227,3735.9166666666665,472.3609157224023,-769.3407234598935
468,3,2020-01-01,3125.7427360645424,2064.362882940881,4437.811797093235,3947.8333333333335,1240.8405972687915,-71.22846375990139
469,3,2020-01-01,4465.144905376299,3151.615076316604,5889.346145340065,3912.0833333333335,185.43842795703495,-1238.762812006731
470,3,2020-01-01,3892.110087821252,3199.5897794045977,4766.432623896562,2379.4166666666665,-1212.2767544879189,-2086.5992905632293
472,3,2020-01-01,7052.549616864567,5752.079511478411,8682.171020432033,3836.5833333333335,-994.2996168645668,-2623.9210204320334
473,3,2020-01-01,1480.3452391614635,998.582803541952,2079.3040156708453,2348.4166666666665,1060.6547608385365,461.6959843291547
474,3,2020-01-01,8017.1874595709405,6460.311261893256,9583.116672963979,6746.416666666667,-656.3541262376066,-2222.283339630645
476,3,2020-01-01,6899.981097622438,6055.348939354494,8000.0065470025165,3456.0833333333335,-1308.731097622438,-2408.7565470025165
477,3,2020-01-01,4726.676966623167,3551.836393576653,6380.246881219848,4122.25,-39.59363328983363,-1693.1635478865146
478,3,2020-01-01,4294.548836681232,2724.5464120456045,5647.0665390015265,6067.25,2147.0344966521006,794.5167943318065
479,3,2020-01-01,3958.6574837460753,2869.20679277416,5582.367160779367,5097.75,1732.5925162539247,108.88283922063329
480,3,2020-01-01,5822.621076062568,3755.0401123680695,7744.309177776106,7176.083333333333,2134.212257270765,212.52415555722746
483,3,2020-01-01,2149.9739606932367,1685.8807016867129,3001.9157892052986,3330.75,1516.5260393067633,664.5842107947014
487,3,2020-01-01,6711.113654277977,5653.168176411989,8064.234295048698,4588.25,-1890.1969876113099,-3243.317628382031
488,3,2020-01-01,13606.170372303037,12417.040087900003,15235.108667940067,2677.1666666666665,-10754.670372303037,-12383.608667940067
489,3,2020-01-01,2370.398371353791,1768.5204226720598,3218.7765269608276,3062.75,1111.351628646209,262.9734730391724
490,3,2020-01-01,12914.561862208888,10983.82125950032,14755.623139012434,2785.5,-9682.311862208888,-11523.373139012434
491,3,2020-01-01,1506.4548394684944,835.0032065830864,2384.9914322851864,2251.0833333333335,1163.7118271981726,285.17523438148055
494,3,2020-01-01,3306.2250573002607,2252.2172954051675,4694.93705310272,4695.583333333333,1721.6916093664054,332.97961356394626
496,3,2020-01-01,2384.6478841235885,1484.843355373681,3314.4293531679723,3026.5833333333335,1072.5187825430785,142.73731349869468
497,3,2020-01-01,4922.005650053852,3487.80248060731,6551.042551436264,4365.0,32.16101661281482,-1596.8758847695972
502,3,2020-01-01,6328.848630739138,5350.78919475847,7343.250816165871,3036.6666666666665,-2861.5986307391377,-3876.0008161658707
503,3,2020-01-01,1634.3626507853946,1250.8154980436068,2069.786712255013,2463.6666666666665,851.5540158812719,416.12995441165367
506,3,2020-01-01,6560.477607342362,5016.74638750785,7963.70454558319,4403.416666666667,-1666.2276073423618,-3069.4545455831903
509,3,2020-01-01,2881.725066801602,2084.795375418476,3696.360504324738,3711.1666666666665,1060.6082665317308,245.972829008595
511,3,2020-01-01,8783.294217253437,7804.755883672913,10160.37384153441,2966.8333333333335,-5179.210883920103,-6556.290508201077
514,3,2020-01-01,3773.978535639069,2895.3913938597852,4839.490764102426,2691.25,-943.3118689724024,-2008.824097435759
515,3,2020-01-01,2286.2830483271564,1468.7968722444605,3107.0577330089327,3488.75,1545.6336183395101,724.8589336577338
517,3,2020-01-01,1678.3076150871075,1097.7586761584098,2275.612535975656,2000.75,561.109051579559,-36.195869308989586
519,3,2020-01-01,2048.425819426758,1368.920054292305,3021.015428327765,3292.3333333333335,1492.5741805732418,519.9845716722348
520,3,2020-01-01,3427.605942995316,2461.2416551966717,4483.031081104882,4804.833333333333,2023.8940570046839,968.4689188951179
523,3,2020-01-01,6950.578935562843,5916.897664073616,7925.660034911865,3207.25,-3275.7456022295096,-4250.826701578531
524,3,2020-01-01,2160.7672973492727,1477.5141720709485,3108.405719973891,2936.5833333333335,1277.2327026507273,329.5942800261091
525,3,2020-01-01,4246.84976582979,3371.838190124258,5180.767340583336,3095.5833333333335,-885.7664324964567,-1819.6840072500022
526,3,2020-01-01,5632.705354887032,4653.830418278695,7295.470855916347,5373.416666666667,293.5446451129683,-1369.2208559163473
528,3,2020-01-01,2801.967347936752,1956.9806938471709,3547.3888126032653,3373.1666666666665,996.782652063248,251.36118739673475
530,3,2020-01-01,2519.7756413794214,1690.6666610021916,3376.215020229135,1508.3333333333333,-782.1923080460881,-1638.6316868958017
534,3,2020-01-01,6058.394381909927,4949.284361610746,7454.353326692275,5042.5,-742.3943819099268,-2138.353326692275
538,3,2020-01-01,3433.9190355339356,2428.8087903224946,4156.587910787221,2522.0833333333335,-390.96236886726865,-1113.6312441205537
542,3,2020-01-01,2213.735690632489,1643.3872444204103,2836.107557361147,2458.0,572.3476427008445,-50.02422402781349
543,3,2020-01-01,3507.6967063831326,2642.516965401955,4672.009930916716,2560.0833333333335,-450.36337304979907,-1614.6765975833828
545,3,2020-01-01,3078.680018513286,2117.748272639043,4056.8140362635795,3808.9166666666665,1125.23664815338,147.10263040308655
546,3,2020-01-01,3841.1876762928996,2681.3636116410466,5193.326065433807,4266.333333333333,888.9789903737665,-463.1593987671413
547,3,2020-01-01,2902.5650158344047,1941.415598229797,3792.104502940977,2658.4166666666665,-0.6483491677381608,-890.1878362743105
549,3,2020-01-01,3839.8284445763684,2277.3996076029266,5414.465451201217,5192.0,1739.2548887569646,164.6178821321164
550,3,2020-01-01,5486.334530003299,4437.990771752834,6314.562974894003,2520.6666666666665,-2782.4178633366323,-3610.6463082273362
552,3,2020-01-01,7586.910632679125,6417.955139201126,8734.026664322559,4378.166666666667,-1029.9106326791252,-2177.0266643225586
554,3,2020-01-01,5998.506348004002,4938.540398834566,7515.369768846722,4446.416666666667,-1225.2563480040017,-2742.119768846722
556,3,2020-01-01,3487.253520015447,2665.4850720678783,4422.818330829943,3033.75,19.41314665121945,-916.1516641632766
557,3,2020-01-01,5890.799233681207,5135.570448732289,7189.028720280541,2353.75,-2899.7159003478732,-4197.945386947207
561,3,2020-01-01,3029.2491763916005,2281.276608564758,3856.1605293214084,3071.0833333333335,573.9174902750665,-252.9938626547414
563,3,2020-01-01,7322.342632661484,5783.060841121305,8810.886005046857,4127.583333333333,-2765.5926326614835,-4254.1360050468575
564,3,2020-01-01,4553.161599582032,3843.1235204222835,5314.697496535314,3534.25,-903.9949329153656,-1665.5308298686473
565,3,2020-01-01,5825.568366100982,4795.105338659966,6677.909192083345,3633.1666666666665,-1802.901699434315,-2655.2425254166787
566,3,2020-01-01,5594.376655224727,4790.896311025395,6814.47022211759,3853.6666666666665,-1329.209988558061,-2549.3035554509243
569,3,2020-01-01,3065.0660069263513,1958.4797070319028,4217.803708404276,3802.0833333333335,1206.2673264069826,53.52962492905772
570,3,2020-01-01,3203.1918810213724,2603.780195745888,4035.8479946668194,2687.0833333333335,-140.60854768803893,-973.264661333486
571,3,2020-01-01,4552.761495733685,3545.1176438175517,5622.8880924023015,3059.25,-1107.5114957336846,-2177.6380924023015
573,3,2020-01-01,2638.2014218740273,2106.59038405642,3387.648327160955,2500.9166666666665,381.79857812597265,-367.648327160955
575,3,2020-01-01,3518.939779837057,2638.8433850361334,4334.404780992725,2206.3333333333335,-906.5231131703899,-1721.9881143260582
576,3,2020-01-01,4481.511597593406,2868.669323351057,6318.624988598104,5291.833333333333,1261.1550690732602,-575.9583219314381
577,3,2020-01-01,3013.0539372404974,2598.582227963825,3782.0722795981537,2758.8333333333335,-131.05393724049736,-900.0722795981537
580,3,2020-01-01,5084.486472225854,4132.267434173414,6106.462480004855,3071.4166666666665,-1720.6531388925214,-2742.629146671522
581,3,2020-01-01,2425.5681387988884,1716.4656765515715,3157.201675448564,2496.8333333333335,338.6818612011116,-392.95167544856395
582,3,2020-01-01,2978.740241814019,1804.2472256472142,4036.0339583546743,3268.5,662.2597581859809,-395.03395835467427
583,3,2020-01-01,2125.5948385796637,1473.2712442722,2708.4821746314647,2412.8333333333335,469.6551614203363,-113.23217463146466
584,3,2020-01-01,2132.24484466073,1467.5392883138409,2727.8304510446724,2432.9166666666665,557.00515533927,-38.58045104467237
585,3,2020-01-01,4132.740052590597,3343.6939068000906,5028.505778348812,3456.9166666666665,-434.32338592393035,-1330.0891116821454
586,3,2020-01-01,2785.0033162097734,1988.6838322567578,3729.465469123772,3905.3333333333335,1273.2466837902266,328.784530876228
589,3,2020-01-01,1504.080679319783,894.7655183054287,2248.4270969333325,2252.9166666666665,995.3359873468835,250.98956973333406
592,3,2020-01-01,4629.028289272835,4064.900564656487,5229.674390208916,1999.4166666666667,-2247.7782892728346,-2848.4243902089156
595,3,2020-01-01,2083.1718823342267,1343.2883854885235,2834.105789136351,2420.0833333333335,417.32811766577333,-333.6057891363512
596,3,2020-01-01,2921.4186740358004,1975.5927506744217,3960.1334495084684,2885.75,371.08132596419955,-667.6334495084684
597,3,2020-01-01,8157.129241525385,6443.308270942807,10090.238787567587,5421.25,-124.54590819205077,-2057.655454234253
598,3,2020-01-01,10314.020321988863,9032.041771582913,11465.065375706334,3595.3333333333335,-6293.936988655529,-7444.982042373
601,3,2020-01-01,2573.8021182326215,1726.8030073660357,3649.774480628331,3583.6666666666665,1456.864548434045,380.8921860383357
602,3,2020-01-01,5228.675229709462,4057.899998282283,6053.520828273271,2869.75,-1936.9252297094617,-2761.770828273271
604,3,2020-01-01,4687.354262932915,3600.0964628389556,5519.210288390013,5903.333333333333,1413.0624037337511,581.2063782766527
605,3,2020-01-01,3331.456957642093,2410.5821591253953,4377.615665743644,3961.8333333333335,848.7097090245738,-197.4489990769771
608,3,2020-01-01,1598.4686655731805,1127.216490681751,2136.517093879847,197.08333333333334,-965.9686655731805,-1504.017093879847
609,3,2020-01-01,2093.810351962355,1570.556581662665,2946.5099702678785,3128.0,1188.3563147043114,335.656696398788
613,3,2020-01-01,3656.999665828167,2519.6318738653013,5177.055239307947,4713.5,1628.000334171833,107.94476069205302
614,3,2020-01-01,2730.1597649051687,1766.2216175256694,3455.600428080989,1369.1666666666667,-812.493098238502,-1537.9337614143221
615,3,2020-01-01,6052.884316759468,4881.830768077182,7383.649485571638,3730.5,-1754.6343167594678,-3085.3994855716383
616,3,2020-01-01,2765.4570684346786,1811.946073482884,3711.3371288935227,2901.4166666666665,585.9595982319879,-359.9204622268562
618,3,2020-01-01,1496.397573651899,984.88488128945,2238.51885227838,2316.25,891.8524263481011,149.7311477216199
619,3,2020-01-01,3392.7853145696963,2379.6459960965935,4688.889881758361,4498.833333333333,1600.8813520969697,304.77678490830476
621,3,2020-01-01,2186.7491046383047,1667.0535870137878,2607.071389234352,2281.0,167.75089536169526,-252.57138923435195
623,3,2020-01-01,3803.092111406249,2153.3988469902656,5327.577773206869,6496.75,3310.074555260418,1785.5888934597979
628,3,2020-01-01,5293.3464228265,3485.1985447492207,7003.317532173072,8922.916666666666,4159.236910506832,2449.26580116026
629,3,2020-01-01,6436.41866039624,4196.677677624538,8669.947011183343,4792.75,-1314.5853270629068,-3548.1136778500104
630,3,2020-01-01,12439.15847510583,11382.817414794094,13743.600276000241,3293.4166666666665,-8781.741808439165,-10086.183609333575
631,3,2020-01-01,3035.948187118958,2207.633510386361,4074.8980028076967,2817.5833333333335,207.7184795477092,-831.2313361410297
633,3,2020-01-01,3427.5783159625494,2300.056270329088,4708.441901497437,4181.583333333333,1143.7550173707837,-137.10856816410433
634,3,2020-01-01,4169.260637593456,2928.530701510444,5339.642208728882,4089.9166666666665,146.90602907321045,-1023.4755420622159
636,3,2020-01-01,1630.3419092678191,1187.87362788507,2128.4057747621005,2031.0,718.0747573988474,220.01089190456605
637,3,2020-01-01,6769.15531525225,5348.690708349358,8690.865772755573,6440.666666666667,56.76135141441682,-1864.9491060889059
638,3,2020-01-01,3395.0270009711685,2214.178422908745,4589.718905986996,1407.4166666666667,-1726.5270009711685,-2921.218905986996
639,3,2020-01-01,4830.097549851066,4144.233480376301,5983.888259974452,3137.0833333333335,-1106.2642165177326,-2260.0549266411185
641,3,2020-01-01,6253.214964058274,5446.557865663306,7036.0140833244395,3129.6666666666665,-2764.2982973916073,-3547.097416657773
642,3,2020-01-01,3132.7388324945155,2136.910588585806,4091.785511002545,2845.25,75.34450083881802,-883.7021776692113
643,3,2020-01-01,3138.1741778389787,2387.0660845397833,3854.3921735909275,3616.4166666666665,793.8258221610213,77.60782640907246
644,3,2020-01-01,2004.531606087292,1318.7937150730559,3090.25238751663,3496.9166666666665,1874.301727246041,788.5809458167032
646,3,2020-01-01,3142.9229645474475,2259.2291544223726,3991.9373976234774,3636.1666666666665,834.243702119219,-14.770730956810894
647,3,2020-01-01,4149.367134222395,3539.4857219831647,5028.518623771119,2241.6666666666665,513.4661991109379,-365.6852904377856
648,3,2020-01-01,1470.1350601058152,1004.0665475498392,1993.2964636269853,2487.8333333333335,1214.5316065608517,691.3702030396817
649,3,2020-01-01,2513.28861797335,1676.5243247436501,3136.7494282087036,3867.3333333333335,1906.544715359984,1283.0839051246303
650,3,2020-01-01,2160.9506994811536,1489.9810750343272,2735.82330722556,2017.9166666666667,345.8826338521799,-228.98997389222632
652,3,2020-01-01,3499.699363430293,2629.0963294008197,4545.001113873858,1893.8333333333333,-1280.111863430293,-2325.413613873858
655,3,2020-01-01,2790.3823197534857,2134.4646853218924,4013.118477449595,2528.3333333333335,199.78434691318125,-1022.9518107829281
657,3,2020-01-01,1844.8161847822748,1369.246591262344,2459.340803932851,2824.75,1155.5171485510587,540.9925294004825
658,3,2020-01-01,5790.703676583452,4760.792438510718,7393.897144396746,4385.833333333333,-1145.2870099167858,-2748.4804777300797
659,3,2020-01-01,3967.239682790901,3078.032943467541,4980.645429587512,2715.25,-877.989682790901,-1891.395429587512
660,3,2020-01-01,2167.911910204986,1325.996098838832,3296.453270641181,3670.0833333333335,1764.1714231283477,635.6300626921525
661,3,2020-01-01,1625.9702922573083,943.1666984136093,2528.786409643948,3569.25,2251.363041076025,1348.5469236893855
662,3,2020-01-01,6881.590922658709,5415.591522410513,8621.380880887426,7141.166666666667,863.3257440079578,-876.4642142207585
663,3,2020-01-01,5389.903066033999,4328.471378483789,6619.91833410565,5879.5,737.0969339660014,-492.9183341056496
665,3,2020-01-01,3963.2613499402837,3382.891780395224,5036.861224690716,967.75,-2687.2613499402837,-3760.861224690716
667,3,2020-01-01,5346.8659830029965,4474.308646293122,6509.132153713694,3480.25,-1585.8659830029965,-2748.1321537136937
668,3,2020-01-01,2980.845875763502,2188.1167044194603,3844.127273329362,1361.8333333333333,-1154.8458757635021,-2018.1272733293622
669,3,2020-01-01,3039.978632615043,2381.544069400912,4095.480198161509,3428.4166666666665,521.1880340516236,-534.3135314948427
671,3,2020-01-01,3165.913725891564,2227.1287002635845,4377.314426468662,2836.0,33.752940775102616,-1177.647759801995
672,3,2020-01-01,3619.565610373497,2997.986288017749,4311.120003623111,1997.25,-1252.6489437068303,-1944.2033369564447
674,3,2020-01-01,2753.739241917045,2099.388786858711,3605.378380788227,2345.5833333333335,-192.9059085837116,-1044.5450474548934
675,3,2020-01-01,2861.406800717099,2073.258173110007,3956.032243916917,2957.4166666666665,493.84319928290097,-600.7822439169172
676,3,2020-01-01,5353.904840307404,4131.297442770179,7013.201312646077,5421.083333333333,571.7618263592622,-1087.534645979411
677,3,2020-01-01,4116.8624927446845,3050.3007027321573,5828.6021506060915,5602.166666666667,2010.3875072553155,298.6478493939085
678,3,2020-01-01,1837.3918175723518,1309.299449380016,2303.019475426455,2456.4166666666665,990.6915157609812,525.0638579068782
679,3,2020-01-01,1565.8535052801926,941.534697499616,2528.6665859944405,2856.0,1411.9798280531409,449.16674733889295
683,3,2020-01-01,4059.0791414204514,2824.9814466673943,5188.671238749943,4253.25,586.2541919128817,-543.3379054166098
684,3,2020-01-01,2090.866494687732,1455.4483144003652,3247.6813602931747,3680.8333333333335,1963.883505312268,807.0686397068253
688,3,2020-01-01,3901.591264658583,3033.484149826808,4971.6824280235,3935.5833333333335,211.24206867475095,-858.8490946901657
692,3,2020-01-01,2781.539565743491,1842.8856073128345,3887.5004666235527,3558.4166666666665,1329.377100923175,223.41620004311335
696,3,2020-01-01,8388.92740025586,6290.143824464997,10547.384239387266,9214.166666666666,1244.0725997441405,-914.3842393872656
697,3,2020-01-01,3300.2991512445356,2233.79301457531,4721.46547594056,5519.166666666667,2452.8675154221314,1031.7011907261067
699,3,2020-01-01,2307.7972756594254,1553.4600290676942,3192.899771881385,3789.5833333333335,1727.286057673908,842.1835614519487
702,3,2020-01-01,7249.350818740577,6014.174531239863,8493.506213463308,5925.25,-1076.5174854072438,-2320.672880129975
704,3,2020-01-01,14940.210795620324,12834.303222526256,17203.667791938795,9391.25,-5108.460795620324,-7371.917791938795
705,3,2020-01-01,8701.551642707696,7214.86258889071,10243.928979220045,6655.833333333333,-1522.8849760410303,-3065.262312553379
706,3,2020-01-01,4341.899368044586,3192.963126923019,5529.6865492593915,5632.416666666667,1780.2672986220814,592.4801174072754
708,3,2020-01-01,10245.17863486881,6414.056378507759,14095.585249790423,20827.083333333332,11358.154698464523,7507.748083542909
709,3,2020-01-01,3202.9761908694813,2512.9442745602296,4033.9832133538976,3577.5833333333335,758.1904757971856,-72.81654668723058
711,3,2020-01-01,158.14887024524438,158.14887024524438,6527.911135490173,3407.8333333333335,3733.5177964214226,-2636.2444688235064
712,3,2020-01-01,2945.7634742309187,1940.9723248827545,3930.0591554221805,2427.5,-30.263474230918746,-1014.5591554221805
714,3,2020-01-01,2763.7978478233576,2067.074182074214,3493.165845809369,6115.25,3570.6188188433093,2841.250820857298
716,3,2020-01-01,4681.141674604439,3992.3809000355664,5368.356602198435,2209.25,-2165.641674604439,-2852.856602198435
719,3,2020-01-01,4144.048287034303,3080.6593639519438,5634.133594802928,4178.25,449.53504629903,-1040.5502614695952
720,3,2020-01-01,1362.8884838206973,734.8089412791089,1604.1908401818782,1650.0,459.8615161793027,218.55915981812177
721,3,2020-01-01,2510.3615380862375,1710.7368329030733,3335.908596508762,3198.8333333333335,928.8051285804295,103.25807015790497
723,3,2020-01-01,2375.001303260936,1832.8850539378864,2937.4894815515186,2949.75,910.9986967390641,348.51051844848143
724,3,2020-01-01,2711.363260355681,1921.5326014669708,4040.471760743939,2928.5,578.3867396443188,-750.7217607439388
726,3,2020-01-01,2277.5381503001477,1452.832223409153,3274.446569161415,3743.6666666666665,1962.1285163665184,965.220097505251
727,3,2020-01-01,2332.174772204205,1790.2254999574507,3267.0626078425576,3376.8333333333335,1233.1585611291284,298.27072549077593
728,3,2020-01-01,2359.7802128046073,1597.241736358327,3261.2261656865116,2756.3333333333335,946.6364538620596,45.19050098015532
729,3,2020-01-01,3384.1647893156724,2543.054465600365,4612.944992871373,2073.6666666666665,-656.8314559823393,-1885.61165953804
731,3,2020-01-01,2812.505821006109,1779.3032666208353,3858.186989096068,3182.75,693.0775123272247,-352.60365576273443
732,3,2020-01-01,2640.533544552618,1802.9536808171301,3483.768605388229,3265.9166666666665,987.3831221140485,144.14806127843758
733,3,2020-01-01,9457.814778548094,7596.553396924151,10990.80037396248,4428.166666666667,-4356.398111881427,-5889.383707295813
734,3,2020-01-01,1449.5265396264772,1146.2319517355731,1990.1102683032786,2076.4166666666665,893.3067937068558,352.7230650300544
737,3,2020-01-01,6055.858730438157,5041.014300256464,7160.969009237914,2529.9166666666665,-2871.358730438157,-3976.469009237914
738,3,2020-01-01,6969.27907999572,5550.462249912654,8840.240904096936,5331.166666666667,-907.6124133290532,-2778.574237430269
742,3,2020-01-01,4855.192215191591,3536.1127854525175,6515.201967305355,4229.416666666667,158.1411181417434,-1501.8686339720207
743,3,2020-01-01,2702.518563667904,1845.5574069326067,3379.9673912814583,2707.5833333333335,249.0647696654296,-428.3840579481248
744,3,2020-01-01,2910.4317827923546,2105.5420618304493,3485.1472081298652,3724.9166666666665,954.9015505409784,380.1861252034678
746,3,2020-01-01,3784.4939455685826,2800.059976429129,4453.880337813317,2524.0,-1031.9106122352491,-1701.2970044799836
747,3,2020-01-01,2462.3438513788374,1675.9285465430794,3154.723686811437,2402.3333333333335,95.8228152878296,-596.5570201447699
748,3,2020-01-01,2641.733254476457,1843.9599621168268,3462.8763726323245,3127.8333333333335,823.2667455235428,2.1236273676754536
750,3,2020-01-01,2108.7344510545413,1308.8512446270383,2904.949933479953,2513.75,746.9322156121252,-49.283266813286446
751,3,2020-01-01,3924.0350339194647,2753.8992845784496,5509.476047240169,4139.75,643.9649660805353,-941.4760472401686
752,3,2020-01-01,4455.61808524026,2943.484035159664,6000.0460035986225,5402.416666666667,1454.8819147597396,-89.54600359862252
753,3,2020-01-01,2341.7893436811482,1681.4756959069116,3260.036558764537,2640.6666666666665,589.6273229855183,-328.61989209787043
754,3,2020-01-01,6182.041496398103,5286.244217592437,7009.83697226417,2734.75,-3046.2081630647695,-3874.0036389308366
755,3,2020-01-01,1994.2934721704823,1432.2877146978572,2848.788474417811,1928.0833333333333,232.87319449618417,-621.6218077511444
756,3,2020-01-01,4501.831497792065,2673.475634384828,5980.345954456229,4937.583333333333,987.8351688746006,-490.6792877895632
757,3,2020-01-01,5329.053120914934,4239.496920023319,6220.089105482057,3852.6666666666665,-967.053120914934,-1858.0891054820568
758,3,2020-01-01,2152.8100032782377,1528.2960391249144,3140.46752644775,3598.3333333333335,1781.5233300550958,793.8658068855834
759,3,2020-01-01,3587.5014376277018,2388.119555775325,4872.666112265122,6212.5,3122.9985623722982,1837.8338877348779
760,3,2020-01-01,4580.549578956364,3891.0679192056173,5787.836919217511,3129.8333333333335,-1050.3829122896968,-2257.6702525508445
762,3,2020-01-01,3839.88015300987,3123.2323224602783,4853.996783285484,3108.1666666666665,-322.3801530098699,-1336.4967832854836
763,3,2020-01-01,8509.538158471454,6888.478686419019,9708.489930277789,8593.833333333334,331.21184152854585,-867.7399302777885
764,3,2020-01-01,3984.9377821150474,2940.249341253978,4939.885442701683,2588.8333333333335,-1012.8027821150472,-1967.750442701683
771,3,2020-01-01,2748.6592829844662,1852.9904630653514,3724.0931432933926,3221.75,1034.5073836822003,59.07352337327393
772,3,2020-01-01,2614.773193565992,1934.499619918025,3278.6973236170165,3839.5833333333335,1694.8101397673418,1030.8860097163174
773,3,2020-01-01,3221.980163835303,2155.4686731845522,4081.2751956547545,919.0833333333334,-1911.1468305019694,-2770.441862321421
774,3,2020-01-01,2514.4601446323463,1814.5214893360508,3649.7931183077567,2782.9166666666665,679.4565220343202,-455.87645164109017
776,3,2020-01-01,7914.548449674,5792.726050987576,9888.814418878927,8121.25,1012.951550326,-961.3144188789265
779,3,2020-01-01,6824.612114354749,5953.0812740902575,7416.863109327735,2722.4166666666665,-3733.528781021416,-4325.779775994402
780,3,2020-01-01,2432.1862300862686,1633.7409963436357,2983.4709554402407,4864.833333333333,2718.2304365803975,2166.9457112264254
782,3,2020-01-01,7956.1229307655185,7085.205418076833,9148.250384054738,3097.4166666666665,-2697.3729307655185,-3889.500384054738
783,3,2020-01-01,2188.776436178159,1481.8849581941222,2949.1860524745334,2480.75,463.9735638218408,-296.4360524745334
789,3,2020-01-01,3429.184783405248,2291.860946037151,5117.973073449517,4149.0,1037.8985499280852,-650.8897401161839
790,3,2020-01-01,3476.159517646991,2850.7776796576545,4688.439386972309,3863.4166666666665,639.0904823530091,-573.189386972309
791,3,2020-01-01,2767.450815959369,1745.025080532103,3719.4516811844983,3271.9166666666665,844.1325173739642,-107.86834785116525
793,3,2020-01-01,2811.1539928029456,1984.2763495671154,3379.2124780800286,3549.4166666666665,1539.5960071970544,971.5375219199714
794,3,2020-01-01,1547.664493048313,1114.3925814329439,2288.936988465703,2468.4166666666665,1290.335506951687,549.063011534297
795,3,2020-01-01,8081.244996455542,6853.90265818633,9594.98477155949,6326.5,-1290.7449964555417,-2804.4847715594897
797,3,2020-01-01,2950.896595488264,1918.5104876632386,4380.438008372492,5167.083333333333,2469.603404511736,1040.0619916275082
798,3,2020-01-01,4264.2021538799245,2901.7050779615756,5706.6671933923735,4089.6666666666665,232.79784612007552,-1209.6671933923735
799,3,2020-01-01,2847.5689959414435,1939.5023647042494,3576.461278756265,2627.0833333333335,143.51433739188997,-585.3779454229316
801,3,2020-01-01,1980.6980406922094,1399.0306355304263,2774.129266342109,1931.25,128.30195930779064,-665.1292663421091
802,3,2020-01-01,5214.394428014723,3864.6623118785346,6803.681696628863,4989.333333333333,427.02223865194264,-1162.2650299621973
803,3,2020-01-01,3386.7941163288533,2162.944933291516,4214.16170107317,3873.9166666666665,772.7892170044797,-54.57836773983672
804,3,2020-01-01,4206.962929769841,3301.046949743086,5197.401334773378,2521.0,-1176.2129297698411,-2166.651334773378
807,3,2020-01-01,2123.36441353942,1517.4420606297272,3328.873759548077,3207.25,1257.9689197939133,52.45957378525645
808,3,2020-01-01,7885.466022878348,6574.402634486499,9067.10688733504,3003.75,-4735.216022878348,-5916.85688733504
810,3,2020-01-01,5564.279122846847,4565.546978644813,6624.68434533787,1878.3333333333333,-3261.029122846847,-4321.43434533787
811,3,2020-01-01,7307.401838509868,5983.422670907428,8842.972778991612,7057.833333333333,154.0148281567981,-1381.5561123249463
814,3,2020-01-01,4019.7672357871916,2534.2220053155297,5332.969771459131,1358.5,-2200.2672357871916,-3513.469771459131
816,3,2020-01-01,2773.193989488421,2081.59643479867,3831.28546207454,3023.75,797.7226771782457,-260.3687954078737
819,3,2020-01-01,2666.639822610405,1768.4959295742062,3389.0573462385437,3124.5833333333335,954.5268440562618,232.10932042812328
820,3,2020-01-01,5734.188908761762,4800.288805325913,7262.787563200282,3491.8333333333335,-1948.772242095095,-3477.3708965336155
821,3,2020-01-01,1492.3120837851131,961.6895078536355,2480.618289942332,1501.25,203.18791621488685,-785.118289942332
822,3,2020-01-01,2251.9916507478897,1547.896325668261,3170.524799418089,2878.3333333333335,896.5083492521103,-22.02479941808906
823,3,2020-01-01,2895.12282642818,1970.013930605523,3978.525042527905,3458.0,996.6271735718201,-86.77504252790504
825,3,2020-01-01,7902.524403092012,6860.344956904349,9211.536715910805,4974.666666666667,-2628.441069758678,-3937.4533825774706
826,3,2020-01-01,2578.316402374979,1554.023566508569,3897.9010330167234,4808.75,2650.683597625021,1331.0989669832766
827,3,2020-01-01,2814.2290028372527,1917.2307604102616,3656.864743853104,2582.0,-92.47900283725266,-935.1147438531038
828,3,2020-01-01,5369.6726899131,4496.809207769855,6124.6760129356335,2992.1666666666665,-1769.9893565797665,-2524.9926796023
831,3,2020-01-01,3293.903608277824,2326.983231552068,4154.335987782491,3109.6666666666665,308.17972505550915,-552.2526544491584
832,3,2020-01-01,3782.7686889214715,2762.466518862154,5252.615604364274,4194.083333333333,530.1479777451946,-939.698937697608
837,3,2020-01-01,2581.1822397204282,1814.098627707999,3412.610023125992,3007.6666666666665,1083.3177602795718,251.88997687400797
839,3,2020-01-01,3236.3491722083727,2050.6002528277513,4687.108281243705,4532.0,1610.4841611249603,159.72505208962775
840,3,2020-01-01,17053.089002333167,14830.560308065322,19636.451771306864,7369.333333333333,-9113.9223356665,-11697.285104640197
843,3,2020-01-01,2627.252368308816,2172.037125753568,3074.676092781827,2360.4166666666665,-65.33570164214962,-512.7594261151603
844,3,2020-01-01,2159.040693906697,1353.6873435060747,3031.74943370579,1512.4166666666667,-526.2073605733635,-1398.9161003724566
845,3,2020-01-01,3975.803412708614,3402.834892083217,4668.730122382813,3059.1666666666665,-723.2200793752809,-1416.1467890494796
846,3,2020-01-01,7284.51107316135,6007.488428444589,8065.3776069393525,5646.75,-1147.0110731613504,-1927.8776069393525
847,3,2020-01-01,5778.939043458065,5020.369925257959,6837.237972580209,2322.0,-3127.355710124731,-4185.654639246875
848,3,2020-01-01,4428.771044840547,3166.3863522153392,6087.72207962077,5696.833333333333,1794.728955159453,135.77792037922973
849,3,2020-01-01,2167.9775713122003,1531.6809652705479,3400.4397165878036,3652.3333333333335,2018.1057620211336,785.6436167455304
850,3,2020-01-01,4534.329275493994,3404.6973272972864,5276.23347328019,3340.5833333333335,-800.162608827327,-1542.066806613523
851,3,2020-01-01,2584.5612573169883,1815.3876750325387,3418.4277571648786,2616.5833333333335,278.6887426830117,-555.1777571648786
852,3,2020-01-01,7059.314554304384,6194.926846410526,8158.499508765269,3346.3333333333335,-1361.8145543043838,-2460.9995087652687
855,3,2020-01-01,1740.2654368807728,1281.9261715498194,2343.6706427726203,1879.75,386.5678964525607,-216.83730943928686
856,3,2020-01-01,10965.114497299252,8464.495129289808,11991.85091858754,9526.5,-797.0311639659176,-1823.7675852542052
858,3,2020-01-01,5543.557070868424,4727.9751039519815,6651.211869297044,2564.5,-765.4737375350896,-1873.1285359637104
859,3,2020-01-01,3714.243050153925,2910.0772121824584,5078.476680913691,2710.9166666666665,-684.6597168205922,-2048.893347580358
860,3,2020-01-01,7624.683743166159,6257.055514657681,8988.617692982521,5232.583333333333,-1968.1837431661588,-3332.1176929825215
862,3,2020-01-01,4853.565017525592,3837.8560513937896,6047.161943889802,3573.5833333333335,-753.6483508589254,-1947.2452772231354
863,3,2020-01-01,2466.875042373459,1841.1703273879689,3439.372544163876,2867.1666666666665,549.7916242932074,-422.70587749720926
865,3,2020-01-01,6654.113932094264,5736.436175530387,7477.692731063961,3148.8333333333335,-3331.697265427597,-4155.276064397294
866,3,2020-01-01,4024.1377443897422,3128.541339272404,6065.71678105271,5158.666666666667,1418.0289222769247,-623.5501143860429
868,3,2020-01-01,5579.606017337662,4543.73899389345,6559.866123079372,2587.1666666666665,-2591.606017337662,-3571.8661230793723
869,3,2020-01-01,2566.7252098587733,1736.2978392447271,3434.2265840402642,2851.6666666666665,581.8581234745598,-285.6432507069312
870,3,2020-01-01,4360.106118658529,3089.738472062866,5745.47596697157,5966.083333333333,1941.2272146748037,555.8573663617626
871,3,2020-01-01,5062.928280782792,4341.0814850403385,5724.0649000925,1887.5,-2906.3449474494587,-3567.481566759166
872,3,2020-01-01,5224.81918621108,4317.514896316427,6381.201330417327,2625.4166666666665,-2283.2358528777468,-3439.617997083994
875,3,2020-01-01,1682.2153674384745,902.5272791556453,2234.5008185552456,3492.25,2074.0346325615255,1521.7491814447544
876,3,2020-01-01,3156.6702570452394,2240.7022033230246,4507.794095977734,4151.416666666667,1579.0797429547606,227.9559040222657
877,3,2020-01-01,4844.41484599788,3749.6106874612556,6050.953065376478,2859.75,-1364.4148459978796,-2570.9530653764778
879,3,2020-01-01,3086.52436811636,2405.08593117744,3687.9004097173556,1892.8333333333333,-738.5243681163602,-1339.9004097173556
882,3,2020-01-01,2592.045144577292,1841.972998674832,3389.917649861697,3061.9166666666665,853.0381887560411,55.16568347163593
883,3,2020-01-01,4391.065010297926,2953.7185658119242,6027.35559328564,4527.75,379.76832303540687,-1256.5222599523067
884,3,2020-01-01,4719.175152489634,3930.4300878229233,5621.269196240112,3567.6666666666665,-883.508485822967,-1785.6025295734457
885,3,2020-01-01,1502.44504195256,1024.115815241587,1994.6546930649893,2361.1666666666665,913.6382913807731,421.42864026834377
888,3,2020-01-01,2769.513097826353,1812.0884918019656,3970.1064083575056,2797.1666666666665,299.6535688403137,-900.9397416908391
890,3,2020-01-01,3443.2185823688496,2375.7878663694564,4698.710481808894,4348.416666666667,1193.5314176311504,-61.960481808893746
891,3,2020-01-01,3841.77158964931,2915.993732770783,4572.774316637754,2904.5,-378.68825631597656,-1109.6909833044206
895,3,2020-01-01,3309.9203919649626,2288.7309042628235,4018.3251834600624,2636.0,-78.67039196496262,-787.0751834600624
897,3,2020-01-01,1762.2825883164971,1152.2463953147985,2264.886288118336,2249.6666666666665,745.7174116835029,243.11371188166413
898,3,2020-01-01,2018.6757889695778,1392.4349614564053,2446.6489515126527,1657.75,-42.342455636244495,-470.3156181793195
900,3,2020-01-01,2925.900899333964,2060.9388179003035,3891.0251420877325,2741.3333333333335,289.59910066603607,-675.5251420877325
901,3,2020-01-01,2435.9018799033133,1631.6631477615078,3097.584520169238,3055.9166666666665,716.9314534300197,55.24881316409483
905,3,2020-01-01,7049.678199994728,5529.699945811656,8605.237164023532,8075.083333333333,1400.988466671938,-154.57049735686633
906,3,2020-01-01,3529.7873341654313,2427.235255380473,4603.577149858624,1762.8333333333333,-1132.0873341654315,-2205.877149858624
908,3,2020-01-01,3281.637038173045,2514.960545477138,4101.3890254858625,3854.6666666666665,791.4462951602882,-28.305692152529446
909,3,2020-01-01,13907.754961344495,11686.483308852577,14897.156106279734,4085.25,-3619.671628011163,-4609.0727729464015
912,3,2020-01-01,3191.252398733852,2213.747871732361,4259.574764785468,3949.5833333333335,982.3309345994821,-85.99143145213384
913,3,2020-01-01,1511.659149174641,1019.0855720101522,2291.5597566196016,2373.0,1143.6741841586925,363.7735767137319
914,3,2020-01-01,4989.368721730757,4076.2811374993225,5668.532148935571,3846.6666666666665,1024.464611602576,345.301184397762
917,3,2020-01-01,2252.19486414819,1326.706684572961,3226.979233590897,3408.3333333333335,1302.3884691851435,327.6040997424366
918,3,2020-01-01,3131.673680494665,2191.657680499,4043.5498982860245,2432.8333333333335,-203.25701382799798,-1115.1332316193575
920,3,2020-01-01,1444.2554060681653,1015.0747630198889,1838.2606853402212,2392.0,1186.3279272651682,792.3226479931122
921,3,2020-01-01,8047.561664115985,6736.753111321336,9433.922175369416,4501.083333333333,-3367.728330782652,-4754.088842036083
928,3,2020-01-01,2158.2434458085236,1216.4970815167922,3044.1141404382115,2695.5833333333335,1040.0065541914764,154.1358595617885
931,3,2020-01-01,3845.2258324899576,2618.3854896753887,5270.42459354628,5772.5,2415.2708341767093,990.0720731203864
932,3,2020-01-01,5590.463983679303,4710.879268884475,6929.194578918015,2847.6666666666665,-2412.213983679303,-3750.9445789180154
933,3,2020-01-01,2226.929095700894,1614.1745181062338,3326.469517785341,3607.5,1827.2375709657726,727.6971488813256
938,3,2020-01-01,4824.30662407079,3697.6470768063173,6355.515670133159,4244.5,-109.55662407079035,-1640.765670133159
939,3,2020-01-01,2823.773638987126,1764.2347471150774,3818.0541060430455,2901.5833333333335,568.5596943462074,-425.72077270971204
940,3,2020-01-01,3795.707398274661,2788.508477360534,4781.071387097162,3483.3333333333335,187.37593505867244,-797.9880537638287
942,3,2020-01-01,6049.031741569056,4681.383138803123,7654.8270321797145,4928.25,-581.8650749023891,-2187.6603655130475
944,3,2020-01-01,9474.902132897058,7417.57807073048,12063.543914549322,9942.333333333334,923.5145337696104,-1665.127247882654
946,3,2020-01-01,3013.671228901051,2174.8692369574974,3827.799709110744,3311.0833333333335,610.8354377656156,-203.2930424440774
947,3,2020-01-01,6242.99647742065,5070.907569232062,7227.257090490001,2886.4166666666665,-2935.913144087317,-3920.173757156668
948,3,2020-01-01,2611.2925476789824,1925.2175704541426,3306.442269198759,3093.25,656.4574523210176,-38.69226919875882
949,3,2020-01-01,5425.614984662108,3889.689507429979,6704.136511589156,5307.0,193.55168200455864,-1084.9698449224888
951,3,2020-01-01,2731.9221211185763,1991.491217099749,3378.8631625354164,2222.0,-128.58878778524286,-775.529829202083
952,3,2020-01-01,8590.77774881726,6505.64391422747,10584.147824915817,10564.583333333334,2637.3889178494082,644.0188417508507
954,3,2020-01-01,6008.4133066558325,5505.271973209642,7016.100885989055,3163.5833333333335,-2565.329973322499,-3573.017552655722
955,3,2020-01-01,1532.4231710429237,1161.6310706116747,2126.8174380609826,2828.6666666666665,1511.4934956237428,917.099228605684
957,3,2020-01-01,5272.7328971843535,3901.9990170517385,6400.657971054025,3149.0833333333335,-1545.39956385102,-2673.324637720692
961,3,2020-01-01,5345.860067177171,4339.668173489667,6429.733989325906,2221.6666666666665,-2593.360067177171,-3677.233989325906
962,3,2020-01-01,2306.383351044244,1670.985947233359,2810.9960148843033,2855.1666666666665,942.6999822890889,438.0873184490297
963,3,2020-01-01,2791.8399545215225,1878.7006287810655,4072.4070880751465,3476.1666666666665,1371.2433788118105,90.67624525818655
964,3,2020-01-01,2471.218808494812,1669.5822246489938,3370.386198436518,3785.1666666666665,1611.364524838521,712.197134896815
970,3,2020-01-01,3901.6775073879307,2815.659287624134,4954.742840982317,3723.4166666666665,375.1558259454023,-677.9095076489839
972,3,2020-01-01,6590.422042062915,5075.708577053536,8673.545492183788,4181.416666666667,53.66129127041859,-2029.4621588504542
973,3,2020-01-01,3330.6510253039555,2819.1820719800317,3894.4610237588436,2087.5833333333335,-895.567691970622,-1459.37769042551
976,3,2020-01-01,7279.697251089932,5474.478371739593,8794.347489276899,5222.416666666667,-1613.5305844232653,-3128.180822610232
977,3,2020-01-01,3584.236410139671,2348.6053054051968,4294.189424095464,1906.0833333333333,-1393.153076806338,-2103.1060907621313
979,3,2020-01-01,3195.8918975565566,2113.411635503583,4114.049796905082,2723.1666666666665,38.441435776776416,-879.716463571749
980,3,2020-01-01,2055.119760165475,1375.3945110342,2817.2903739764233,2004.5833333333333,187.63023983452513,-574.5403739764233
983,3,2020-01-01,3302.435545742814,2353.4282641827954,4207.961191056479,3999.4166666666665,922.4811209238519,16.955475610187023
984,3,2020-01-01,6430.844906250788,5760.46169722833,7704.3665521017265,2744.0,-3369.4282395841215,-4642.94988543506
985,3,2020-01-01,8565.600690635978,6946.121725028664,10333.025236841258,4304.5,-3801.017357302645,-5568.441903507925
986,3,2020-01-01,2728.6447095857934,1964.9058610623583,3682.1500670391065,4000.8333333333335,1783.3552904142066,829.8499329608935
987,3,2020-01-01,9724.303007341216,8463.777106098667,11323.007915634813,5127.666666666667,-4357.803007341216,-5956.507915634813
988,3,2020-01-01,3717.003185730367,2789.2359531417283,4938.976979868748,3319.3333333333335,-183.25318573036702,-1405.2269798687475
989,3,2020-01-01,14509.159144147961,9570.00164620106,19353.56913990725,9459.5,-4494.659144147961,-9339.06913990725
990,3,2020-01-01,2206.362835572864,1713.9377584945714,2797.2381621461686,2262.5,177.6371644271362,-413.23816214616863
992,3,2020-01-01,4763.61535950023,3554.320776462091,6409.753630126723,4573.416666666667,103.63464049977028,-1542.5036301267228
994,3,2020-01-01,1923.945563140266,1501.6888074086585,2536.822702336504,816.25,-784.9455631402659,-1397.8227023365039
996,3,2020-01-01,6308.288999464819,5125.6751213156895,7803.0188684172035,3349.5,-2546.372332798153,-4041.102201750537
997,3,2020-01-01,8223.002383581275,7159.723047711639,9367.050532944979,4580.25,-3391.4190502479423,-4535.467199611646
1002,3,2020-01-01,3.8485565700818247,3.8485565700818247,1979.0136776503484,3232.3333333333335,3444.8181100965853,1469.6529890163185
1003,3,2020-01-01,12560.552780014008,10399.973715305692,14280.708763382023,6710.5,-5353.886113347341,-7074.042096715356
1006,3,2020-01-01,3928.9778170564705,3157.758271818366,4981.203139041077,3712.5,256.10551627686255,-796.1198057077436
1008,3,2020-01-01,3010.804137662337,2104.4277290141927,3947.6454801330633,3788.5,1010.5291956709966,73.68785320027018
1009,3,2020-01-01,1640.1674759308023,1170.42251865878,2188.4194525411585,2394.4166666666665,1008.9158574025307,460.6638807921745
1012,3,2020-01-01,2005.2126851667692,1312.6387642706977,2847.2471972306926,2737.9166666666665,865.0373148332308,23.002802769307436
1016,3,2020-01-01,443.6244989141869,237.84216546202524,1059.2955372884492,46.083333333333336,-378.45783224752023,-994.1288706217825
1018,3,2020-01-01,6528.158265386481,5898.890101184848,7430.521249182813,2650.4166666666665,-3387.5749320531477,-4289.93791584948
1019,3,2020-01-01,4299.6886599667805,3061.613480893644,5391.792098059124,2494.0,-1535.105326633447,-2627.208764725791
1020,3,2020-01-01,6728.883842344437,5310.618282235321,7971.717412965579,4510.166666666667,-1762.3005090111028,-3005.1340796322447
1022,3,2020-01-01,5929.20656968584,4940.139550426881,7140.874861373379,2989.6666666666665,-2591.0399030191734,-3802.708194706712
1024,3,2020-01-01,3576.6702464926398,2425.0715212889845,4879.554806333109,5464.416666666667,2408.163086840694,1105.278527000225
1026,3,2020-01-01,2956.904248723326,2322.0845312311058,3451.128503375965,1418.0,-1178.4875820566592,-1672.7118367092983
1027,3,2020-01-01,5536.186669521037,4274.1028953461,6809.477901491788,5137.166666666667,234.47999714562957,-1038.8112348251207
1028,3,2020-01-01,7868.512755050421,5975.7339549559765,9648.470947076099,6760.166666666667,-413.84608838375425,-2193.804280409432
1029,3,2020-01-01,3065.792237762902,2101.6420319419667,4015.0555384599775,3049.0833333333335,463.957762237098,-485.30553845997747
1030,3,2020-01-01,2732.1277022989743,1830.26210387626,3496.4857419575105,3746.9166666666665,1251.2889643676922,486.930924709156
1031,3,2020-01-01,3726.9894710908943,2259.7199898898334,5143.2690447064,4480.166666666667,1261.7605289091057,-154.51904470639965
1034,3,2020-01-01,7183.502074581958,5626.188655820331,9222.645368206564,4630.75,-1977.8354079152914,-4016.978701539897
1039,3,2020-01-01,5041.836980135713,4240.137834439817,5680.464401934777,963.8333333333334,-3797.420313469046,-4436.04773526811
1041,3,2020-01-01,3253.486738309098,2389.8400427814213,4329.424696596354,2710.1666666666665,-90.65340497576517,-1166.5913632630209
1046,3,2020-01-01,6187.074726270077,5272.163284117077,7744.881240475534,3059.5833333333335,-781.40805960341,-2339.2145738088666
1047,3,2020-01-01,6120.445786759496,4753.020933292066,7653.111623639284,4462.833333333333,-1243.1957867594956,-2775.8616236392836
1048,3,2020-01-01,3566.667199827029,2338.8493736714045,5148.3624050246435,4489.833333333333,1561.582800172971,-20.11240502464352
1050,3,2020-01-01,7027.60473475288,5998.706006884068,7960.777690887049,2994.8333333333335,-3511.10473475288,-4444.277690887049
1052,3,2020-01-01,7206.498385324035,5596.566944178932,8893.472994363554,2350.8333333333335,-4565.915051990702,-6252.88966103022
1053,3,2020-01-01,7342.245364359307,6036.5230628269965,8821.023954282575,4630.916666666667,-2274.995364359307,-3753.773954282575
1054,3,2020-01-01,2419.619277538128,1771.2083695121667,3370.9035002160804,3839.75,1647.7973891285387,696.5131664505861
1058,3,2020-01-01,5216.210247984992,4467.491403787654,6341.404768581752,2933.0,-2061.7935813183253,-3186.9881019150857
1060,3,2020-01-01,2990.94929963284,2113.0937973661403,4152.154604059712,1795.5833333333333,-739.9492996328399,-1901.1546040597123
1063,3,2020-01-01,6023.500067077395,4998.464305642165,7081.64804233647,3158.1666666666665,-2540.7550670773953,-3598.90304233647
1066,3,2020-01-01,11435.796896465808,10049.131684794109,12807.878402667913,4510.333333333333,-6753.213563132475,-8125.29506933458
1067,3,2020-01-01,3913.1854068913813,2983.183306117398,5115.164777644341,3482.5,144.81459310861874,-1057.1647776443406
1069,3,2020-01-01,3961.9593474712433,3319.012352743692,5107.704657383511,3821.0,408.37398586208974,-737.3713240501784
1070,3,2020-01-01,3639.2567018286627,2613.592026822197,4980.637245397552,4294.0,896.2432981713373,-445.13724539755185
1072,3,2020-01-01,4094.4285822091115,3546.3788187320424,4979.732577569921,3334.75,-289.4285822091115,-1174.732577569921
1073,3,2020-01-01,3765.5346372159634,2753.6032182516687,4544.22380909475,2938.6666666666665,-468.03463721596336,-1246.7238090947503
1074,3,2020-01-01,2476.3625962349265,1855.029048583599,3423.8614382355954,2734.9166666666665,573.7357370984068,-373.76310490226206
1075,3,2020-01-01,6307.393363850234,5395.191650273479,7653.109483428922,4291.666666666667,-1552.143363850234,-2897.8594834289224
1076,3,2020-01-01,2773.8366665208173,1934.1275840787084,3789.746607728062,3111.8333333333335,670.2466668125162,-345.66327439472843
1077,3,2020-01-01,4627.643892540554,4404.017468883616,5090.024384130896,1003.6666666666666,-3303.1438925405537,-3765.5243841308957
1078,3,2020-01-01,5954.556368716443,4641.138167147215,7509.354873505805,4798.0,-546.6397020497761,-2101.438206839138
1079,3,2020-01-01,7787.444288949086,5528.847432249169,9645.272145225936,8607.833333333334,1275.1390443842483,-582.6888118926017
1080,3,2020-01-01,3054.216243012137,2359.4723879770722,3815.643632060015,2451.0833333333335,-390.21624301213706,-1151.643632060015
1081,3,2020-01-01,9374.98408852993,7305.272974543143,10948.227291710098,4222.166666666667,-2534.067421863264,-4107.310625043431
1082,3,2020-01-01,3167.0471826051335,2179.343304040551,4543.7548419553095,2827.8333333333335,-21.047182605133457,-1397.7548419553095
1083,3,2020-01-01,8779.37794610728,7725.37953051908,9975.575327382767,3214.0,-5186.127946107281,-6382.325327382767
1084,3,2020-01-01,4383.7600170349115,3057.461887668445,6165.852915733289,5355.166666666667,1488.8233162984225,-293.26958239995474
1086,3,2020-01-01,3691.974184031013,2346.748840758625,5380.354684509401,6356.166666666667,3207.025815968987,1518.6453154905994
1087,3,2020-01-01,2143.8123717986205,1344.3124783031533,3003.3909223639457,2583.0833333333335,767.1042948680465,-92.47425569727875
1088,3,2020-01-01,3216.27497357891,1971.2062218512667,4525.462534406396,2915.1666666666665,84.14169308775672,-1225.0458677397296
1089,3,2020-01-01,4200.265719071168,2934.2739781325913,5372.809286563002,4291.75,638.150947595499,-534.3926198963354
1091,3,2020-01-01,3678.839445837062,2191.8741855905146,5158.870789832628,4490.833333333333,1077.9938874962709,-402.03745649929533
1094,3,2020-01-01,2129.7467834760077,1352.7088396346774,3124.1585464053906,3453.5,1727.3365498573257,732.9247869279429
1095,3,2020-01-01,2657.691894823418,1913.96782536084,3361.486264343791,1909.8333333333333,-319.6918948234179,-1023.4862643437909
1096,3,2020-01-01,7009.439381120206,6202.64859378903,8077.2449587899755,3448.25,-3117.7727144535397,-4185.578292123309
1097,3,2020-01-01,2846.5072522630185,2058.5103932231023,3636.3042569102026,2695.25,267.326081070315,-522.4709235768692
1098,3,2020-01-01,18540.973313408384,16491.148062238903,19914.650081464064,2871.3333333333335,-9008.973313408384,-10382.650081464064
1100,3,2020-01-01,7363.336886745694,5594.663196643378,9268.203398877033,4984.583333333333,-2015.6702200790278,-3920.5367322103666
1102,3,2020-01-01,9451.914766236132,7482.836716303651,11425.12665345007,7894.416666666667,-941.831432902798,-2915.043320116736
1103,3,2020-01-01,4444.0538003594265,3599.912237831989,4939.879705639965,2143.5833333333335,-1838.470467026093,-2334.296372306632
1104,3,2020-01-01,6305.669088688702,5074.396469510949,7709.729946627186,3345.0833333333335,-2509.3357553553683,-3913.3966132938526
1105,3,2020-01-01,6604.0518962643555,5895.360982271254,7649.848805807849,1842.0,-4443.3852295976885,-5489.182139141183
1106,3,2020-01-01,2777.368205464421,2038.5590962143538,3474.8349177565055,1731.9166666666667,-856.618205464421,-1554.0849177565055
1107,3,2020-01-01,4188.804585844798,3259.9013400868894,5133.0444602620255,3376.3333333333335,-167.1379191781307,-1111.3777935953585
1114,3,2020-01-01,2629.6167731217074,1833.3545908643855,3369.8913259634583,3092.9166666666665,926.8832268782926,186.60867403654174
1115,3,2020-01-01,5935.882897885163,5003.149892502235,6809.121998063416,2516.5,-3046.3828978851634,-3919.621998063416
1116,3,2020-01-01,8766.305753014953,7780.36942629954,9744.738483521583,3542.4166666666665,-5045.47241968162,-6023.90515018825
1117,3,2020-01-01,8914.375787659823,7658.722952420704,9695.045266732348,2307.5833333333335,-6415.375787659823,-7196.045266732348
1118,3,2020-01-01,9800.712588873323,7478.7980906746725,12032.840171592357,6925.333333333333,-2130.2959222066565,-4362.423504925691
1121,3,2020-01-01,7940.378452119117,6064.611109163617,9951.351521156983,7030.416666666667,-387.62845211911736,-2398.601521156983
1123,3,2020-01-01,1748.2491458400016,1268.427113357667,2337.9195332445947,2324.6666666666665,958.5841874933315,368.9138000887383
1125,3,2020-01-01,4123.975274148082,2763.0285311888947,5685.733322488445,5409.75,1743.2747258519184,181.51667751155492
1127,3,2020-01-01,5205.991685499482,4458.705361494924,6055.596988746536,2965.8333333333335,-1901.4083521661482,-2751.0136554132027
1128,3,2020-01-01,2575.9087058127448,1748.5343536235716,3333.534693619991,2883.8333333333335,684.6746275205887,-72.95136028665729
1129,3,2020-01-01,6404.048894925587,5524.863895051305,7332.055675110797,2870.75,-3015.2155615922534,-3943.2223417774635
1130,3,2020-01-01,6410.16452535088,5263.07717627041,7668.761677045987,3696.25,-2301.7478586842126,-3560.3450103793202
1131,3,2020-01-01,7611.569035097154,6265.062708456495,8846.919999787,1640.1666666666667,-5536.902368430487,-6772.253333120333
1133,3,2020-01-01,2795.32444481966,1976.129118400194,3701.3223744062566,3883.25,1395.8422218470068,489.8442922604104
1135,3,2020-01-01,5228.074382905424,4178.450472509935,5763.837909361421,5667.5,664.7589504279094,128.9954239719118
1137,3,2020-01-01,3107.36752232184,2100.863510352574,4090.325565471936,2788.75,-49.200855655173655,-1032.1588988052695
1138,3,2020-01-01,6692.085793826365,5916.05705029093,8354.631172067711,3490.5,-2721.8357938263653,-4384.381172067711
1140,3,2020-01-01,4077.0408937694942,2921.15095027514,5354.75307338156,4612.583333333333,760.8757728971718,-516.8364067148941
1141,3,2020-01-01,3064.5102395630865,2087.623240060623,3765.2694452911564,2272.1666666666665,-288.01023956308654,-988.7694452911564
1142,3,2020-01-01,5128.512662480649,3359.122817856529,6867.470668661876,6606.0,1978.820670852684,239.86266467145742
1144,3,2020-01-01,6072.942124595085,4851.941798068039,6956.431703767596,2541.25,-3056.7754579284187,-3940.26503710093
1145,3,2020-01-01,8102.583096511133,6452.5161538054,9536.217011521856,6256.666666666667,-1527.9997631777987,-2961.633678188522
1147,3,2020-01-01,8586.960431771038,6499.286115750621,9812.066285394372,8724.333333333334,471.4562348956297,-753.6496187277044
1148,3,2020-01-01,3223.318543943931,2397.192302700978,4224.158327402543,3059.25,414.5981227227353,-586.2416607358768
1150,3,2020-01-01,5957.928299349955,4697.799202026716,7502.619500045492,5252.5,-357.51163268328764,-1902.2028333788248
1151,3,2020-01-01,604.6139943848557,447.94446979816564,797.9726988403334,76.66666666666667,-430.6139943848557,-623.9726988403334
1153,3,2020-01-01,760.3930339065631,552.8745679286466,1049.8584567571063,4833.833333333333,4117.106966093437,3827.641543242894
1155,3,2020-01-01,5532.837395804093,4502.589741102969,6453.12606842392,2457.8333333333335,-2774.2540624707594,-3694.542735090586
1156,3,2020-01-01,9921.221998972795,7751.026529778918,12034.957927304557,23349.916666666668,14217.944667693873,12104.208739362111
1163,3,2020-01-01,3439.3128225628575,1729.0331244080805,4869.453176102501,5597.5,2525.0205107704755,1094.880157230832
1164,3,2020-01-01,8054.929590952235,6126.754341191052,9931.13993875994,9140.583333333334,1200.8204090477648,-675.3899387599395
1166,3,2020-01-01,5497.0327642021075,4610.706657889701,6599.642813174941,3324.8333333333335,21.13390246455947,-1081.4761465082738
1168,3,2020-01-01,17789.437555826626,13820.241872960385,21451.644858112602,9139.416666666666,-4111.687555826626,-7773.894858112602
1169,3,2020-01-01,11588.16190801543,9866.980551493478,12899.651454826584,5158.416666666667,-5895.828574682097,-7207.31812149325
1170,3,2020-01-01,3524.111129766542,2822.3862179086427,4885.548018535768,3405.5833333333335,298.72220356679145,-1062.7146852024348
1171,3,2020-01-01,4248.9467569671215,3148.9263052412707,5333.647199373444,3267.8333333333335,-851.6967569671215,-1936.397199373444
1173,3,2020-01-01,4064.688068844567,2759.5797400505426,5549.36412314425,4308.583333333333,572.6452644887659,-912.0307898109168
1176,3,2020-01-01,6284.798182409997,5188.3628241871575,8080.820888648737,4779.0,-854.048182409997,-2650.0708886487373
1177,3,2020-01-01,3379.534783038918,2265.9288695729847,4937.329777765461,5389.333333333333,2266.215216961082,708.4202222345393
1179,3,2020-01-01,3137.531758581599,2092.3390043618674,4393.175421255421,4130.833333333333,1380.0515747517338,124.40791207791244
1180,3,2020-01-01,6289.445810573441,5245.592737226589,7206.115481511033,2995.0,-2926.695810573441,-3843.365481511033
1181,3,2020-01-01,4279.192706538307,3076.9942428518666,5723.138859648588,4298.416666666667,249.057293461693,-1194.8888596485876
1183,3,2020-01-01,2839.3156929520965,1979.4708191994116,3919.8339768089513,2735.0,-14.81569295209647,-1095.3339768089513
1184,3,2020-01-01,4250.539234217707,3306.383867734146,5330.067064817624,5730.416666666667,1895.6274324489596,816.0996018490432
1187,3,2020-01-01,1721.356412051746,1201.4202445413484,2499.288800966801,3944.5,2463.9769212815872,1686.0445323665322
1189,3,2020-01-01,2469.3070573471155,1684.5581285157928,3611.1939841545245,2631.8333333333335,440.1096093195515,-701.7773174878575
1190,3,2020-01-01,7176.990309739198,6173.806932625109,8432.018538230617,3698.5833333333335,-3006.573643072531,-4261.60187156395
1192,3,2020-01-01,1433.8891789969196,1163.6899924154482,1975.8261983843774,3335.5,1996.2308210030803,1454.2938016156224
1193,3,2020-01-01,3705.901547225014,2879.2536812481167,4495.712395079469,4309.75,807.9317861083191,18.120938253863642
1194,3,2020-01-01,4534.691681670553,3447.4140843189316,5661.054680873782,3170.0833333333335,-825.6916816705534,-1952.0546808737818
1195,3,2020-01-01,5431.257696020061,4605.449740435328,6625.19551244915,3391.3333333333335,-1595.0076960200613,-2788.9455124491496
1196,3,2020-01-01,4220.514622854013,3436.7601312287006,5344.219000437913,2907.9166666666665,-849.9312895206804,-1973.6356671045796
1198,3,2020-01-01,5921.173717905438,5176.560800341993,6757.187733580763,905.75,-4795.507051238771,-5631.521066914096
1201,3,2020-01-01,6137.263779638589,3926.91883855499,8361.612145252308,9622.083333333334,4072.819553694745,1848.4711880810264
1202,3,2020-01-01,1215.2525076622032,821.186595022338,1844.7589366043421,0.3333333333333333,-1092.16917432887,-1721.6756032710089
1203,3,2020-01-01,1449.9787507484277,1043.853287048205,2216.6032980467007,3461.4166666666665,2276.604582584905,1509.9800352866323
1204,3,2020-01-01,3320.030765388959,2316.360127916788,4803.14545267784,5786.666666666667,2686.135901277708,1203.0212139888272
1207,3,2020-01-01,7318.15808646886,5972.848697313082,8618.502281668407,4697.333333333333,-2200.4080864688603,-3500.752281668407
1208,3,2020-01-01,2973.2743175353553,2138.4205582573845,3809.3457689089846,2782.25,239.64234913131122,-596.4291022423181
1209,3,2020-01-01,9128.143914404125,7508.670628338512,10512.523064675746,5317.916666666667,-3385.060581070791,-4769.439731342412
1210,3,2020-01-01,3096.8512255279143,2278.296199686434,4101.523963788089,2877.5833333333335,29.565441138752703,-975.1072971214217
1211,3,2020-01-01,2986.686324816836,2030.078455476812,4168.246062615629,3187.4166666666665,471.73034184983044,-709.8293959489624
1213,3,2020-01-01,2610.2602592095845,1766.5430304425151,3475.25052629431,3631.5833333333335,1555.1564074570824,690.166140372357
1214,3,2020-01-01,5087.612354079632,3953.0187963338476,6390.812462902222,6039.166666666667,1485.2209792537024,182.0208704311117
1217,3,2020-01-01,4366.299261545968,3242.1465735409943,5469.752271892558,3749.3333333333335,-249.382594879301,-1352.8356052258914
1219,3,2020-01-01,6321.131965073225,4844.803495554919,7808.0920333345,4842.083333333333,-1103.7152984065588,-2590.675366667834
1221,3,2020-01-01,3346.852828968095,2350.849607430864,4371.4597266596,2562.25,-150.60282896809485,-1175.2097266596002
1222,3,2020-01-01,3811.7612189334336,3222.662144640545,4636.973822961111,2394.8333333333335,-859.2612189334336,-1684.4738229611112
1223,3,2020-01-01,6649.758780767933,2275.127450051855,7533.365765057657,15790.833333333334,9669.741219232066,8786.134234942343
1224,3,2020-01-01,7103.581424111892,5618.815445872233,8450.410539407172,4455.333333333333,-2103.4147574452263,-3450.243872740506
1225,3,2020-01-01,5721.34727609687,4492.4207175806605,6788.38753439928,5236.416666666667,-230.93060943020282,-1297.9708677326134
1226,3,2020-01-01,5169.168219728311,4114.2677162608925,6298.270574028133,3071.6666666666665,-1764.8348863949777,-2893.9372406947996
1227,3,2020-01-01,3697.3870780272496,2593.280097010548,5284.561944044731,5612.0,2296.2795886394174,709.1047226219362
1228,3,2020-01-01,3749.6351981550984,2860.928901397848,4890.0798680660555,3956.8333333333335,738.6981351782356,-401.74653473272156
1229,3,2020-01-01,4679.304801846989,3421.565531906668,6091.995489154145,4112.5,-119.804801846989,-1532.4954891541447
1234,3,2020-01-01,2024.820263226625,1697.4306447386105,2167.874412051634,5182.083333333333,3220.7630701067083,3077.708921281699
1236,3,2020-01-01,2723.223963987619,1929.6069370528376,3667.955582881282,2103.5833333333335,-56.39063065428536,-1001.1222495479487
1237,3,2020-01-01,6047.716250887421,5146.7070484895685,7306.973632283398,2679.1666666666665,-2978.5779175540874,-4237.8352989500645
1238,3,2020-01-01,9717.421849340086,7182.609064083206,11839.479541071785,8055.083333333333,-1164.4218493400858,-3286.479541071785
1239,3,2020-01-01,3495.1471168708813,2673.4206540871987,4621.098061767469,3173.4166666666665,-53.64711687088129,-1179.5980617674686
1240,3,2020-01-01,3055.653678534438,2325.126184149074,4039.623117081789,2651.1666666666665,-155.40367853443786,-1139.3731170817891
1241,3,2020-01-01,9773.680990389283,8150.476166320801,11178.302922370109,4116.333333333333,-5156.264323722617,-6560.886255703443
1242,3,2020-01-01,3053.7538233539813,2381.841365167007,4038.4831840064603,2542.4166666666665,-159.58715668731475,-1144.3165173397938
1243,3,2020-01-01,5847.93512510307,4828.006977803278,7195.29412927116,2907.0,-2478.7684584364038,-3826.1274626044938
1245,3,2020-01-01,3458.724971228593,2442.1326408444847,4468.122844869237,3575.0,557.6083621047405,-451.7895115359038
1246,3,2020-01-01,3008.3319342850823,2136.323752097354,4065.914573137512,2584.0,-18.748600951748813,-1076.3312398041785
1247,3,2020-01-01,4569.741112915768,3492.8680473922964,5870.072936736055,3679.3333333333335,-161.9911129157681,-1462.3229367360555
1248,3,2020-01-01,3155.7263357261777,2170.3805982900385,4190.041228879048,3615.5,646.1069976071558,-388.2078955457141
1250,3,2020-01-01,3032.2738625931515,2289.4501343644815,4016.846275968001,3208.25,606.642804073515,-377.9296093013345
1251,3,2020-01-01,3568.897876318503,2353.8890374705707,4383.206967507261,3512.5,361.6021236814968,-452.70696750726074
1253,3,2020-01-01,10041.809620118618,8259.210469114118,11110.44224969431,4895.75,-4721.892953451951,-5790.525583027643
1254,3,2020-01-01,2040.1826877095336,1463.466353271357,3041.4687046858676,2884.9166666666665,1193.2339789571329,191.94796198079894
1256,3,2020-01-01,6033.535403123385,5007.404124955086,7447.281403298801,4687.333333333333,-998.2020697900516,-2411.9480699654678
1257,3,2020-01-01,2174.3453122748274,1400.435312116062,2996.8632861901892,4021.5833333333335,2158.4046877251726,1335.8867138098108
1258,3,2020-01-01,3705.8890790712207,2624.199864383051,4827.199677077178,1289.1666666666667,-1917.3057457378873,-3038.616343743845
1259,3,2020-01-01,8272.034926325745,6329.415756121777,10477.872323099664,16022.416666666666,8350.965073674255,6145.127676900336
1260,3,2020-01-01,2097.041317811874,1325.0218848962872,2831.827814457489,3567.1666666666665,1973.2086821881262,1238.4221855425112
1261,3,2020-01-01,3913.185852313695,2802.4749291772773,5203.649731161547,5732.25,2475.814147686305,1185.3502688384533
1262,3,2020-01-01,1715.407099879747,1373.0690432161325,2173.6296097400855,2331.75,907.842900120253,449.62039025991453
1263,3,2020-01-01,2928.617545240608,2174.2074085739173,3797.3171749645967,3054.3333333333335,390.2157880927257,-478.4838416312632
1266,3,2020-01-01,2503.3260269598986,1724.8191741981047,3348.344437436586,3838.5833333333335,1823.4239730401014,978.4055625634142
1267,3,2020-01-01,3260.160628294925,2177.9984951718316,4396.006889047927,2659.3333333333335,-310.74396162825815,-1446.59022238126
1268,3,2020-01-01,1840.396234311015,1244.636683705071,2538.094129910557,2466.4166666666665,1157.603765688985,459.90587008944294
1269,3,2020-01-01,5457.665569649733,4200.0340074864835,6744.327767965806,3027.9166666666665,-1889.0822363163998,-3175.744434632473
1274,3,2020-01-01,8477.837226843849,6975.77208420589,9562.07695514889,4122.0,-4043.337226843849,-5127.57695514889
1276,3,2020-01-01,3692.433065602838,2787.813624145706,4937.708529238705,3482.75,-116.18306560283781,-1361.4585292387046
1279,3,2020-01-01,4903.623303066982,3933.4275416269297,6049.956671290645,5175.25,641.9600302663512,-504.3733379573123
1281,3,2020-01-01,1533.7672733552563,1039.1535181568122,2329.11590910922,2212.1666666666665,1010.0660599780767,214.71742422411307
1282,3,2020-01-01,3425.848806118968,2491.6889777139895,4450.799220733742,3437.4166666666665,488.81786054769873,-536.1325540670755
1283,3,2020-01-01,5672.381020587767,4508.874927586577,7427.17303913354,5306.083333333333,414.6189794122329,-1340.1730391335404
1284,3,2020-01-01,3955.9974229688537,3367.03788645864,4987.180764960687,3328.9166666666665,-536.9974229688537,-1568.1807649606872
1285,3,2020-01-01,6780.320170070005,5272.9293067718145,8559.925583881612,5441.5,-794.4868367366716,-2574.0922505482786
1286,3,2020-01-01,6204.04059813235,4978.668514990966,7807.780381711613,5131.5,-698.2072647990171,-2301.9470483782798
1288,3,2020-01-01,4353.622681063717,3544.8715548025516,5448.530272279204,3171.5833333333335,-775.5393477303837,-1870.4469389458704
1291,3,2020-01-01,3915.6312290960554,3073.636220742187,4781.1800314917455,2905.75,-795.9645624293889,-1661.513364825079
1293,3,2020-01-01,11129.003715450224,9391.616370839478,12777.841604692598,4114.5,-6368.337048783557,-8017.174938025931
1294,3,2020-01-01,5701.306007118901,4348.884391313996,7558.598968781025,4926.166666666667,-450.0560071189011,-2307.348968781025
1295,3,2020-01-01,6391.2661288298195,5522.608268273259,7264.256981368485,2314.3333333333335,-3603.7661288298195,-4476.756981368485
1296,3,2020-01-01,5024.846251667737,4252.94651022212,5880.592044439978,3890.25,-1035.7629183344038,-1891.5087111066446
1298,3,2020-01-01,1888.723150728017,1352.5723523347692,2465.51723948768,2133.5833333333335,513.5268492719831,-63.267239487679944
1299,3,2020-01-01,2638.7869700646497,1781.81993136252,3352.356048923775,3108.25,755.6296966020168,42.060617742891736
1300,3,2020-01-01,2859.113896045563,2275.33917083561,3487.8036459325685,1924.3333333333333,-527.6138960455628,-1156.3036459325685
1301,3,2020-01-01,4550.200058489468,2899.6557425527153,6087.7280330485555,5154.166666666667,1009.0499415105323,-528.4780330485555
1302,3,2020-01-01,4867.444503715664,4046.1965959062154,5750.883103435028,2415.6666666666665,-2005.5278370489973,-2888.9664367683613
1303,3,2020-01-01,3311.094798321511,2035.9613586735363,4619.711433063769,5161.416666666667,2142.821868345156,834.2052336028983
1305,3,2020-01-01,3066.8003820552317,2257.57067630006,3885.1868324787733,3247.5833333333335,554.3662846114353,-264.02016581210637
1307,3,2020-01-01,6992.6697454893265,5236.006194000063,8526.418524186529,7252.5,485.0802545106735,-1048.6685241865289
1313,3,2020-01-01,4530.7831944448535,3853.4654047403837,5206.225961801537,2514.3333333333335,-1805.5331944448535,-2480.975961801537
1314,3,2020-01-01,6302.626458481924,5347.353222070157,7514.969263200945,3283.6666666666665,-2597.1264584819237,-3809.4692632009446
1315,3,2020-01-01,2586.2980153986086,1913.6391211252048,3675.267202761087,2714.6666666666665,536.8686512680579,-552.1005360944205
1317,3,2020-01-01,1735.8325800754837,1300.7569293443921,2610.432599425324,2575.8333333333335,1285.0007532578497,410.40073390800944
1323,3,2020-01-01,4611.711936327648,3640.563779897976,5492.1329980062665,2617.8333333333335,-1674.045269660981,-2554.4663313395995
1324,3,2020-01-01,5021.866021607452,4040.0997670135807,6444.57588828264,3239.3333333333335,-1190.5326882741188,-2613.242554949307
1326,3,2020-01-01,4018.140981064908,3031.1522818513704,5536.894552139506,5540.75,1820.359018935092,301.60544786049377
1330,3,2020-01-01,7951.3977193521105,6424.952883072244,8875.667269063471,2950.3333333333335,-4613.314386018777,-5537.5839357301375
1331,3,2020-01-01,408.2466393180404,250.6422543786311,499.69454252003237,4085.5,3682.8366940152932,3591.388790813301
1332,3,2020-01-01,3498.4085836555155,2135.636214281035,4937.023406885106,5992.416666666667,2989.8414163444845,1551.226593114894
1334,3,2020-01-01,2217.7393703179064,1304.6111022538032,3199.2966760795007,3302.25,1427.5106296820936,445.9533239204993
1335,3,2020-01-01,7438.3768168006445,5834.65178464868,9432.455001778184,8153.75,1354.1231831993555,-639.9550017781839
1340,3,2020-01-01,16495.652910165383,14781.432705343079,18683.95101259822,4489.333333333333,-11424.819576832051,-13613.117679264888
1341,3,2020-01-01,4266.236516255212,3416.044784759372,5244.381488199739,2529.0833333333335,-1737.1531829218789,-2715.298154866405
1344,3,2020-01-01,4541.688456516298,3545.125065222365,5849.646220166021,3903.5833333333335,-129.93845651629817,-1437.8962201660206
1345,3,2020-01-01,4514.4823649844575,3788.6899283893395,5782.178007540061,1385.0,-2981.4823649844575,-4249.178007540061
1347,3,2020-01-01,3280.9602482673617,2188.682964068268,4678.617688865494,4618.166666666667,1708.7897517326383,311.1323111345064
1348,3,2020-01-01,787.1055588289905,576.4727692306649,1030.4838655685558,0.16666666666666666,-786.9388921623239,-1030.317198901889
1352,3,2020-01-01,2288.441667611901,1353.4374809005876,3011.1544357501725,3508.5,1721.2249990547657,998.512230916494
1353,3,2020-01-01,2648.240555855226,1863.42155672655,3828.6903029298055,3607.8333333333335,1355.676110811441,175.22636373686146
1356,3,2020-01-01,3005.7815637201456,2154.1292603657594,4047.2720519435957,2223.0,-451.78156372014564,-1493.2720519435957
1357,3,2020-01-01,3235.049878264845,2109.9497749171555,4465.8962314372675,950.8333333333334,-1940.3832115981784,-3171.2295647706005
1358,3,2020-01-01,1114.43890401768,727.6670084330431,1728.4954477013653,5744.166666666667,4736.06109598232,4122.004552298635
1360,3,2020-01-01,1657.4121325753576,1146.1580298888023,2526.751281850315,3239.5,2089.5878674246424,1220.248718149685
1361,3,2020-01-01,2915.7671488037677,1919.3151606346719,3984.241262141738,2392.8333333333335,-183.51714880376767,-1251.991262141738
1362,3,2020-01-01,3756.564640253871,2173.223953557423,4999.419719618372,6042.5,2871.185359746129,1628.3302803816277
1364,3,2020-01-01,609.1015744706177,450.1500612067425,893.4719806944096,0.25,-406.26824113728435,-690.6386473610762
1366,3,2020-01-01,3481.1530557088545,2658.5011038217626,4605.257822643657,3333.3333333333335,372.5969442911455,-751.5078226436572
1367,3,2020-01-01,2156.6552759965502,1526.0012430642491,3111.6961342627437,2854.5833333333335,962.6780573367832,7.637199070589759
1369,3,2020-01-01,4095.4163844593154,3347.786746873599,5120.929535600102,2987.8333333333335,-630.7497177926484,-1656.2628689334351
1370,3,2020-01-01,5299.678040940843,4101.570537846018,6917.8790159709915,4409.0,-538.5947076075099,-2156.7956826376585
1371,3,2020-01-01,3152.997031314937,2224.628831989735,4508.379274749066,4127.416666666667,1199.16963535173,-156.21260808239913
1376,3,2020-01-01,4945.911252950937,4029.721474682023,6623.728534902511,5168.25,910.9220803823964,-766.8952015691775
1378,3,2020-01-01,4701.546681769241,3974.0828699741733,6027.6730575878155,3400.8333333333335,-740.2133484359078,-2066.339724254482
1379,3,2020-01-01,6101.608306489291,5299.276559367546,6846.849046499557,2867.3333333333335,-2867.191639822624,-3612.4323798328896
1381,3,2020-01-01,5745.035846412773,4362.069630111051,6689.685185469955,2459.75,-2544.7025130794395,-3489.351852136622
1382,3,2020-01-01,6820.775462180397,6002.421390813231,7400.487893651169,2156.9166666666665,-2311.358795513731,-2891.0712269845026
1383,3,2020-01-01,6159.118301808224,5197.601783692746,7421.408590423696,4994.833333333333,-963.7016351415577,-2225.9919237570302
1384,3,2020-01-01,4160.244852664587,3335.925219067667,5289.098158712499,1917.5833333333333,-1801.8281859979202,-2930.6814920458323
1385,3,2020-01-01,7793.940479699743,6635.789308985419,9622.928425008049,6858.166666666667,-567.6904796997433,-2396.678425008049
1391,3,2020-01-01,8139.700908324415,6537.981102364189,9470.637499502936,4266.333333333333,-3682.9075749910817,-5013.844166169603
1393,3,2020-01-01,3982.7228940963446,3215.337438495945,4952.783611090857,2871.6666666666665,-534.3062274296781,-1504.366944424191
1394,3,2020-01-01,4625.74715741972,3419.382981662992,6079.560882005513,4821.083333333333,645.1695092469463,-808.6442153388471
1397,3,2020-01-01,3082.1684550359005,2064.7273623244446,4230.38693088758,3032.3333333333335,249.914878297433,-898.3035975542466
1398,3,2020-01-01,7593.902522796091,6539.986861952006,8850.291807535978,5905.166666666667,-1519.402522796091,-2775.7918075359776
1403,3,2020-01-01,9653.690915695368,7898.869731252124,10712.539803364138,2045.4166666666667,-7295.440915695368,-8354.289803364138
1404,3,2020-01-01,2009.8058715330583,1330.6341343223444,3183.575338034405,3039.3333333333335,1303.5274618002752,129.75799529892856
1405,3,2020-01-01,5728.892438448439,4581.676451374643,7145.62265659611,4062.9166666666665,-1302.392438448439,-2719.1226565961097
1406,3,2020-01-01,1498.456800887434,976.751682032813,2136.6029318560686,1976.5,615.8765324458996,-22.269598522735123
1407,3,2020-01-01,7840.507777744319,6638.665652945289,8719.4363167773,3372.75,-4096.424444410986,-4975.352983443967
1411,3,2020-01-01,5449.568211393387,4334.786444445619,6643.044681134861,5750.583333333333,480.5984552732789,-712.878014468195
1412,3,2020-01-01,6874.459895792039,5381.105107746304,8363.423492268465,4513.833333333333,-1821.4598957920389,-3310.4234922684645
1413,3,2020-01-01,3149.2745606010726,2432.046064492083,4199.788888838293,2597.5,-382.6912272677391,-1433.2055555049596
1416,3,2020-01-01,5654.784036048212,4607.551823703416,7180.784753750136,4062.5,-1143.3673693815454,-2669.3680870834687
1417,3,2020-01-01,4272.034915507042,3116.750929856209,5475.750606119231,4390.0,485.54841782629137,-718.1672727858977
1421,3,2020-01-01,2555.207833587018,1497.0997461983147,3466.614798999878,2748.75,545.9588330796487,-365.44813233321156
1422,3,2020-01-01,3291.2800872498838,2381.0096482636573,4399.859136174049,3004.3333333333335,21.80324608344972,-1086.7758028407156
1424,3,2020-01-01,4440.996160958294,3997.50187821072,5006.925364346094,1279.0,-975.4961609582942,-1541.4253643460943
1425,3,2020-01-01,3984.32963739093,3164.4734711859346,4725.685974171107,1602.0833333333333,-2150.4963040575967,-2891.852640837774
1427,3,2020-01-01,5562.063894955303,3135.9730983387826,7356.993306741507,8406.666666666666,3201.102771711363,1406.1733599251593
1428,3,2020-01-01,1187.1838537416818,892.749463967938,1593.9537929183468,2372.6666666666665,1357.6494795916512,950.8795404149862
1429,3,2020-01-01,3624.311868636402,2385.948064948161,5131.002274668983,2796.3333333333335,-392.7285353030684,-1899.4189413356494
1430,3,2020-01-01,3954.0788941540563,2799.4079229979807,5606.827445660356,2803.5,-605.2455608207229,-2257.9941123270223
1432,3,2020-01-01,5101.398491321479,3852.64062153789,6490.058381904276,5812.25,1032.934842011854,-355.7250485709428
1433,3,2020-01-01,5788.4893467023885,4893.546912902136,7006.863341280961,4005.0,-1223.6560133690555,-2442.0300079476283
1434,3,2020-01-01,1777.7621570067618,1052.4702112190903,2484.363234727939,3407.5833333333335,2068.904509659905,1362.303431938728
1435,3,2020-01-01,7217.554612219545,5926.409945265757,8811.67877668521,7668.083333333333,1158.2153877804558,-435.9087766852099
1437,3,2020-01-01,3474.70285810884,2406.2936586785745,4576.795396244044,3733.9166666666665,584.0471418911602,-518.0453962440442
1439,3,2020-01-01,1448.4018665104904,994.2122989477041,1833.101365779422,2447.5833333333335,1029.181466822843,644.4819675539115
1442,3,2020-01-01,5433.274933715569,4499.510334537103,6512.290980733766,2536.0,-2642.024933715569,-3721.0409807337664
1443,3,2020-01-01,5488.967922198689,4385.46622854437,6521.6555346754685,2918.0,-2221.3012555320224,-3253.988868008802
1444,3,2020-01-01,8289.6792669698,6537.109656336649,10122.787363394531,5573.75,-2182.0126003031337,-4015.120696727864
1445,3,2020-01-01,2783.0024311885695,1889.176371992003,3414.5821102054547,2328.25,34.24756881143048,-597.3321102054547
1446,3,2020-01-01,2424.9559922084613,1701.878869413497,3253.6210109699073,2346.9166666666665,320.1273411248717,-508.53767763657424
1448,3,2020-01-01,6208.946515889331,5191.454763615851,7437.610961207876,3211.5833333333335,-2547.029849222664,-3775.6942945412093
1449,3,2020-01-01,3011.2376033254855,2214.3922265944584,3775.445757935385,2342.0,-211.32093665881894,-975.5290912687183
1451,3,2020-01-01,9114.86707976816,7763.674557805114,10055.298264033612,1423.1666666666667,-7214.783746434827,-8155.214930700278
1452,3,2020-01-01,12983.5488715522,8585.342035210206,14533.709249749883,16147.75,7574.117795114467,6023.9574169167845
1453,3,2020-01-01,4545.47024519396,3768.852499256957,5559.015539672808,3010.1666666666665,-1036.3035785272937,-2049.8488730061413
1455,3,2020-01-01,2204.163974618299,1466.888587146177,3133.5717703972805,2860.8333333333335,916.2526920483679,-13.155103730613519
1456,3,2020-01-01,6221.8253795434075,5588.376749463941,6995.451275951991,2602.5833333333335,-3420.4087128767405,-4194.034609285324
1458,3,2020-01-01,2415.411247857351,1646.5032344481065,3235.031943051081,2979.5833333333335,776.6720854759824,-42.94860971774733
1459,3,2020-01-01,5234.885854118175,4284.767731518463,5764.804723151751,2614.0833333333335,-413.71918745150833,-943.6380564850842
1461,3,2020-01-01,2886.813457256689,2133.900896456837,3701.4425172134142,4003.1666666666665,1644.603209409977,829.9741494532518
1463,3,2020-01-01,5410.495393867125,4627.892559920798,5948.622859229759,813.8333333333334,-4423.078727200458,-4961.206192563092
1464,3,2020-01-01,6068.067423826455,4850.050758467513,7530.330766357808,4130.75,-1758.1507571597876,-3220.414099691141
1466,3,2020-01-01,3879.8512212325995,3299.927186455361,4776.616892561657,2994.4166666666665,-597.0178878992665,-1493.7835592283236
1467,3,2020-01-01,4501.819387244754,3384.203838125857,5985.65456229697,4437.833333333333,336.0972794219124,-1147.7378956303037
1470,3,2020-01-01,2022.2071655361262,1476.615471697451,2635.3917488139487,1864.25,-102.20716553612624,-715.3917488139487
1471,3,2020-01-01,3257.6749191756353,2774.461981685188,3753.8525474509775,1823.0,-1261.6749191756353,-1757.8525474509775
1473,3,2020-01-01,2659.853366908002,1815.6285675220274,3488.439413393323,3452.25,1210.146633091998,381.56058660667713
1475,3,2020-01-01,5003.938369261113,4517.206478780232,5756.695187934179,3525.5,-988.6883692611127,-1741.4451879341786
1477,3,2020-01-01,3059.965987868593,2097.1634285880673,4116.789947441856,3896.9166666666665,1467.950678798073,411.1267192248097
1478,3,2020-01-01,3776.015923983585,2754.516812298947,4879.005089942146,3708.8333333333335,428.15074268308217,-674.8384232754788
1479,3,2020-01-01,1987.6170509362985,1379.4462224742463,2440.104026674847,2219.25,665.549615730368,213.06263999181965
1482,3,2020-01-01,5630.811073245227,4087.945289275978,7037.452621090881,7429.333333333333,2202.522260088106,795.8807122424523
1484,3,2020-01-01,5348.094285266767,4034.1344095696454,6381.384481255277,4811.0,-115.51095193343372,-1148.801147921944
1485,3,2020-01-01,4067.074320721836,3099.336863107709,5187.042228560663,4146.333333333333,237.34234594482996,-882.6255618939967
1486,3,2020-01-01,1562.246073785414,1045.570639367715,1981.6290156351438,1942.25,568.753926214586,149.3709843648562
1487,3,2020-01-01,10193.242802198403,8077.723043737422,12186.32930837878,6705.333333333333,-3135.2428021984033,-5128.329308378779
1488,3,2020-01-01,2778.0004427556823,2062.840856157436,3876.544808674831,3424.25,851.9995572443177,-246.54480867483107
1490,3,2020-01-01,3568.9391252598166,2609.766352549848,4634.969319351561,3486.5833333333335,554.4775414068504,-511.5526526848944
1492,3,2020-01-01,4530.699501495593,3139.5718778879163,6094.20816916951,4719.583333333333,568.0504985044072,-995.4581691695103
1493,3,2020-01-01,5828.869840943935,4301.570223800047,7459.275484966646,4544.75,-829.5365076106018,-2459.942151633313
1494,3,2020-01-01,1751.3966031616046,1140.8151132244625,2484.2617071097843,2410.9166666666665,834.1867301717284,101.32162622354872
1495,3,2020-01-01,5983.769539886004,4576.019715240039,7347.480080603244,5286.083333333333,-102.43620655267114,-1466.1467472699105
1497,3,2020-01-01,3698.248346430847,3064.7212391377125,4911.914316847431,2962.75,-408.33167976418054,-1621.9976501807646
1498,3,2020-01-01,3720.5756072399754,2335.6745059042105,5268.945151551886,4232.5,728.0077260933576,-820.3618182185528
1499,3,2020-01-01,1762.3253305024496,1196.4697646527234,2470.9980390845767,3440.5833333333335,1933.5913361642174,1224.9186275820903
1500,3,2020-01-01,3719.2715315065275,2899.122750841902,5060.8381461962545,4408.666666666667,983.1451351601395,-358.4214795295875
1503,3,2020-01-01,2325.196164552745,1499.2275935281841,3193.8244091501865,3585.0833333333335,1732.803835447255,864.1755908498135
1504,3,2020-01-01,2880.349823742378,2084.700223040159,3520.32298761188,1068.8333333333333,-1404.1831570757113,-2044.1563209452133
1507,3,2020-01-01,1838.3609929445472,1240.827472084928,2854.92378461945,3695.3333333333335,2186.5556737221195,1169.9928820472169
1508,3,2020-01-01,1650.6514909839848,1132.9758092545808,2311.32872319178,3249.9166666666665,1694.2651756826817,1033.5879434748863
1509,3,2020-01-01,3356.343361742846,2393.647260424977,4120.844773154021,3923.9166666666665,897.9066382571541,133.4052268459791
1511,3,2020-01-01,3709.551269250935,2871.9821801415364,4596.202000967664,4023.25,555.4487307490649,-331.2020009676644
1512,3,2020-01-01,3925.8095305991524,2763.893135793444,5355.445696462173,5584.0,2147.0238027341807,717.3876368711599
1513,3,2020-01-01,6072.838744176771,4726.579319321599,7781.217140633849,5478.0,-85.25541084343786,-1793.6338073005163
1514,3,2020-01-01,2641.5099618863574,1898.124326012466,3581.477201750967,3077.0833333333335,988.5733714469761,48.60613158236629
1515,3,2020-01-01,3574.878227975072,2831.9293492251195,4632.151850913062,2538.0833333333335,-937.8782279750722,-1995.151850913062
1516,3,2020-01-01,5101.001420270539,3634.4700433324324,6353.502312632402,5735.583333333333,1173.2485797294612,-79.25231263240221
1517,3,2020-01-01,5001.550779945814,3684.659976709042,6667.635568866044,10295.0,5682.78255338752,4016.6977644672897
1518,3,2020-01-01,2963.8025887068375,2171.7536389164293,3903.427478907525,3148.75,432.530744626496,-507.0941455741913
1519,3,2020-01-01,2846.7267890355547,2026.3311567390394,3775.9300224259323,3334.3333333333335,694.6898776311123,-234.51335575926532
1520,3,2020-01-01,3652.3822354902336,3296.542253206416,6728.301931984895,3934.4166666666665,446.45109784309943,-2629.4685986515624
1521,3,2020-01-01,1991.824074664084,1435.1429743773697,2721.1704899746615,1631.75,66.75925866924945,-662.587156641328
1523,3,2020-01-01,1850.1038429099094,1310.213813927528,2909.240438603034,3305.0833333333335,1829.6461570900906,770.5095613969661
1525,3,2020-01-01,2881.548013888038,1988.452815955675,3524.023414388068,3249.5,656.2853194452955,13.809918945265508
1526,3,2020-01-01,2455.0841954756243,1711.357452023744,3374.172301615141,2844.75,604.7491378577092,-314.3389682818074
1527,3,2020-01-01,4101.578202431064,2957.847150741984,5545.280438237499,4210.25,575.0051309022692,-868.6971049041658
1528,3,2020-01-01,10202.23305755031,9183.03959223288,10932.47667188309,2332.6666666666665,-7534.233057550309,-8264.47667188309
1529,3,2020-01-01,5590.660573882434,4270.696018476613,6851.430629679635,6358.75,1215.2560927842333,-45.513963012967906
1530,3,2020-01-01,857.2803598672701,493.42969924412364,1205.0046391906305,148.75,-338.3636932006034,-686.0879725239638
1531,3,2020-01-01,1911.1800772710108,1421.7756373262168,2406.1398719125036,2466.1666666666665,725.4032560623223,230.4434614208294
1533,3,2020-01-01,5208.177447706123,3644.7418124194337,6546.264709503819,4117.666666666667,-748.1774477061226,-2086.264709503819
1534,3,2020-01-01,10126.149798085546,8404.350593998508,11891.14640509226,6732.833333333333,-2909.7331314188796,-4674.729738425594
1535,3,2020-01-01,3197.9980754371636,2392.7610973076253,4287.489002851373,2775.9166666666665,-185.8314087704971,-1275.3223361847063
1538,3,2020-01-01,3774.439668622223,3244.6371606372113,4644.000681000866,1964.3333333333333,-1608.439668622223,-2478.0006810008663
1540,3,2020-01-01,7794.941299266137,6513.290675860037,8600.994981190324,3736.5833333333335,-3539.1912992661373,-4345.244981190324
1541,3,2020-01-01,4508.82900071708,3768.15100787156,5419.830610013748,3118.5,-1027.7456673837464,-1938.7472766804144
1542,3,2020-01-01,1888.136271342761,1429.4484918964586,2297.174625822084,4630.416666666667,2958.6137286572393,2549.575374177916
1543,3,2020-01-01,10286.880602124927,7928.816794851996,11794.522065575467,8830.25,-898.4639354582614,-2406.1053989088014
1544,3,2020-01-01,6182.810150554666,5363.228708909287,7071.394269527684,2778.25,-3159.3101505546656,-4047.8942695276837
1546,3,2020-01-01,2985.6585897634654,1993.8849785916218,4101.336511285862,3361.3333333333335,820.7580769032015,-294.9198446191949
1549,3,2020-01-01,3736.85748435858,2243.069582474202,5163.43909375706,5279.583333333333,1849.6425156414198,423.0609062429403
1551,3,2020-01-01,8750.825188980698,7708.608548486147,9634.87973759326,2974.9166666666665,-5238.325188980698,-6122.379737593261
1552,3,2020-01-01,4955.001904865452,4005.6752398233284,5969.96999597409,3787.5,-887.5019048654522,-1902.4699959740901
1555,3,2020-01-01,2904.3754629619443,1884.503204270704,3906.6080582714626,3309.0,715.7912037047222,-286.4413916047961
1556,3,2020-01-01,2261.159526795236,1510.8743808202091,3203.2944191476417,4023.0833333333335,2141.590473204764,1199.4555808523583
1557,3,2020-01-01,1897.585151038007,1200.5923545392689,3117.0644508192336,4024.5833333333335,2395.164848961993,1175.6855491807664
1558,3,2020-01-01,7969.584581639646,6899.366614288915,9440.690888542877,4277.5,-3421.586248306313,-4892.692555209544
1559,3,2020-01-01,9591.121773928991,8194.66560021181,11056.959308711135,4903.833333333333,-2426.6217739289914,-3892.4593087111352
1560,3,2020-01-01,2613.9112748215334,1820.7297318533156,3341.9031166160235,1537.6666666666667,-741.7446081548667,-1469.7364499493567
1561,3,2020-01-01,4982.124597695845,3619.6331829313212,6582.711332968032,4251.166666666667,246.29206897082167,-1354.2946663013654
1562,3,2020-01-01,2024.0057031749752,1565.598827513289,2621.7988524379402,2127.0,505.4109634916913,-92.38218577127373
1563,3,2020-01-01,3577.782182334139,3121.3807785274576,4199.688090470984,1881.9166666666667,-1320.6988490008057,-1942.6047571376507
1564,3,2020-01-01,2409.0843581194345,1708.7949012901095,3458.9107953052844,3162.25,1272.332308547232,222.5058713613821
1567,3,2020-01-01,4835.413512375128,3949.0510859285278,6094.513331765595,3381.3333333333335,-1324.830179041795,-2583.929998432261
1568,3,2020-01-01,4760.188787802201,4086.358382739121,5967.192028173005,3581.3333333333335,-825.6054544688673,-2032.608694839672
1569,3,2020-01-01,3519.6879157579174,2474.7276026820336,4637.720550376562,3256.8333333333335,390.3954175754161,-727.6372170432282
1571,3,2020-01-01,3860.026480245637,2548.2336471118197,4705.97249953813,4276.333333333333,1016.8068530876963,170.86083379520278
1575,3,2020-01-01,12474.493373998575,11156.340852208632,14359.129061046919,4803.833333333333,-7182.660040665242,-9067.295727713587
1576,3,2020-01-01,5048.935241762164,4044.286936833417,6353.6477687436745,3063.6666666666665,-1308.2685750954975,-2612.981102077008
1577,3,2020-01-01,2110.6869288177136,1481.758985512552,3332.8360650512495,3395.4166666666665,1882.1464045156195,659.9972682820835
1579,3,2020-01-01,2807.4883663977475,1969.9739388215914,3371.3560948015697,2382.8333333333335,-370.82169973108057,-934.6894281349028
1581,3,2020-01-01,3210.071769898,2216.608369120503,4414.076780826996,3694.5,939.5948967686668,-264.4101141603287
1582,3,2020-01-01,5516.620780945333,4038.6663903664785,6905.595382359102,4956.583333333333,-63.370780945332626,-1452.3453823591017
1583,3,2020-01-01,1819.8300471928158,1259.748558084648,2178.6591024854156,4403.666666666667,2867.669952807184,2508.8408975145844
1584,3,2020-01-01,2753.730238080388,1806.474077231624,3429.090886809088,3894.4166666666665,1367.603095252945,692.2424465242452
1585,3,2020-01-01,5835.162481459133,4617.307100887419,6656.770080500959,3519.0833333333335,-1963.2458147924663,-2784.853413834292
1586,3,2020-01-01,5713.419043913217,4532.231390637402,6935.64569071961,4720.0,-341.00237724655017,-1563.2290240529428
1587,3,2020-01-01,10072.41041870684,8241.623644708981,11344.458166773795,6834.916666666667,-3070.9937520401736,-4343.041500107128
1589,3,2020-01-01,2154.7242396876973,1522.6183003627148,2782.722555574309,2291.1666666666665,390.60909364563577,-237.38922224097587
1591,3,2020-01-01,5779.619680619966,4853.704131960361,7033.852590020066,2809.75,-2455.2863472866325,-3709.519256686732
1594,3,2020-01-01,2227.375722634323,1564.563053516119,2949.6544075285788,2998.1666666666665,1044.7909440323433,322.51225913808776
1595,3,2020-01-01,11610.790763829931,10147.392542760967,13184.434674324712,4338.583333333333,-6941.919097163265,-8515.563007658046
1596,3,2020-01-01,6133.0995232941505,5151.012101887926,7035.188262095145,2647.6666666666665,-3166.3495232941505,-4068.4382620951446
1598,3,2020-01-01,1479.3889354742907,1067.062497765989,1918.9778739363849,2177.1666666666665,961.6110645257093,522.0221260636151
1600,3,2020-01-01,5237.441465075658,3512.4886215221445,6750.613406587558,8432.75,3674.391868257676,2161.2199267457763
1602,3,2020-01-01,2071.3274739532,1452.5226635830627,2756.95442340742,2488.6666666666665,656.0891927134667,-29.537756740753593
1603,3,2020-01-01,3213.4345818336483,2215.5137328237774,4237.790018359255,3234.3333333333335,406.4820848330187,-617.8733516925877
1604,3,2020-01-01,5902.064047474589,5164.046408730986,6765.314509688472,2609.0,-1106.9807141412548,-1970.231176355138
1605,3,2020-01-01,3670.9897984037098,2905.5503103112133,4691.525106334339,3278.0,-96.90646507037627,-1117.441773001006
1606,3,2020-01-01,3418.9938299867345,2500.261265169219,5104.191776700099,4312.916666666667,1161.5895033465995,-523.6084433667647
1609,3,2020-01-01,4299.167717752383,2976.4807386668854,5692.1740438148445,7304.916666666667,3546.5822822476166,2153.5759561851555
1610,3,2020-01-01,2863.713943796623,2300.0769060612934,3267.531862644085,2330.5833333333335,-182.13061046328949,-585.9485293107514
1613,3,2020-01-01,5100.833370146248,3929.0490715907154,6340.725136624824,3677.8333333333335,-734.583370146248,-1974.4751366248238
1615,3,2020-01-01,2925.2768866026113,2104.3569865892164,3861.4417738018674,4057.5,1295.3064467307217,359.14155953146565
1616,3,2020-01-01,6100.479917987381,4945.391403084116,7439.885748416117,7855.0,2161.5200820126192,822.1142515838828
1618,3,2020-01-01,4305.210329504986,3249.0082842725665,5825.920547347663,5886.166666666667,1822.7063371616814,301.9961193190038
1619,3,2020-01-01,1759.8022293663767,1110.0704029052295,2342.2636932971895,2673.8333333333335,1037.3644373002903,454.9029733694774
1621,3,2020-01-01,4126.7322337274245,2897.424267141606,5433.862895270071,6171.583333333333,2408.4344329392416,1101.303771396595
1622,3,2020-01-01,5082.2272936581885,3409.9399848645844,6110.751282820253,6605.916666666667,2045.0227063418115,1016.4987171797466
1623,3,2020-01-01,2569.2167827101425,1817.9385741026867,3369.527464867776,2935.5833333333335,828.7832172898575,28.47253513222404
1626,3,2020-01-01,6733.50956243614,5203.513213718538,8392.479184266716,5024.333333333333,-1532.5095624361402,-3191.4791842667164
1629,3,2020-01-01,3974.631471880362,3279.1199179368286,4379.003205253274,2451.8333333333335,-1275.7981385470284,-1680.1698719199408
1633,3,2020-01-01,2763.795313138765,1915.7189437854508,3759.4419570280916,3577.25,1070.5380201945686,74.89137630524192
1634,3,2020-01-01,1635.9901738943227,1144.1179459846971,2163.3731826911626,1714.75,157.00982610567735,-370.3731826911626
1635,3,2020-01-01,2884.760683192736,1996.9596047858745,3727.6921553047478,3527.6666666666665,1260.322650140597,417.3911780285853
1636,3,2020-01-01,2258.410449989718,1624.3432560598312,3057.5412116859475,2049.8333333333335,294.25621667694895,-504.8745450192805
1638,3,2020-01-01,4922.283959434633,4022.3724629701255,6070.575745053497,4818.666666666667,334.9660405653667,-813.3257450534966
1639,3,2020-01-01,8411.371748217784,7070.678946890747,10140.253011283616,4132.916666666667,-3595.8717482177835,-5324.753011283616
1640,3,2020-01-01,2285.6688457494606,1624.0712632266655,3526.877707335992,2912.8333333333335,873.1644875838729,-368.0443740026585
1642,3,2020-01-01,3082.5380213302055,2221.0702518464714,4164.072399255891,3372.5,558.9619786697945,-522.5723992558906
1644,3,2020-01-01,4104.164756574317,3470.849343544333,4983.978286126153,2661.9166666666665,-1356.664756574317,-2236.478286126153
1645,3,2020-01-01,3349.8215263540214,2270.460323330988,4615.630136373912,5045.083333333333,2245.3451403126446,979.5365302927539
1646,3,2020-01-01,2224.8186479203155,1578.096118444147,2761.58389644041,2491.5,292.264685413018,-244.5005631070767
1648,3,2020-01-01,12140.23236353954,10454.291253717827,14864.952725364306,15492.416666666666,4286.600969793792,1561.8806079690257
1649,3,2020-01-01,722.3266736079561,102.6705141750449,976.4219351600632,33.25,-689.0766736079561,-943.1719351600632
1651,3,2020-01-01,11721.830838655798,10172.432460036312,13075.32500755449,4668.166666666667,-6460.830838655798,-7814.325007554489
1652,3,2020-01-01,2819.1952210630657,2136.0645421688314,3960.5029566742396,3562.4166666666665,1356.4714456036004,215.16370999242645
1654,3,2020-01-01,12640.49366822235,11352.511198248107,14193.546312260529,4110.666666666667,-6352.493668222351,-7905.546312260529
1656,3,2020-01-01,1758.4739196547532,1302.462964157392,2363.404210573447,3428.4166666666665,1840.6927470119133,1235.7624560932195
1659,3,2020-01-01,8566.168620752931,7476.422925363645,9936.91261133742,3398.9166666666665,-4682.585287419598,-6053.329278004087
1660,3,2020-01-01,2147.5233236145264,1563.2926170189826,2890.4185558848685,1926.9166666666667,196.8933430521406,-546.0018892182015
1662,3,2020-01-01,8701.498297787033,7515.318974624314,9814.615938871248,4163.916666666667,-4229.081631120366,-5342.199272204581
1664,3,2020-01-01,4116.206060387911,2872.92454569424,5279.100671635759,5797.166666666667,2161.293939612089,998.3993283642412
1666,3,2020-01-01,2898.560560357692,2240.4578888585215,3579.7364645404195,3912.8333333333335,1113.2727729756416,432.09686879291394
1668,3,2020-01-01,6075.023352095813,5043.446716903628,7200.6807973928735,4674.916666666667,-1065.6900187624788,-2191.3474640595396
1669,3,2020-01-01,3274.5589006269342,2151.4436647619814,4826.098930096715,4287.833333333333,1344.0244327063988,-207.51559676338184
1670,3,2020-01-01,3708.8596234972265,2423.84730666674,5004.513390912317,4182.0,1064.8903765027735,-230.76339091231694
1671,3,2020-01-01,2628.3486810762606,1882.7908148543531,3582.1183040943233,3573.8333333333335,1139.2346522570729,185.46502923901016
1672,3,2020-01-01,966.8096652227912,692.2577272774292,1168.850463615661,6220.333333333333,5295.107001443875,5093.066203051005
1674,3,2020-01-01,1702.4690944662937,1295.7849623020234,2302.3912074836517,2238.1666666666665,907.0309055337063,307.10879251634833
1675,3,2020-01-01,4951.57356911823,3807.5459612197064,6527.464645009521,4166.083333333333,-112.24023578489687,-1688.1313116761876
1676,3,2020-01-01,3787.826288616672,2875.0304252263827,5276.075795121892,4244.666666666667,717.5070447166618,-770.7424617885581
1677,3,2020-01-01,4433.733173849145,3562.0371225084273,5317.145178645542,2764.8333333333335,-1284.2331738491448,-2167.645178645542
1678,3,2020-01-01,3741.3267182827612,2789.844811721364,5490.913438356734,4852.083333333333,1610.4232817172388,-139.16343835673433
1680,3,2020-01-01,3087.7640474862014,2233.4374686785004,4207.438637151085,4913.25,2322.4859525137986,1202.8113628489155
1682,3,2020-01-01,3155.9642871002347,2038.12634632905,4495.013673281395,4062.5,1275.0357128997653,-64.01367328139531
1684,3,2020-01-01,3721.8097694592284,3212.088146636871,4794.586330599329,2321.75,-978.8097694592284,-2051.586330599329
1685,3,2020-01-01,3463.3846863222175,2073.7277935360935,5026.717461173575,6167.666666666667,3156.0319803444495,1592.6992054930915
1686,3,2020-01-01,18416.24357841825,15977.41217558667,19858.170474262748,5109.333333333333,-12866.160245084917,-14308.087140929416
1687,3,2020-01-01,7681.612346254539,6446.218463031298,8382.645431952107,3349.0833333333335,-3972.6123462545393,-4673.645431952107
1692,3,2020-01-01,13679.511502679909,10583.711972075902,16937.598860555227,13559.083333333334,2333.8218306534254,-924.2655272218926
1693,3,2020-01-01,4246.3565904216875,2966.4868376435397,5883.5282103735535,6168.0,2324.1434095783125,686.9717896264465
1694,3,2020-01-01,5206.834247424959,4064.609222242907,6076.868860650831,6229.416666666667,1529.0824192417076,659.0478060158357
1695,3,2020-01-01,4203.165494090845,2749.6269044309556,5583.111116026674,4752.25,1347.7511725758222,-32.19444936000673
1697,3,2020-01-01,2688.650381706101,1963.7843878928961,3566.037997348404,3416.8333333333335,1206.4329516272323,329.04533598492935
1699,3,2020-01-01,7559.854872703502,5844.524099492262,9140.71793551953,4410.75,-2491.1882060368353,-4072.0512688528624
1700,3,2020-01-01,1804.5851208096146,1282.7701268813312,2482.512368621766,3222.1666666666665,1453.4148791903854,775.4876313782338
1702,3,2020-01-01,2933.1047599654125,2007.7718627745492,3849.5219112397454,3372.5,992.561906701254,76.14475542692117
1703,3,2020-01-01,7370.726459354223,5660.705251988349,8950.046211272476,4097.416666666667,-2744.809792687556,-4324.129544605809
1709,3,2020-01-01,2592.2044070199568,1697.5186781762416,3585.9727354504994,2959.9166666666665,671.3789263133763,-322.38940211716636
1710,3,2020-01-01,2875.48723874347,2158.9473781999395,4142.884486112353,3335.75,728.5960945898637,-538.80115277902
1712,3,2020-01-01,5404.889137266272,4204.350681446262,6688.68838939472,5583.25,675.360862733728,-608.4383893947197
1717,3,2020-01-01,9199.670940782145,8273.15880884119,10893.190526103564,3589.1666666666665,-5177.337607448812,-6870.857192770231
1718,3,2020-01-01,7737.39434459124,6969.184513393723,8902.899645682992,2790.25,-4612.311011257907,-5777.816312349658
1719,3,2020-01-01,2860.2885834286935,1941.9937285751803,3888.7971307457947,1934.75,-340.2885834286935,-1368.7971307457947
1720,3,2020-01-01,5464.086894598764,4784.602920622747,6207.319930587062,2068.9166666666665,-3195.753561265431,-3938.986597253729
1723,3,2020-01-01,2301.508687468653,1728.2090051923933,3086.587600787746,3006.6666666666665,947.57464586468,162.4957325455871
1725,3,2020-01-01,4570.908847040344,3644.638631271516,5682.93163731779,3554.3333333333335,-482.65884704034397,-1594.6816373177899
1727,3,2020-01-01,10568.060226789643,9582.739380437535,11809.557185790662,4063.5,-2182.560226789643,-3424.0571857906616
1728,3,2020-01-01,2780.9802093900494,1945.1694346637225,3801.812749851557,3217.9166666666665,731.9364572766171,-288.89608318489036
1730,3,2020-01-01,2661.5813083903404,1877.3753360119404,3660.80397890547,3677.3333333333335,1470.0853582763266,470.86268776119687
1731,3,2020-01-01,2324.4635764148297,1456.2897884276626,3170.780747590972,3936.8333333333335,1691.6197569185038,845.3025857423613
1733,3,2020-01-01,3515.53611628839,2895.859214487234,4238.9946973689075,2177.5,-1071.53611628839,-1794.9946973689075
1735,3,2020-01-01,2310.4913111574974,1743.203063953598,2902.3847584180157,3048.5833333333335,1094.342022175836,502.44857491531775
1736,3,2020-01-01,7403.552553129981,6215.590541506868,8646.221625301441,3815.75,-1383.219219796647,-2625.8882919681073
1737,3,2020-01-01,2663.9881668893577,1873.1392999702311,3710.2644092911687,3140.5,938.8451664439758,-107.43107595783522
1740,3,2020-01-01,3862.1987720634597,2105.0186155133406,5667.459495299604,4794.333333333333,1324.3012279365403,-480.959495299604
1741,3,2020-01-01,4684.824932937236,4055.543314189821,5732.793098551059,2080.0,-2241.241599603902,-3289.209765217726
1742,3,2020-01-01,3261.434437742541,2498.6171362145033,4339.6653734857255,4186.0,1541.148895590792,462.91795984760756
1744,3,2020-01-01,1523.6958318118834,1097.3179086779637,2086.178263364147,2452.75,1411.38750152145,848.9050699691866
1746,3,2020-01-01,4539.631741185656,2705.6834537456243,6049.892341786675,6437.833333333333,2380.78492548101,870.5243248799907
1749,3,2020-01-01,81.72887774527135,81.72887774527135,1123.9968877719466,1471.4166666666667,1597.6044555880621,555.3364455613869
1750,3,2020-01-01,6401.114765407812,4918.781469130854,8093.911839793025,5892.583333333333,-33.7814320744792,-1726.578506459692
1752,3,2020-01-01,5290.838021583508,4308.974565700763,6479.808380487836,3182.5,299.4953117498262,-889.4750471545021
1753,3,2020-01-01,3619.969460401928,2695.8124858798833,4678.963350774082,3789.6666666666665,405.36387293140524,-653.6300174407488
1755,3,2020-01-01,3854.1159404115006,3183.3542513641623,4684.390225735148,2355.75,-1096.532607078167,-1926.8068924018148
1756,3,2020-01-01,4317.44984096142,2951.216096087707,6008.275512512126,4830.75,845.8834923719132,-844.9421791787927
1757,3,2020-01-01,2643.2939351555187,1814.4431977450063,3494.2369391023794,3507.1666666666665,1338.6227315111478,487.6797275642871
1758,3,2020-01-01,3116.4321881925816,2470.9389336299128,3619.2143421639403,1879.6666666666667,-1219.6821881925816,-1722.4643421639403
1759,3,2020-01-01,5226.200432023374,4510.625881823676,6332.682292775672,2773.25,-1925.7837653567071,-3032.2656261090056
1762,3,2020-01-01,3567.0100693324625,2545.7593586835146,4444.133591486379,5298.583333333333,2461.7399306675375,1584.6164085136206
1763,3,2020-01-01,3088.1272027077625,2096.9374443744705,4260.2966581519495,3169.9166666666665,569.3727972922375,-602.7966581519495
1764,3,2020-01-01,2617.7651792900115,1689.6813115233622,3583.558953795183,2629.1666666666665,366.90148737665504,-598.8922871285163
1765,3,2020-01-01,4380.7990960538555,3597.748338207478,5130.683280495323,2677.1666666666665,-1350.9657627205224,-2100.84994716199
1766,3,2020-01-01,1529.9367554670912,1033.645488248273,2285.331961304972,1698.0833333333333,238.47991119957533,-516.9152946383056
1769,3,2020-01-01,4397.61171991354,3469.7544604184363,5534.685499858251,3835.9166666666665,84.63828008646033,-1052.4354998582512
1770,3,2020-01-01,3272.505287099436,2158.463188284425,4543.862852319417,3128.6666666666665,137.74471290056408,-1133.6128523194166
1771,3,2020-01-01,4518.076765531298,3273.2131349376214,6057.007230310311,4328.583333333333,374.33990113536765,-1164.5905636436446
1772,3,2020-01-01,5843.369722815416,4756.800753180528,7302.329425679822,4180.25,-1319.953056148749,-2778.9127590131548
1774,3,2020-01-01,3945.736381437188,3379.0360426200964,4782.141313678832,3510.75,-309.7363814371879,-1146.1413136788324
1775,3,2020-01-01,11799.347276428543,10221.35876027437,12999.563433333493,3164.0,-6419.0139430952095,-7619.230100000159
1776,3,2020-01-01,16236.321674145065,14468.248594858787,17630.51372768285,3594.4166666666665,-8333.571674145065,-9727.76372768285
1777,3,2020-01-01,5608.141689571327,4299.337492413511,6991.387130371688,5202.666666666667,29.441643762006606,-1353.8037970383539
1779,3,2020-01-01,3170.0618686876537,2657.827371133598,3914.1440941076353,2677.0833333333335,-307.89520202098674,-1051.9774274409683
1781,3,2020-01-01,2068.2488788123633,1233.2244074525129,3013.186266022753,3004.1666666666665,1349.2511211876367,404.313733977247
1782,3,2020-01-01,2407.9648628929526,1780.693627498787,3262.577293486386,3302.75,1411.0351371070474,556.4227065136138
1783,3,2020-01-01,2642.3708904798846,1977.1371620747004,3587.967052964332,3133.9166666666665,855.7124428534485,-89.88371963099917
1785,3,2020-01-01,1939.5482801255177,1409.5349374270472,2527.974852822174,2155.0833333333335,262.1183865411492,-326.308186155507
1786,3,2020-01-01,3549.811041910692,2808.163039914899,4538.890816288423,3217.5833333333335,208.18895808930802,-780.8908162884227
1787,3,2020-01-01,6059.542819114911,5234.857203493544,7479.681113072204,4856.5,-978.8761524482443,-2399.0144464055375
1788,3,2020-01-01,3560.3373173223836,2615.2063715937857,4678.363583951526,3487.0833333333335,316.66268267761643,-801.3635839515264
1789,3,2020-01-01,3915.480510530097,3177.447532565515,4806.072176889487,3210.5833333333335,-556.3138438634301,-1446.9055102228203
1791,3,2020-01-01,2931.6624404075774,1823.68967982631,3469.358469020851,2726.3333333333335,289.3375595924226,-248.35846902085086
1793,3,2020-01-01,1739.782451847933,1151.4203605959942,2375.7623182599527,2441.4166666666665,1077.717548152067,441.73768174004726
1794,3,2020-01-01,4919.400116564435,3863.025236114214,6494.750724015739,6261.416666666667,2039.766550102232,464.4159426509277
1797,3,2020-01-01,13928.110094478316,11558.050226369558,16677.022217271613,2580.1666666666665,-10686.110094478316,-13435.022217271613
1799,3,2020-01-01,6838.560855710893,5357.433231688384,8137.732847289544,8792.916666666666,2569.1058109557734,1269.9338193771218
1802,3,2020-01-01,11731.48057816117,10039.963191611976,13247.473055001881,4942.75,-6414.313911494503,-7930.306388335214
1805,3,2020-01-01,2082.6165182599575,1325.6273843182175,2846.7053041298936,2217.75,318.966815073376,-445.12197079656016
1807,3,2020-01-01,8424.389222149382,7035.557675474034,9602.594927241897,4338.75,-3462.8058888160494,-4641.011593908564
1808,3,2020-01-01,2378.28409802644,1677.1179772421078,3307.0980476721006,2944.25,939.96590197356,11.15195232789938
1809,3,2020-01-01,6438.327525955181,4869.858861997299,8037.43514014137,6100.666666666667,194.08914071148592,-1405.0184734747027
1810,3,2020-01-01,3045.9008434941147,1984.9986507002184,4169.09446113042,2597.9166666666665,194.2658231725518,-928.9277944637538
1811,3,2020-01-01,9283.674390810018,7000.757320161829,11492.639805505461,6834.083333333333,-1975.137724143351,-4184.103138838795
1812,3,2020-01-01,8627.909134231904,6859.093383107269,10502.83895863868,4248.166666666667,-3664.3258008985704,-5539.255625305346
1813,3,2020-01-01,6075.489400597474,4797.441677320823,7753.5044689327115,4695.833333333333,-770.7394005974738,-2448.7544689327115
1815,3,2020-01-01,4172.260610287618,3098.65505777598,5568.8605852904575,5165.916666666667,1453.739389712382,57.13941470954251
1816,3,2020-01-01,2503.2327697375763,1652.5049059380617,3473.3327618502226,2853.4166666666665,627.8505635957567,-342.24942851688957
1817,3,2020-01-01,9202.419010236625,7531.849611895569,10593.84781405419,6160.0,-2543.4190102366247,-3934.84781405419
1818,3,2020-01-01,8282.446845303084,6999.9482767804975,9731.876490262423,3486.9166666666665,-4317.846845303084,-5767.276490262422
1820,3,2020-01-01,2343.3670032944337,1465.205844855858,3485.6175785750365,3199.5,1069.2996633722328,-72.95091190837002
1823,3,2020-01-01,5978.118641530837,4420.850762914085,8036.514657179207,5446.833333333333,-129.70197486417055,-2188.0979905125405
1825,3,2020-01-01,4718.195389327014,3753.2584206349093,5937.9232257798385,3812.8333333333335,-270.27872266034683,-1490.0065591131715
1826,3,2020-01-01,852.5432585141032,525.2567447634577,1141.5359624077137,1385.6666666666667,699.6234081525636,410.6307042589531
1827,3,2020-01-01,5764.880851402495,4432.024362482471,7371.465988375827,3861.75,-1312.630851402495,-2919.215988375827
1830,3,2020-01-01,4106.24674804231,3471.0507850006857,4957.486786315091,2701.5,-1015.6634147089767,-1866.9034529817577
1833,3,2020-01-01,3904.0650323027,2614.8928524647795,4695.639555123441,2918.8333333333335,-501.73169896936633,-1293.3062217901074
1834,3,2020-01-01,2812.05731975042,1885.1815325836797,3678.9935348298427,2963.75,472.8593469162465,-394.0768681631762
1837,3,2020-01-01,3522.4230780544735,2738.9424657528807,4289.927069135147,2078.9166666666665,-1035.9230780544735,-1803.4270691351467
1840,3,2020-01-01,3235.59004358711,2278.4691390190997,4472.687542419975,3687.4166666666665,832.4932897462231,-404.6042090866422
1842,3,2020-01-01,4971.302410079108,4283.343371433122,6167.24829294096,2614.4166666666665,-1870.302410079108,-3066.24829294096
1843,3,2020-01-01,7224.118224738274,6081.583900640702,8323.592145153232,3230.0833333333335,-3638.368224738274,-4737.842145153232
1844,3,2020-01-01,2763.9578056590763,1801.8249214152124,3781.763648433291,3125.25,729.6255276742572,-288.1803150999576
1846,3,2020-01-01,1783.597349374381,1333.257678868119,2545.677919676371,2779.6666666666665,1179.485983958952,417.4054136569621
1849,3,2020-01-01,3888.4915994573657,3117.531244850889,4670.984454008035,3456.9166666666665,-126.24159945736574,-908.7344540080348
1851,3,2020-01-01,4684.388726127048,3003.439913268162,6011.553355979733,6306.833333333333,1993.3612738729516,666.1966440202668
1852,3,2020-01-01,6543.228412995448,5206.397241686134,8274.660953252609,5446.416666666667,-404.26841299544776,-2135.700953252609
1853,3,2020-01-01,2161.7616415193265,1497.6612387274777,2966.0676261663048,3097.0833333333335,1183.571691814007,379.2657071670287
1854,3,2020-01-01,6492.74663221865,5025.67288455728,7884.588307875996,4028.0833333333335,-2097.829965551983,-3489.671641209329
1855,3,2020-01-01,4017.797653719231,2935.255414881175,5321.6823421429235,2607.25,-806.6309870525647,-2110.515675476257
1856,3,2020-01-01,3176.835696969093,2355.60219630392,4047.313300726457,3122.25,158.83096969757344,-711.6466340597904
1857,3,2020-01-01,6547.23398205291,4887.981510347951,7801.52657319526,8104.0,1820.5993512804243,566.3067601380735
1858,3,2020-01-01,1795.44929346613,1371.1978035781194,2329.6506883566963,2206.75,900.3840398672035,366.1826449766372
1859,3,2020-01-01,3356.475171296144,2228.826585978887,4397.956582510027,3224.0833333333335,243.2748287038562,-798.2065825100271
1861,3,2020-01-01,3981.486198253396,2827.0136033212057,5135.174514257076,5535.583333333333,1988.0138017466038,834.3254857429238
1862,3,2020-01-01,3305.757658525725,2448.2109294590473,4176.431492542213,3155.3333333333335,181.15900814094175,-689.5148258755462
1863,3,2020-01-01,5040.96474773549,4320.990462201945,6124.570199218298,3677.0,-1071.1314144021567,-2154.736865884964
1871,3,2020-01-01,3484.551012314129,2558.0503882941543,4500.246985178546,1384.25,-1666.301012314129,-2681.9969851785463
1872,3,2020-01-01,3942.9294341956847,2897.6113358838747,5129.598421586574,5622.5,2140.6538991376483,953.9849117467593
1873,3,2020-01-01,7619.755210720611,6577.321442480925,8698.542352230827,2858.5,-4181.755210720611,-5260.5423522308265
1874,3,2020-01-01,3446.4259000097077,2384.496146568486,4274.224726254012,3199.1666666666665,146.49076665695884,-681.3080595873457
1875,3,2020-01-01,3972.7079111678636,3187.9330002802544,4946.410843355507,3766.8333333333335,27.042088832136415,-946.6608433555066
1876,3,2020-01-01,1910.3559549760262,1358.9227172765322,3111.1785652923922,3715.5833333333335,2309.4773783573078,1108.6547680409417
1877,3,2020-01-01,8076.866770915269,7009.022820914124,9355.417503801007,5889.416666666667,-1939.5334375819348,-3218.084170467673
1880,3,2020-01-01,3949.5270232419202,3312.098969428344,4705.780292917841,2631.5833333333335,-1112.1103565752533,-1868.3636262511736
1881,3,2020-01-01,3088.4109655763696,2049.1302090106865,4296.064891682962,4711.833333333333,2129.2557010902965,921.6017749837038
1882,3,2020-01-01,3622.936742157397,2332.0340854315,5537.418267117338,4943.5,1809.146591175936,-105.33493378400453
1885,3,2020-01-01,8050.6807052842105,6899.643323438582,9053.768980082705,3088.0,-4487.847371950877,-5490.935646749371
1888,3,2020-01-01,18477.04305038071,16109.323619557712,20077.34308038624,3459.4166666666665,-8063.793050380711,-9664.09308038624
1891,3,2020-01-01,3025.095850472751,2265.4237621021475,3991.8270701178435,2842.6666666666665,70.07081619391556,-896.660403451177
1895,3,2020-01-01,3171.5268738310583,2263.108636283437,4306.169899163385,3404.0,567.8897928356082,-566.7532324967183
1896,3,2020-01-01,3763.107297971751,2758.3593743939973,5069.322329803261,3353.8333333333335,27.059368694915975,-1279.1556631365938
1897,3,2020-01-01,5888.7066448656915,4276.634722241342,7502.862911434549,8670.75,3118.7100218009746,1504.5537552321175
1898,3,2020-01-01,5049.291116467279,3924.9786673778294,6787.902790572182,4249.416666666667,-262.0411164672787,-2000.6527905721823
1899,3,2020-01-01,1868.1010092073063,1618.4846911101877,2202.9684546724407,4763.833333333333,2965.7323241260265,2630.8648786608924
1901,3,2020-01-01,5312.113006294814,4387.526389832481,6374.507481880257,2810.6666666666665,-413.19633962814805,-1475.5908152135908
1902,3,2020-01-01,3913.3142928701504,3260.9698266322657,4734.967458211349,2710.1666666666665,-790.3976262034839,-1612.0507915446829
1903,3,2020-01-01,5220.59567679673,3791.775007258545,6767.329214404784,5952.25,1097.237656536603,-449.49588107145064
1904,3,2020-01-01,5442.320656080654,4545.872833375236,6181.639203528604,2581.9166666666665,-673.6539894139878,-1412.9725368619384
1905,3,2020-01-01,1873.7616125384789,1330.9881065937884,2588.4854768873147,2374.0833333333335,840.9883874615211,126.26452311268531
1908,3,2020-01-01,9924.42714243202,8499.474407570706,11392.104266646282,3705.75,-5551.510475765353,-7019.187599979615
1909,3,2020-01-01,3933.330719427647,3450.668965799162,4579.210201985997,2209.1666666666665,-1494.0807194276472,-2139.9602019859967
1910,3,2020-01-01,5625.257520562167,4858.873718776974,6766.977505819728,2989.0,-2237.8408538955005,-3379.560839153062
1913,3,2020-01-01,4509.431737626823,3353.1157182424176,5685.433051253209,2593.4166666666665,-1297.5150709601562,-2473.5163845865422
1915,3,2020-01-01,7666.739427631266,5885.309830609815,8943.563320555259,4338.5,-3024.156094297933,-4300.9799872219255
1916,3,2020-01-01,2452.9479195115723,1823.930467092901,3053.9935048399925,845.1666666666666,-1244.0312528449058,-1845.076838173326
1917,3,2020-01-01,6864.919355667256,5855.465431877513,8342.689363002253,4875.25,-1588.0860223339232,-3065.85602966892
1918,3,2020-01-01,3264.0498828015093,2399.289580438515,4355.989683905295,3531.5833333333335,839.3667838651577,-252.57301723862838
1919,3,2020-01-01,5502.707684900396,4021.367908677913,7715.6593498341335,6707.75,1796.125648432937,-416.8260165008005
1920,3,2020-01-01,7268.529869417762,6645.719664410691,8188.741818514572,2603.6666666666665,-4323.446536084429,-5243.658485181239
1921,3,2020-01-01,3283.0842373003647,2342.479290732021,4300.011361724496,2672.0,-50.25090396703126,-1067.1780283911626
1923,3,2020-01-01,3205.092217667558,2126.0034360953005,4180.566561185311,2926.5833333333335,197.07444899910888,-778.399894518644
1926,3,2020-01-01,2853.8191250003915,1979.1478503945095,3665.53459521904,2214.5,-244.402458333725,-1056.1179285523735
1928,3,2020-01-01,4605.3748196116285,3375.1907210429954,6050.0277638957195,4640.166666666667,502.3751803883715,-942.2777638957195
1931,3,2020-01-01,10373.94352189031,8582.505707699333,12607.008211182945,6914.5,-2839.026855223644,-5072.091544516278
1936,3,2020-01-01,3916.680990608723,3090.737808073485,4861.348370777425,2973.75,-902.0976572753893,-1846.7650374440914
1937,3,2020-01-01,5113.16616340082,3684.1479541764666,6480.39365751283,1421.3333333333333,-3365.0828300674866,-4732.310324179497
1940,3,2020-01-01,2138.611107720721,1686.631903826455,2750.0414081639324,2238.75,350.13889227927893,-261.2914081639324
1941,3,2020-01-01,6107.85680907547,4999.454699920913,7169.796814420707,3217.4166666666665,-652.2734757421367,-1714.213481087374
1942,3,2020-01-01,447.5670679645151,350.0690091102497,986.2101189015145,0.08333333333333333,-447.4837346311818,-986.1267855681812
1944,3,2020-01-01,3805.9731600169534,2750.6706268369026,5070.409940071458,4114.833333333333,750.1101733163796,-514.3266067381246
1945,3,2020-01-01,1996.011681199386,1391.284875035228,2607.398100231621,2503.5,917.3216521339475,305.9352331017126
1946,3,2020-01-01,2921.1218992147083,1872.5392953724654,3719.584915194098,3425.75,943.9614341186252,145.49841813923558
1954,3,2020-01-01,11706.551076503845,9906.420528812941,13288.163479568655,4033.8333333333335,-7067.051076503845,-8648.663479568655
1955,3,2020-01-01,4078.263756574959,3246.7544109823702,4970.063918454087,2344.5,-1447.0137565749592,-2338.813918454087
1956,3,2020-01-01,2016.437499004412,1474.159257411542,2910.6210852286713,3114.25,1484.312500995588,590.1289147713287
1958,3,2020-01-01,2525.1206377646045,1860.6405814163427,3643.448128485855,3112.1666666666665,1082.4626955687286,-35.864795152521765
1959,3,2020-01-01,4116.074407426239,2676.828422727479,5750.637824688612,4344.166666666667,581.0922592404277,-1053.4711580219455
1962,3,2020-01-01,5256.013432574541,3756.5330609744547,6575.46369963895,7697.916666666667,2799.653234092126,1480.202967027717
1963,3,2020-01-01,11121.836230778106,10216.918312747346,13182.809407339904,2822.4166666666665,-8078.66956411144,-10139.642740673238
1964,3,2020-01-01,3870.8945926863594,2810.4764079515044,5162.528079176356,3219.75,-340.8945926863594,-1632.5280791763562
1966,3,2020-01-01,6071.036476761584,5200.4626967713875,6794.1531665436505,2624.9166666666665,-1315.2864767615838,-2038.4031665436505
1967,3,2020-01-01,3725.0018013298163,2642.3369563973306,4849.823820603678,5149.416666666667,1618.6648653368507,493.84284606298934
1969,3,2020-01-01,7775.437657067183,6584.426155913672,8557.044212975754,3724.1666666666665,-3520.10432373385,-4301.710879642421
1971,3,2020-01-01,3364.3077698373295,2633.551748286942,4398.065162322715,3474.1666666666665,743.2755634960035,-290.48182898938194
1972,3,2020-01-01,2035.3395292804778,1459.4537579040348,2789.1731002049496,1090.75,-438.42286261381105,-1192.2564335382829
1973,3,2020-01-01,2648.2440726672025,1825.081465974722,3647.8806505675043,2710.0,318.33926066613094,-681.2973172341708
1975,3,2020-01-01,2754.7415843656795,1793.2675247900881,3510.45362309546,3247.6666666666665,857.7584156343205,102.04637690454001
1976,3,2020-01-01,6871.26237812241,5392.46319717177,8243.554547070591,4741.416666666667,-1738.5123781224102,-3110.804547070591
1977,3,2020-01-01,3153.9231821626017,1866.0813190312977,4846.032736694316,4765.416666666667,1932.4101511707322,240.3005966390183
1979,3,2020-01-01,3273.951321232833,2112.344621774426,4599.460416437961,5387.25,2582.3820121005,1256.8729168953723
1980,3,2020-01-01,2457.3221587058697,1788.1820936020754,3444.9610356576336,3883.5833333333335,1906.9278412941303,919.2889643423664
1981,3,2020-01-01,2730.7371953871107,1663.1456810970756,3747.0581655893816,3275.25,1239.5128046128893,223.1918344106184
1983,3,2020-01-01,5651.726398943561,3836.813746147106,7406.3514591850635,11763.416666666666,6647.773601056439,4893.1485408149365
1985,3,2020-01-01,2250.761899848451,1728.2941256956046,2791.161322144084,118.83333333333333,-1836.6785665151176,-2377.0779888107504
1986,3,2020-01-01,3298.223336864867,2302.1001311791706,4487.628752595833,4035.8333333333335,1142.9433298017998,-46.46208592916628
1988,3,2020-01-01,11687.952956326199,9553.738005765597,13080.504819332082,9120.0,-2054.5362896595325,-3447.0881526654157
1989,3,2020-01-01,9725.32376319467,7580.440960269728,12879.998591787778,5657.166666666667,-3693.0737631946704,-6847.748591787778
1992,3,2020-01-01,4026.2959387299957,3449.7871201086587,4420.256494672722,1977.0833333333333,-1795.4626053966626,-2189.4231613393886
1993,3,2020-01-01,4921.634334319349,3302.7928540331627,6872.056602907829,7732.083333333333,3483.4489990139828,1533.026730425503
1994,3,2020-01-01,4585.882512683226,3157.4657245855283,6064.174604834225,6515.0,2465.284153983441,986.9920618324422
1995,3,2020-01-01,4009.905032670258,2925.3597593304607,5152.0102224583425,3267.1666666666665,-329.5716993369251,-1471.6768891250094
1996,3,2020-01-01,3215.4845493418134,2190.166616721396,4425.810767087572,3730.6666666666665,903.0154506581866,-307.31076708757155
1997,3,2020-01-01,5385.713622319305,3666.775417917789,6925.103523769341,3233.3333333333335,-1672.622788985971,-3212.0126904360077
1998,3,2020-01-01,868.1172076025053,517.3691753727003,1324.6301621447337,53.75,-631.4505409358387,-1087.963495478067
