client_id,forecast_month,monthly_income,refund_mean,exp_forecast_total,exp_p10_total,exp_p90_total,surplus_forecast,surplus_pessimistic,surplus_after_plan,health_score,health_band,total_cut,recommended_saving,emergency_fund_target,months_to_emergency_fund,recommended_action
0,November 2019,4967.75,558.25,5579.81716792743,4389.093234415078,7163.0264013589,-53.81716792743009,-1637.0264013589003,538.4335960775186,65.8,Waspada,592.2507640049487,430.7468768620149,7572.432724745679,17.57977394963545,"SEIMBANGKAN: ikuti budget hemat untuk menutup defisit, lalu auto-save kecil"
1,November 2019,3780.0,217.75,2721.1781566237337,1971.1318917078445,3814.1797480157757,1276.5718433762663,183.57025198422434,1377.2697487993503,81.0,Sehat,100.69790542308394,1101.8157990394802,5755.771457764149,5.2238962835546605,SURPLUS TINGGI: auto-debit tabungan berencana + tawarkan deposito/investasi
2,November 2019,2287.25,365.8333333333333,2654.4623318663093,1951.6285683979413,3367.227387773474,-1.3789985329758565,-714.1440544401407,142.28068159048,55.2,Waspada,143.65968012345584,113.824545272384,5002.8295118606475,43.952115072270175,"SEIMBANGKAN: ikuti budget hemat untuk menutup defisit, lalu auto-save kecil"
3,November 2019,2328.5833333333335,162.33333333333334,2555.430548011261,2042.4024710317533,3161.4349293140153,-64.51388134459421,-670.5182626473484,-64.51388134459421,67.9,Waspada,0.0,0.0,5824.553668989321,,"DEFISIT: amankan arus kas, pangkas diskresioner & hindari utang konsumtif baru"
4,November 2019,6369.25,515.75,5334.511788187353,4053.512548156723,7038.713804705844,1550.488211812647,-153.71380470584427,1969.5634231952638,76.7,Sehat,419.07521138261677,1575.650738556211,7545.816916540015,4.789016202571862,SURPLUS TINGGI: auto-debit tabungan berencana + tawarkan deposito/investasi
5,November 2019,1717.8333333333333,231.5,2597.429230325888,1780.9381348951065,3545.6699444603205,-648.0958969925548,-1596.3366111269872,-590.233158889987,56.4,Waspada,57.86273810256789,0.0,5372.257043917696,,"DEFISIT: amankan arus kas, pangkas diskresioner & hindari utang konsumtif baru"
11,November 2019,5636.916666666667,257.25,4957.463587367427,3406.3004161282743,6391.675442032967,936.70307929924,-497.50877536630014,1472.702757914574,74.3,Sehat,535.999678615334,1178.1622063316593,5808.243591973169,4.929918444810575,SURPLUS TINGGI: auto-debit tabungan berencana + tawarkan deposito/investasi
13,November 2019,2698.1666666666665,319.4166666666667,2394.7383090279513,1576.3269921706747,3072.213253775755,622.8450243053817,-54.62992044242219,666.2343374956755,61.3,Waspada,43.38931319029382,532.9874699965404,3963.32581448963,7.4360581394443575,SURPLUS: auto-debit tabungan berencana setelah gajian
14,November 2019,2686.0,298.1666666666667,2178.4119844944275,1532.9853309489417,3241.6979944316854,805.754682172239,-257.5313277650189,836.5861120950995,82.3,Sehat,30.831429922860433,669.2688896760797,4760.456874687596,7.112921201210496,SURPLUS TINGGI: auto-debit tabungan berencana + tawarkan deposito/investasi
16,November 2019,1846.5,370.9166666666667,3434.0430944004106,2552.9439901073097,4591.208543511137,-1216.626427733744,-2373.79187684447,-886.2425743536339,43.7,Rentan,330.3838533801102,0.0,5204.374362543977,,"DEFISIT: amankan arus kas, pangkas diskresioner & hindari utang konsumtif baru"
17,November 2019,1822.25,565.25,7163.451432001695,6041.073550356344,8111.856313876203,-4775.951432001695,-5724.356313876203,-4164.839033442815,47.0,Rentan,611.1123985588802,0.0,12704.434880152083,,"DEFISIT: amankan arus kas, pangkas diskresioner & hindari utang konsumtif baru"
19,November 2019,2908.5833333333335,19.75,502.09024381346813,342.82473445416423,624.000847035961,2426.2430895198654,2304.3324862973723,2426.2430895198654,72.3,Sehat,0.0,872.575,956.418999214747,1.09608801445692,SURPLUS TINGGI: auto-debit tabungan berencana + tawarkan deposito/investasi
20,November 2019,1947.5833333333333,574.3333333333334,2652.823679898474,1857.559478107185,3583.917625027337,-130.90701323180747,-1062.0009583606707,-8.32303013248729,64.9,Waspada,122.58398309932018,0.0,5213.026920378895,,"DEFISIT: amankan arus kas, pangkas diskresioner & hindari utang konsumtif baru"
21,November 2019,3590.3333333333335,480.4166666666667,3092.453151152221,1955.60754090927,3804.100630027141,978.2968488477791,266.64936997285895,1008.7197294483751,86.3,Sehat,30.422880600595988,806.9757835587002,5427.282893795051,6.725459430593019,SURPLUS TINGGI: auto-debit tabungan berencana + tawarkan deposito/investasi
22,November 2019,4497.166666666667,539.5,3957.432458966109,2827.4967158003183,5300.363844928245,1079.2342077005578,-263.6971782615783,1079.2342077005578,78.4,Sehat,0.0,863.3873661604463,8985.87833707898,10.407701906781323,SURPLUS: auto-debit tabungan berencana setelah gajian
24,November 2019,3212.8333333333335,83.33333333333333,2963.8465652677723,2186.41848394125,3865.8286476619664,332.3201013988946,-569.6619809952995,546.2831398363023,69.6,Waspada,213.96303843740768,437.0265118690419,4450.580343499836,10.183776550456702,SURPLUS: auto-debit tabungan berencana setelah gajian
27,November 2019,1985.0833333333333,596.1666666666666,3927.2470034258945,2762.3538209853523,5349.151996748005,-1345.9970034258945,-2767.9019967480053,-1066.7582025449162,42.1,Rentan,279.2388008809782,0.0,5424.0882736761,,"DEFISIT: amankan arus kas, pangkas diskresioner & hindari utang konsumtif baru"
28,November 2019,4522.75,322.6666666666667,3708.486263942946,2275.531755541998,5062.926660743906,1136.9304027237208,-217.50999407723884,1479.151673630687,72.1,Sehat,342.221270906966,1183.3213389045495,4430.888386820854,3.7444506755220983,SURPLUS TINGGI: auto-debit tabungan berencana + tawarkan deposito/investasi
32,November 2019,4359.583333333333,111.83333333333333,2830.6957108043507,2186.16699815808,3742.6000713065546,1640.7209558623153,728.8165953601115,1640.7209558623153,89.6,Sehat,0.0,1307.8749999999998,6148.262390580511,4.70095566516717,SURPLUS TINGGI: auto-debit tabungan berencana + tawarkan deposito/investasi
33,November 2019,3224.3333333333335,537.8333333333334,4570.429152825174,3497.899548280812,5722.2233576503295,-808.2624861585073,-1960.0566909836625,-586.6488327891957,47.8,Rentan,221.61365336931158,0.0,10053.4642319134,,"DEFISIT: amankan arus kas, pangkas diskresioner & hindari utang konsumtif baru"
34,November 2019,4321.166666666667,585.8333333333334,6148.962779616015,4719.570924514978,8171.10836122643,-1241.9627796160148,-3264.10836122643,-754.5899776577403,46.9,Rentan,487.3728019582746,0.0,8354.144465388747,,"DEFISIT: amankan arus kas, pangkas diskresioner & hindari utang konsumtif baru"
37,November 2019,2890.8333333333335,2372.5,5573.326682909819,4448.689912919874,6379.346541843291,-309.99334957648534,-1116.0132085099567,-198.2296720085696,57.0,Waspada,111.76367756791576,0.0,12156.654297854831,,"DEFISIT: amankan arus kas, pangkas diskresioner & hindari utang konsumtif baru"
38,November 2019,3333.8333333333335,403.9166666666667,4565.458072132891,3506.0755958198138,5714.661087363231,-827.7080721328912,-1976.9110873632308,-746.7984842301199,41.1,Rentan,80.90958790277122,0.0,11028.134183170829,,"DEFISIT: amankan arus kas, pangkas diskresioner & hindari utang konsumtif baru"
39,November 2019,5145.0,201.66666666666666,7680.934909271761,6617.1036615874655,8737.948618053033,-2334.268242605094,-3391.281951386366,-1819.03667216726,33.6,Rentan,515.2315704378343,0.0,14388.89777155174,,"DEFISIT: amankan arus kas, pangkas diskresioner & hindari utang konsumtif baru"
40,November 2019,2436.9166666666665,102.75,1567.5052636376831,1028.0165078210648,2257.3672326985766,972.1614030289834,282.29943396808994,1014.6036326850088,83.3,Sehat,42.442229656025496,731.0749999999999,2255.152223665235,3.084707073371727,SURPLUS TINGGI: auto-debit tabungan berencana + tawarkan deposito/investasi
42,November 2019,710.5,565.75,2227.837739007299,1563.1644574589086,3269.9901346552674,-951.5877390072992,-1993.7401346552674,-742.2607010238122,47.5,Rentan,209.327037983487,0.0,3882.726166218642,,"DEFISIT: amankan arus kas, pangkas diskresioner & hindari utang konsumtif baru"
44,November 2019,3182.8333333333335,404.6666666666667,3306.914648006865,2564.865440208775,4159.234412015291,280.5853519931352,-571.7344120152911,282.5566113757667,76.4,Sehat,1.9712593826315015,226.04528910061336,4328.390157788533,19.14833162420808,"SURPLUS TIPIS: bangun dana darurat dulu, mulai auto-save nominal kecil"
45,November 2019,5315.083333333333,315.4166666666667,1139.6183435185835,671.340779984452,1891.6391107736486,4490.881656481417,3738.8608892263514,4490.881656481417,67.6,Waspada,0.0,1594.5249999999999,2344.7175050905007,1.4704802402536812,SURPLUS TINGGI: auto-debit tabungan berencana + tawarkan deposito/investasi
46,November 2019,4499.666666666667,641.8333333333334,3914.7977038439435,2680.869297892444,5199.413204160198,1226.7022961560565,-57.91320416019789,1288.0731203095268,70.8,Sehat,61.37082415347035,1030.4584962476215,8265.092378613135,8.020791141720098,SURPLUS TINGGI: auto-debit tabungan berencana + tawarkan deposito/investasi
47,November 2019,2119.5,413.6666666666667,3012.978386744534,2481.198093289269,3732.647330400363,-479.81172007786745,-1199.4806637336965,-414.5728814870738,45.9,Rentan,65.23883859079366,0.0,6793.039044922375,,"DEFISIT: amankan arus kas, pangkas diskresioner & hindari utang konsumtif baru"
48,November 2019,1378.5,645.5833333333334,2710.501572364165,1977.0445629250155,3588.7792354267885,-686.4182390308315,-1564.695902093455,-599.5954194990697,48.0,Rentan,86.82281953176172,0.0,6216.438968459083,,"DEFISIT: amankan arus kas, pangkas diskresioner & hindari utang konsumtif baru"
50,November 2019,3269.8333333333335,364.1666666666667,2445.2516339601916,1676.2311933913963,3641.0388479177254,1188.7483660398084,-7.038847917725434,1251.222750635265,76.2,Sehat,62.47438459545643,980.95,4463.095700444568,4.5497687960085305,SURPLUS TINGGI: auto-debit tabungan berencana + tawarkan deposito/investasi
51,November 2019,4275.25,312.6666666666667,3917.081279897565,2904.479647226241,5343.041045238096,670.8353867691021,-755.1243785714287,921.0028582345724,68.6,Waspada,250.16747146547033,736.8022865876579,6464.492839343004,8.773714410255048,SURPLUS: auto-debit tabungan berencana setelah gajian
52,November 2019,5316.333333333333,432.5,13247.27166849889,11328.37944550531,14571.71262065548,-7498.438335165557,-8822.879287322146,-6491.566116339154,44.2,Rentan,1006.8722188264031,0.0,24949.141609896775,,"DEFISIT: amankan arus kas, pangkas diskresioner & hindari utang konsumtif baru"
53,November 2019,3308.3333333333335,2423.4166666666665,8423.032264937587,7493.408162937765,9531.725149827267,-2691.2822649375867,-3799.975149827267,-2691.2822649375867,47.3,Rentan,0.0,0.0,21890.10167963201,,"DEFISIT: amankan arus kas, pangkas diskresioner & hindari utang konsumtif baru"
55,November 2019,3715.25,426.4166666666667,2555.894289606396,1805.680684793998,3631.515932858846,1585.772377060271,510.15073380782087,1806.3527297892344,69.1,Waspada,220.58035272896342,1114.575,3565.8858064879587,3.1993233353412363,SURPLUS TINGGI: auto-debit tabungan berencana + tawarkan deposito/investasi
57,November 2019,3652.1666666666665,299.6666666666667,4280.684252232921,3327.805242618489,5264.2675904347025,-328.85091889958767,-1312.4342571013694,-32.62417791016031,53.3,Waspada,296.22674098942736,0.0,6265.581103793171,,"DEFISIT: amankan arus kas, pangkas diskresioner & hindari utang konsumtif baru"
58,November 2019,4376.0,675.0833333333334,4536.696418270873,3056.7896506311135,6073.439897054253,514.3869150624596,-1022.3565637209203,545.354589180759,72.2,Sehat,30.967674118299417,436.2836713446072,10268.714521027843,23.53678396759639,"SURPLUS TIPIS: bangun dana darurat dulu, mulai auto-save nominal kecil"
59,November 2019,2088.8333333333335,97.58333333333333,2705.4413136452613,2088.691331092705,3649.3808412271233,-519.0246469785943,-1462.9641745604563,-411.26495226483235,50.0,Rentan,107.75969471376197,0.0,5748.456714610846,,"DEFISIT: amankan arus kas, pangkas diskresioner & hindari utang konsumtif baru"
60,November 2019,2838.0833333333335,340.6666666666667,5313.131886847398,4416.630362041986,6450.082179385043,-2134.381886847398,-3271.3321793850428,-1959.3451692450244,47.2,Rentan,175.03671760237378,0.0,11687.639984962425,,"DEFISIT: amankan arus kas, pangkas diskresioner & hindari utang konsumtif baru"
61,November 2019,7783.833333333333,501.9166666666667,6862.95952384185,5478.3419081631855,8848.446647978575,1422.7904761581503,-562.6966479785751,2092.7712235710787,75.5,Sehat,669.9807474129282,1674.216978856863,10235.310460712997,6.113491016977712,SURPLUS TINGGI: auto-debit tabungan berencana + tawarkan deposito/investasi
62,November 2019,1857.5,671.4166666666666,3923.131806892761,2896.192512310897,4764.218187903611,-1394.2151402260943,-2235.301521236944,-928.5228658157138,43.2,Rentan,465.6922744103805,0.0,4517.265287053985,,"DEFISIT: amankan arus kas, pangkas diskresioner & hindari utang konsumtif baru"
63,November 2019,2951.5,419.75,3156.3203467794706,2466.20838099256,3875.688275219768,214.92965322052942,-504.438275219768,436.330892643607,65.0,Waspada,221.40123942307758,349.06471411488565,5396.337053398717,15.459417223199054,SURPLUS: auto-debit tabungan berencana setelah gajian
64,November 2019,4288.75,345.8333333333333,4904.121532761436,3235.934146825095,6755.281336053067,-269.5381994281033,-2120.698002719734,79.6054280987014,57.8,Waspada,349.1436275268047,63.68434247896112,6545.3549627040475,102.77808811273168,"SEIMBANGKAN: ikuti budget hemat untuk menutup defisit, lalu auto-save kecil"
65,November 2019,2876.4166666666665,289.4166666666667,3040.6528970636373,2083.132805507677,3856.3333358126906,125.18043626969575,-690.5000024793576,237.8455715184665,59.1,Waspada,112.66513524877075,190.27645721477322,5217.764757896519,27.42201969845909,"SURPLUS TIPIS: bangun dana darurat dulu, mulai auto-save nominal kecil"
68,November 2019,3499.75,262.75,5734.699637406673,4850.732026761788,6862.432377147544,-1972.199637406673,-3099.932377147544,-1719.7311278450165,52.1,Waspada,252.46850956165636,0.0,8606.521327342627,,"DEFISIT: amankan arus kas, pangkas diskresioner & hindari utang konsumtif baru"
69,November 2019,3193.1666666666665,469.3333333333333,2448.3295536030428,1752.8808998991224,3412.3913078628434,1214.1704463969572,250.1086921371566,1262.9210172043727,72.0,Sehat,48.75057080741533,957.9499999999999,4085.379275679333,4.264710345716722,SURPLUS TINGGI: auto-debit tabungan berencana + tawarkan deposito/investasi
73,November 2019,4456.5,373.9166666666667,4418.221863464235,3195.6935687081473,6194.6166875662975,412.194803202432,-1364.2000208996305,632.2288549529084,67.1,Waspada,220.03405175047638,505.7830839623267,6626.338610245971,13.101147152520296,SURPLUS: auto-debit tabungan berencana setelah gajian
74,November 2019,3496.4166666666665,331.0,2619.3574482835907,1758.2326398387281,3498.968423759334,1208.0592183830759,328.4482429073323,1438.2060625228082,61.8,Waspada,230.14684413973237,1048.925,3203.9767894915803,3.054533726902858,SURPLUS TINGGI: auto-debit tabungan berencana + tawarkan deposito/investasi
75,November 2019,1860.5,176.25,3792.4873947652322,3113.7461851155867,4645.064154644522,-1755.7373947652322,-2608.314154644522,-1549.029071277601,48.7,Rentan,206.70832348763142,0.0,6491.683325253554,,"DEFISIT: amankan arus kas, pangkas diskresioner & hindari utang konsumtif baru"
77,November 2019,4259.166666666667,231.5,8461.496931903797,7157.184612289861,9549.692378465752,-3970.8302652371303,-5059.025711799085,-3524.0242468194174,50.3,Waspada,446.8060184177131,0.0,10889.263068687836,,"DEFISIT: amankan arus kas, pangkas diskresioner & hindari utang konsumtif baru"
79,November 2019,2430.3333333333335,439.25,2805.9430998066605,1985.6455885889893,3854.5566160867006,63.640233526673,-984.9732827533671,241.42519471539055,65.7,Waspada,177.78496118871755,193.14015577231245,4748.315725752501,24.584818764204364,"SURPLUS TIPIS: bangun dana darurat dulu, mulai auto-save nominal kecil"
80,November 2019,1817.9166666666667,220.58333333333334,2104.0673008708727,1434.5570700249673,2817.5446038582586,-65.56730087087271,-779.0446038582586,0.40668192804170644,53.7,Waspada,65.97398279891442,0.32534554243336516,3637.3579973478973,11179.984118248289,"SEIMBANGKAN: ikuti budget hemat untuk menutup defisit, lalu auto-save kecil"
81,November 2019,2963.3333333333335,473.5,5229.700988186431,4429.1946335194925,6384.42706068766,-1792.867654853097,-2947.5937273543263,-1512.503398857751,41.8,Rentan,280.3642559953459,0.0,9333.804598855515,,"DEFISIT: amankan arus kas, pangkas diskresioner & hindari utang konsumtif baru"
84,November 2019,2145.6666666666665,75.91666666666667,3414.489816538469,2906.3307473749846,4227.92296055185,-1192.9064832051358,-2006.3396272185173,-1070.5217015918684,49.2,Rentan,122.38478161326744,0.0,7477.554931841205,,"DEFISIT: amankan arus kas, pangkas diskresioner & hindari utang konsumtif baru"
86,November 2019,1934.3333333333333,301.8333333333333,2698.1333619957427,2028.4235572290172,3237.440631536862,-461.9666953290762,-1001.2739648701954,-461.9666953290762,59.8,Waspada,0.0,0.0,6129.753246663424,,"DEFISIT: amankan arus kas, pangkas diskresioner & hindari utang konsumtif baru"
87,November 2019,2012.9166666666667,403.8333333333333,3393.1429210600263,2874.421573990297,4069.9752841235063,-976.3929210600263,-1653.2252841235063,-956.8902878204804,65.8,Waspada,19.502633239545958,0.0,6513.081338246497,,"DEFISIT: amankan arus kas, pangkas diskresioner & hindari utang konsumtif baru"
89,November 2019,2518.0833333333335,299.25,3525.5150995984213,2871.808282822253,4386.036974587162,-708.1817662650878,-1568.7036412538287,-386.4632421457633,47.9,Rentan,321.71852411932457,0.0,5147.910166530057,,"DEFISIT: amankan arus kas, pangkas diskresioner & hindari utang konsumtif baru"
90,November 2019,1066.3333333333333,366.0833333333333,4162.393915769499,3367.4179857945433,4782.18061308235,-2729.977249102832,-3349.763946415683,-2512.863169679959,48.3,Rentan,217.11407942287335,0.0,8800.829422147799,,"DEFISIT: amankan arus kas, pangkas diskresioner & hindari utang konsumtif baru"
92,November 2019,2595.4166666666665,315.9166666666667,3362.7270100794162,2509.3037430417,4369.486797847315,-451.3936767460832,-1458.1534645139818,-214.50360440233698,53.3,Waspada,236.89007234374623,0.0,4604.307922413736,,"DEFISIT: amankan arus kas, pangkas diskresioner & hindari utang konsumtif baru"
94,November 2019,3063.3333333333335,603.8333333333334,4244.381127476676,3089.4198903343195,5254.629244774576,-577.2144608100089,-1587.4625781079094,-577.2144608100089,36.8,Rentan,0.0,0.0,9027.088225647793,,"DEFISIT: amankan arus kas, pangkas diskresioner & hindari utang konsumtif baru"
96,November 2019,8318.75,4706.0,24062.45510343758,18356.680829157485,27164.82227222894,-11037.70510343758,-14140.07227222894,-10563.260939505186,52.2,Waspada,474.4441639323939,0.0,60739.28879283102,,"DEFISIT: amankan arus kas, pangkas diskresioner & hindari utang konsumtif baru"
98,November 2019,1387.1666666666667,445.9166666666667,6566.090409446627,5514.038074221537,8078.455947168475,-4733.007076113294,-6245.372613835141,-4233.932201815566,36.0,Rentan,499.07487429772755,0.0,11033.952786813683,,"DEFISIT: amankan arus kas, pangkas diskresioner & hindari utang konsumtif baru"
100,November 2019,4078.6666666666665,735.0833333333334,3880.7912994717162,2713.37458289648,5230.928883406634,932.9587005282838,-417.17888340663376,987.6020569670399,82.2,Sehat,54.643356438756044,790.0816455736319,7022.649021035114,8.888510523411009,SURPLUS: auto-debit tabungan berencana setelah gajian
103,November 2019,2897.8333333333335,209.58333333333334,2148.1436099750604,1480.2231579543236,3094.4775222447183,959.2730566916066,12.93914442194864,1008.0465648181428,84.3,Sehat,48.77350812653618,806.4372518545142,3994.6911070934557,4.9535051833321315,SURPLUS TINGGI: auto-debit tabungan berencana + tawarkan deposito/investasi
104,November 2019,3115.3333333333335,340.8333333333333,3570.398563731574,2797.981100413789,4684.505886720348,-114.23189706490712,-1228.339220053681,227.94326450452434,57.1,Waspada,342.17516156943145,182.35461160361947,4579.615590514192,25.11379092769428,"SEIMBANGKAN: ikuti budget hemat untuk menutup defisit, lalu auto-save kecil"
106,November 2019,2496.4166666666665,345.0,2483.8127498184303,1954.0438375522726,3154.919751884059,357.60391684823617,-313.5030852173927,396.6143262957247,71.7,Sehat,39.010409447488534,317.2914610365798,5193.060211105982,16.366845152846032,SURPLUS: auto-debit tabungan berencana setelah gajian
107,November 2019,2229.8333333333335,257.0833333333333,1518.2217212811047,914.975217225083,2350.740564303718,968.6949453855623,136.17610236294877,976.2529205483783,79.2,Sehat,7.557975162816007,668.95,3170.7269296059303,4.739856386285866,SURPLUS TINGGI: auto-debit tabungan berencana + tawarkan deposito/investasi
110,November 2019,4348.833333333333,271.8333333333333,3710.8141475646444,2511.0489927805183,5311.205825026129,909.8525191020217,-690.5391583594628,1295.646817618507,72.8,Sehat,385.7942985164852,1036.5174540948055,4284.061662874985,4.133130268043843,SURPLUS TINGGI: auto-debit tabungan berencana + tawarkan deposito/investasi
112,November 2019,2926.1666666666665,516.3333333333334,8643.890105646515,7685.34908581534,10109.575565949874,-5201.390105646515,-6667.075565949874,-4640.606625536306,46.9,Rentan,560.7834801102093,0.0,16860.395456534145,,"DEFISIT: amankan arus kas, pangkas diskresioner & hindari utang konsumtif baru"
113,November 2019,3250.25,170.0,4127.747129145484,2896.5151778669115,5440.386241269881,-707.497129145484,-2020.1362412698809,-310.04243152621314,56.5,Waspada,397.45469761927086,0.0,6382.5846955768575,,"DEFISIT: amankan arus kas, pangkas diskresioner & hindari utang konsumtif baru"
114,November 2019,2870.0833333333335,4460.583333333333,11835.711052586583,10770.333806293991,13445.647381434697,-4505.044385919917,-6114.980714768031,-4091.181207677505,54.2,Waspada,413.8631782424119,0.0,27123.532374194994,,"DEFISIT: amankan arus kas, pangkas diskresioner & hindari utang konsumtif baru"
115,November 2019,8418.166666666666,368.5833333333333,5735.341063602513,4131.71868194598,7813.147424638544,3051.408936397487,973.6025753614558,3106.911152428036,80.4,Sehat,55.50221603054888,2485.528921942429,10409.445585709398,4.18802030176115,SURPLUS TINGGI: auto-debit tabungan berencana + tawarkan deposito/investasi
116,November 2019,5602.5,567.5833333333334,4983.604154684669,3828.434470832123,6630.912271873642,1186.479178648664,-460.8289385403086,1195.0716093479487,83.2,Sehat,8.592430699284634,956.057287478359,9408.387636801239,9.840819959247687,SURPLUS: auto-debit tabungan berencana setelah gajian
118,November 2019,2627.75,217.58333333333334,2854.8226930889746,1917.6752485437823,3630.1328643843635,-9.48935975564109,-784.79953105103,65.81114954124301,68.2,Waspada,75.3005092968841,52.648919632994414,4904.6817774972205,93.15826063833451,"SEIMBANGKAN: ikuti budget hemat untuk menutup defisit, lalu auto-save kecil"
119,November 2019,4717.083333333333,447.25,3618.093526535937,2533.1800772233064,4821.171692486285,1546.2398067973959,343.16164084704815,1625.4193589778813,75.5,Sehat,79.17955218048536,1300.335487182305,7461.0957935449205,5.737823713257535,SURPLUS TINGGI: auto-debit tabungan berencana + tawarkan deposito/investasi
120,November 2019,5084.0,328.1666666666667,3508.1228418223623,2208.7560103764545,4712.999877943641,1904.0438248443047,699.166788723026,1904.5247993701994,84.8,Sehat,0.4809745258946805,1523.6198394961596,5142.676704785854,3.3753017461931103,SURPLUS TINGGI: auto-debit tabungan berencana + tawarkan deposito/investasi
121,November 2019,3784.9166666666665,443.5,4631.2326684906975,3665.5695242285788,5458.247782768965,-402.81600182403145,-1229.8311161022993,-159.90916545686497,53.3,Waspada,242.90683636716648,0.0,10092.0242024756,,"DEFISIT: amankan arus kas, pangkas diskresioner & hindari utang konsumtif baru"
122,November 2019,3268.4166666666665,396.6666666666667,3377.664516875708,2551.0008795036347,4724.489748971978,287.41881645762487,-1059.4064156386448,287.8929980075061,73.1,Sehat,0.47418154988119454,230.3143984060049,7429.675171062849,32.25883931913628,"SURPLUS TIPIS: bangun dana darurat dulu, mulai auto-save nominal kecil"
123,November 2019,3026.25,298.9166666666667,2921.711323944154,2104.211589020082,3755.929943407225,403.45534272251234,-430.76327674055847,576.4959523293371,84.4,Sehat,173.04060960682483,461.1967618634697,4571.189527296589,9.911582008569741,SURPLUS: auto-debit tabungan berencana setelah gajian
124,November 2019,2859.25,360.4166666666667,2188.189013716588,1393.1418084631189,3184.823853812216,1031.4776529500787,34.842812854450585,1116.324992254312,75.8,Sehat,84.84733930423332,857.775,3330.7024326315195,3.882955824815971,SURPLUS TINGGI: auto-debit tabungan berencana + tawarkan deposito/investasi
125,November 2019,2211.25,309.75,1514.3784471137865,1141.6524961285545,2148.8882156183436,1006.6215528862135,372.11178438165643,1053.802231563896,67.1,Waspada,47.180678677682344,663.375,3062.5843618051986,4.61667135753563,SURPLUS TINGGI: auto-debit tabungan berencana + tawarkan deposito/investasi
126,November 2019,2216.6666666666665,272.0833333333333,2174.745946063433,1515.2963678706406,2847.257496221269,314.00405393656683,-358.50749622126887,396.8252624346876,86.1,Sehat,82.8212084981208,317.4602099477501,3432.910824901804,10.813672760648704,SURPLUS: auto-debit tabungan berencana setelah gajian
127,November 2019,2629.4166666666665,381.0,6686.184799863418,5762.436393607757,7733.217773743871,-3675.768133196752,-4722.8011070772045,-3411.7754909760056,53.6,Waspada,263.99264222074646,0.0,15320.815487968834,,"DEFISIT: amankan arus kas, pangkas diskresioner & hindari utang konsumtif baru"
128,November 2019,2614.75,353.75,3128.8937379888657,2330.19025901657,3951.356789966525,-160.39373798886572,-982.856789966525,-156.40219355164527,65.4,Waspada,3.9915444372204547,0.0,5118.493545934003,,"DEFISIT: amankan arus kas, pangkas diskresioner & hindari utang konsumtif baru"
132,November 2019,2629.5833333333335,336.5,1355.0021387248764,956.2082170998414,2058.5226368046765,1611.081194608457,907.560696528657,1615.7543170577178,71.7,Sehat,4.673122449260788,788.875,2724.2739096286027,3.453365754560105,SURPLUS TINGGI: auto-debit tabungan berencana + tawarkan deposito/investasi
133,November 2019,5224.333333333333,489.5,4063.648414605815,3010.9498614748195,5541.223139435942,1650.184918727518,172.61019389739067,1679.801113241897,81.6,Sehat,29.616194514378936,1343.8408905935175,8179.623385963864,6.08674988476595,SURPLUS TINGGI: auto-debit tabungan berencana + tawarkan deposito/investasi
134,November 2019,4181.166666666667,146.83333333333334,4022.8007082059503,2785.271949609577,5256.4537886613325,305.1992917940497,-928.4537886613325,457.4790451219377,56.6,Waspada,152.27975332788796,365.98323609755016,6106.571537904936,16.68538592919943,"SURPLUS TIPIS: bangun dana darurat dulu, mulai auto-save nominal kecil"
135,November 2019,3174.0,441.8333333333333,6462.5802655331145,5584.017003015757,7383.0058176475195,-2846.746932199781,-3767.172484314186,-2744.332144339452,48.7,Rentan,102.41478786032893,0.0,15622.809129047675,,"DEFISIT: amankan arus kas, pangkas diskresioner & hindari utang konsumtif baru"
137,November 2019,3422.4166666666665,216.16666666666666,7980.22422288419,7425.921481332512,8607.695441824,-4341.640889550857,-4969.112108490667,-3960.61592469897,41.4,Rentan,381.02496485188635,0.0,17494.96359824318,,"DEFISIT: amankan arus kas, pangkas diskresioner & hindari utang konsumtif baru"
138,November 2019,2730.8333333333335,317.6666666666667,2832.6763011071807,1922.192018759166,3836.2147130278727,215.82369889281927,-787.7147130278727,230.5721208648562,58.0,Waspada,14.748421972036944,184.45769669188496,5607.471490202838,30.399769653252605,"SURPLUS TIPIS: bangun dana darurat dulu, mulai auto-save nominal kecil"
140,November 2019,3510.0,498.75,2956.2990277342783,1911.7535073801726,3941.149095959691,1052.4509722657217,67.60090404030916,1073.7300735404597,79.3,Sehat,21.279101274737855,858.9840588323677,6300.933462962066,7.33533224298369,SURPLUS TINGGI: auto-debit tabungan berencana + tawarkan deposito/investasi
141,November 2019,1923.5,694.1666666666666,3791.7952248055417,2788.9280938279335,4906.5135894553,-1174.1285581388752,-2288.846922788633,-796.6833411627156,43.9,Rentan,377.44521697615966,0.0,5298.748984760443,,"DEFISIT: amankan arus kas, pangkas diskresioner & hindari utang konsumtif baru"
142,November 2019,4315.666666666667,256.0833333333333,6681.838635978065,5312.3019356362365,8047.489387977002,-2110.088635978065,-3475.7393879770016,-1487.004855928359,37.9,Rentan,623.0837800497063,0.0,9837.498157629405,,"DEFISIT: amankan arus kas, pangkas diskresioner & hindari utang konsumtif baru"
144,November 2019,2694.1666666666665,482.6666666666667,5263.862035390901,4300.159786155171,5976.7142029591505,-2087.028702057568,-2799.8808696258175,-1845.848098255135,46.8,Rentan,241.18060380243287,0.0,10990.898967829231,,"DEFISIT: amankan arus kas, pangkas diskresioner & hindari utang konsumtif baru"
145,November 2019,2111.1666666666665,418.4166666666667,1632.2881484055065,1164.5046390634777,2406.7829288085964,897.2951849278265,122.80040452473668,897.2951849278265,74.0,Sehat,0.0,633.3499999999999,3436.595835495459,5.426061159699155,SURPLUS TINGGI: auto-debit tabungan berencana + tawarkan deposito/investasi
146,November 2019,5725.833333333333,645.75,4068.585292449954,2838.8854684200837,5290.7950797560625,2302.998040883379,1080.7882535772706,2409.535661469507,68.6,Waspada,106.53762058612813,1717.7499999999998,7051.318804387434,4.104973834601912,SURPLUS TINGGI: auto-debit tabungan berencana + tawarkan deposito/investasi
147,November 2019,4698.583333333333,549.75,3351.9197101467835,2126.8078246298146,4690.5154857757,1896.4136231865496,557.8178475576333,1919.9554727232235,74.6,Sehat,23.541849536673922,1409.5749999999998,5917.26051075865,4.197903985781991,SURPLUS TINGGI: auto-debit tabungan berencana + tawarkan deposito/investasi
148,November 2019,3223.4166666666665,214.0,3398.6984010203983,2542.5475856748426,4193.469861531791,38.718265646268264,-756.0531948651246,209.45525088974196,54.5,Waspada,170.7369852434737,167.56420071179357,5284.96380343254,31.53993383421171,"SURPLUS TIPIS: bangun dana darurat dulu, mulai auto-save nominal kecil"
149,November 2019,7603.083333333333,527.4166666666666,5450.929998188133,3840.086729124864,7218.495322423518,2679.570001811867,912.0046775764822,2720.5007623630872,64.2,Waspada,40.93076055122032,2176.4006098904697,9191.238289043911,4.223137159250508,SURPLUS TINGGI: auto-debit tabungan berencana + tawarkan deposito/investasi
150,November 2019,5957.5,433.1666666666667,5916.238005181798,4563.901741479139,7259.357465901407,474.4286614848688,-868.6907992347396,729.6902761011193,79.7,Sehat,255.26161461625043,583.7522208808954,12062.952674508098,20.6645084044474,"SURPLUS TIPIS: bangun dana darurat dulu, mulai auto-save nominal kecil"
152,November 2019,4111.25,405.1666666666667,7171.743561173292,5667.686831195062,9405.239126569013,-2655.3268945066247,-4888.822459902346,-2653.947318921073,55.9,Waspada,1.3795755855518763,0.0,16953.054573239984,,"DEFISIT: amankan arus kas, pangkas diskresioner & hindari utang konsumtif baru"
153,November 2019,2290.3333333333335,272.8333333333333,2251.3180265196183,1470.1522103203747,3069.000130451257,311.8486401470486,-505.8334637845901,388.8042482525648,67.4,Waspada,76.95560810551612,311.04339860205187,2395.539662618384,7.701625153868743,SURPLUS: auto-debit tabungan berencana setelah gajian
154,November 2019,3122.3333333333335,2386.0,7032.46443312268,6004.834162281808,7871.917492742858,-1524.131099789346,-2363.5841594095236,-1448.3294532833513,41.2,Rentan,75.80164650599468,0.0,11744.313170147829,,"DEFISIT: amankan arus kas, pangkas diskresioner & hindari utang konsumtif baru"
155,November 2019,806.5,522.5833333333334,2026.4975823849682,1428.176037859152,2951.9269183812976,-697.4142490516347,-1622.843585047964,-611.5530480599255,44.7,Rentan,85.86120099170923,0.0,4293.737030586171,,"DEFISIT: amankan arus kas, pangkas diskresioner & hindari utang konsumtif baru"
156,November 2019,2333.9166666666665,381.1666666666667,2798.5809407755537,2151.653801383312,3427.6636881724,-83.49760744222067,-712.5803548390668,91.55282378534574,69.4,Waspada,175.0504312275664,73.24225902827659,5940.8806227998575,81.1127442219698,"SEIMBANGKAN: ikuti budget hemat untuk menutup defisit, lalu auto-save kecil"
157,November 2019,2737.25,404.4166666666667,4061.5516455691195,2962.2286964893437,5000.063664355526,-919.884978902453,-1858.3969976888598,-578.7980424526227,46.5,Rentan,341.08693644983026,0.0,5737.874550707734,,"DEFISIT: amankan arus kas, pangkas diskresioner & hindari utang konsumtif baru"
160,November 2019,3163.75,445.9166666666667,3215.9436160297055,2339.657730860674,4187.790449851466,393.72305063696103,-578.1237831847998,600.0831487787557,73.5,Sehat,206.36009814179462,480.06651902300456,5681.900946539353,11.835653438408352,SURPLUS: auto-debit tabungan berencana setelah gajian
161,November 2019,1955.75,398.6666666666667,3542.1939792687813,2877.3134186028656,4332.4311064167405,-1187.7773126021148,-1978.014439750074,-1005.5326200581886,52.8,Waspada,182.24469254392613,0.0,7667.561492266042,,"DEFISIT: amankan arus kas, pangkas diskresioner & hindari utang konsumtif baru"
162,November 2019,5509.25,473.75,4759.319183174655,3445.014894255449,6509.424085596202,1223.6808168253447,-526.4240855962016,1446.1339972512285,79.4,Sehat,222.45318042588391,1156.9071978009829,8119.554432059142,7.018328218108216,SURPLUS TINGGI: auto-debit tabungan berencana + tawarkan deposito/investasi
164,November 2019,3152.4166666666665,484.9166666666667,2790.9881153498513,1938.1479470279069,3833.664388858721,846.3452179834817,-196.3310555253879,941.7520778435514,76.9,Sehat,95.40685986006977,753.4016622748412,4889.012103816784,6.489250486990922,SURPLUS TINGGI: auto-debit tabungan berencana + tawarkan deposito/investasi
165,November 2019,8973.583333333334,406.6666666666667,10428.491989350841,9073.19652891221,11214.992974318533,-1048.2419893508413,-1834.742974318533,-129.90566185915088,47.7,Rentan,918.3363274916904,0.0,8325.967172401179,,"DEFISIT: amankan arus kas, pangkas diskresioner & hindari utang konsumtif baru"
169,November 2019,2537.5833333333335,38.0,989.9365802343262,780.6810075539552,1503.771276847027,1585.6467530990071,1071.8120564863066,1662.5900958274144,70.9,Sehat,76.9433427284072,761.275,1126.0862862612294,1.479210910986476,SURPLUS TINGGI: auto-debit tabungan berencana + tawarkan deposito/investasi
170,November 2019,3081.9166666666665,337.8333333333333,3552.3459786539206,2731.1071631915934,4535.412586676167,-132.5959786539206,-1115.662586676167,-100.52384291722666,65.2,Waspada,32.07213573669395,0.0,6706.270324270905,,"DEFISIT: amankan arus kas, pangkas diskresioner & hindari utang konsumtif baru"
171,November 2019,4131.416666666667,2306.4166666666665,9047.21122793587,7760.891014635941,10518.216379392506,-2609.377894602536,-4080.3830460591726,-2182.5356449767414,35.4,Rentan,426.8422496257946,0.0,19214.17980932578,,"DEFISIT: amankan arus kas, pangkas diskresioner & hindari utang konsumtif baru"
172,November 2019,3763.6666666666665,203.08333333333334,2056.8039537122613,1256.9459116726584,2910.783477908124,1909.9460462877387,1055.966522091876,1909.9460462877387,79.9,Sehat,0.0,1129.1,3421.1047197796975,3.0299395268618348,SURPLUS TINGGI: auto-debit tabungan berencana + tawarkan deposito/investasi
173,November 2019,2533.25,493.3333333333333,5300.548570764572,4283.444135318049,6256.206561617231,-2273.9652374312386,-3229.623228283898,-2078.8915849697973,49.7,Rentan,195.0736524614412,0.0,11118.924868623913,,"DEFISIT: amankan arus kas, pangkas diskresioner & hindari utang konsumtif baru"
176,November 2019,4347.666666666667,422.8333333333333,5468.210950715648,4212.172808237087,6695.343276682018,-697.7109507156483,-1924.8432766820179,-214.14845782186723,48.8,Rentan,483.5624928937811,0.0,7933.842700882964,,"DEFISIT: amankan arus kas, pangkas diskresioner & hindari utang konsumtif baru"
177,November 2019,4854.0,513.3333333333334,6442.673106246506,5115.681230135726,7918.973178458895,-1075.339772913173,-2551.639845125562,-995.4937872569311,52.5,Waspada,79.84598565624187,0.0,6509.725318984447,,"DEFISIT: amankan arus kas, pangkas diskresioner & hindari utang konsumtif baru"
178,November 2019,4087.0833333333335,561.1666666666666,3458.6432116133124,2341.27155015223,4525.69226666422,1189.6067883866876,122.55773333577963,1341.1968845885292,83.1,Sehat,151.59009620184148,1072.9575076708234,6700.246398888115,6.244652142313644,SURPLUS TINGGI: auto-debit tabungan berencana + tawarkan deposito/investasi
180,November 2019,2213.0,87.33333333333333,2033.5972342169573,1355.4872953656259,2434.627845364967,266.7360991163762,-134.29451203163353,372.0312579326159,72.0,Sehat,105.29515881623972,297.62500634609273,2882.7302596823783,9.685779750409145,SURPLUS: auto-debit tabungan berencana setelah gajian
184,November 2019,3627.4166666666665,300.6666666666667,2751.783871033203,1722.9217418819824,3627.9762796870627,1176.29946230013,300.1070536462703,1191.3693101750289,73.2,Sehat,15.06984787489887,953.0954481400231,4886.9204959432445,5.127419825034447,SURPLUS TINGGI: auto-debit tabungan berencana + tawarkan deposito/investasi
185,November 2019,2578.5,222.5,3154.299296442629,2346.5601092577244,4355.778838780392,-353.29929644262893,-1554.778838780392,-286.4451017615701,60.5,Waspada,66.85419468105883,0.0,5366.70513191236,,"DEFISIT: amankan arus kas, pangkas diskresioner & hindari utang konsumtif baru"
190,November 2019,3704.3333333333335,382.135,8910.407687750896,7925.169465817123,10014.565881083734,-4823.939354417563,-5928.097547750401,-4480.915877973852,52.5,Waspada,343.02347644371054,0.0,21907.34772787161,,"DEFISIT: amankan arus kas, pangkas diskresioner & hindari utang konsumtif baru"
194,November 2019,2556.75,2254.25,4917.767710748708,3950.512875357825,5916.217128246401,-106.76771074870794,-1105.2171282464014,-59.837385487387024,63.1,Waspada,46.93032526132092,0.0,11984.061487716494,,"DEFISIT: amankan arus kas, pangkas diskresioner & hindari utang konsumtif baru"
196,November 2019,2981.25,520.1666666666666,2637.6255821373766,1735.0157994786061,3564.8090065694414,863.79108452929,-63.39233990277489,1041.2390364575983,79.7,Sehat,177.44795192830836,832.9912291660787,4759.844331548969,5.714159002987496,SURPLUS TINGGI: auto-debit tabungan berencana + tawarkan deposito/investasi
197,November 2019,2677.3333333333335,143.66666666666666,5424.3650146071,4452.274285206833,6347.569240770972,-2603.3650146071004,-3526.569240770972,-2152.5960850963274,39.1,Rentan,450.7689295107729,0.0,9332.886655152293,,"DEFISIT: amankan arus kas, pangkas diskresioner & hindari utang konsumtif baru"
198,November 2019,2624.75,375.5,2585.311271287445,1472.5575856144137,3832.2031390289003,414.9387287125551,-831.9531390289003,558.505962290642,72.9,Sehat,143.56723357808684,446.80476983251356,4361.536282175688,9.76161531088987,SURPLUS: auto-debit tabungan berencana setelah gajian
199,November 2019,6527.416666666667,680.25,3820.9867116359865,2630.0555833152657,5457.742397162082,3386.6799550306805,1749.924269504585,3386.6799550306805,85.4,Sehat,0.0,1958.225,7635.440350430215,3.899163962481439,SURPLUS TINGGI: auto-debit tabungan berencana + tawarkan deposito/investasi
200,November 2019,3044.0,422.5,3218.045689584433,2388.491960258857,4329.543496518676,248.45431041556685,-863.043496518676,453.17876308340783,55.0,Waspada,204.724452667841,362.5430104667263,5512.957082008215,15.206353240436247,SURPLUS: auto-debit tabungan berencana setelah gajian
201,November 2019,2985.25,186.0,1834.3261895686642,983.9301617445825,2633.6967394178146,1336.9238104313358,537.5532605821854,1394.396425922245,63.6,Waspada,57.472615490909284,895.5749999999999,2512.6415314178366,2.80561821334655,SURPLUS TINGGI: auto-debit tabungan berencana + tawarkan deposito/investasi
203,November 2019,2525.4166666666665,515.0833333333334,2587.898956754847,1781.8379003120094,3776.582672710297,452.60104324515305,-736.0826727102972,452.60104324515305,84.3,Sehat,0.0,362.0808345961225,5843.125500366668,16.137627132030595,SURPLUS: auto-debit tabungan berencana setelah gajian
205,November 2019,3323.5,422.5833333333333,3341.6746300061336,2402.9508920832563,4220.158928049639,404.4087033271999,-474.07559471630566,439.6253477455603,77.6,Sehat,35.21664441836043,351.70027819644827,4856.172712885252,13.807702222438257,SURPLUS: auto-debit tabungan berencana setelah gajian
206,November 2019,3131.9166666666665,362.5,2644.8614125137915,1770.1586884985563,3576.6080822087147,849.555254152875,-82.19141554204816,932.8121299366607,82.1,Sehat,83.25687578378567,746.2497039493286,4953.948344117403,6.638459376131,SURPLUS TINGGI: auto-debit tabungan berencana + tawarkan deposito/investasi
207,November 2019,2379.4166666666665,348.6666666666667,2093.049746505447,1451.975300965254,3133.465319209181,635.0335868278862,-405.38198587584793,687.7266752671311,78.5,Sehat,52.69308843924492,550.1813402137049,3387.7597988976268,6.15753307369845,SURPLUS TINGGI: auto-debit tabungan berencana + tawarkan deposito/investasi
208,November 2019,5645.583333333333,4365.583333333333,14076.024175905342,12685.134817683462,16327.596316362387,-4064.8575092386764,-6316.429649695721,-3898.832802872211,56.4,Waspada,166.02470636646575,0.0,35644.78522830509,,"DEFISIT: amankan arus kas, pangkas diskresioner & hindari utang konsumtif baru"
209,November 2019,2433.8333333333335,378.3333333333333,3242.1223951532224,2527.3454009379484,4217.2523431294385,-429.9557284865555,-1405.0856764627715,-285.54128473095193,56.6,Waspada,144.41444375560354,0.0,6587.616563082629,,"DEFISIT: amankan arus kas, pangkas diskresioner & hindari utang konsumtif baru"
211,November 2019,2415.25,139.25,2083.7826422075746,1467.399036597443,2657.1542798672726,470.71735779242545,-102.65427986727263,470.71735779242545,85.4,Sehat,0.0,376.57388623394036,4028.7899243689876,10.698537715029364,SURPLUS: auto-debit tabungan berencana setelah gajian
212,November 2019,2344.75,403.0,1698.5270751762655,1208.758210188625,2447.9066938181786,1049.2229248237345,299.8433061818214,1049.2229248237345,77.4,Sehat,0.0,703.425,3775.341977239106,5.367085300123121,SURPLUS TINGGI: auto-debit tabungan berencana + tawarkan deposito/investasi
213,November 2019,4597.666666666667,737.25,5416.388378391701,4185.070745093291,6848.054319668559,-81.47171172503386,-1513.1376530018924,248.25489860785763,56.0,Waspada,329.7266103328915,198.60391888628612,9489.927003640763,47.78318100094678,"SEIMBANGKAN: ikuti budget hemat untuk menutup defisit, lalu auto-save kecil"
216,November 2019,2764.8333333333335,374.5,2394.55584339314,1625.0476334301156,3461.360327969155,744.7774899401934,-322.02699463582167,759.153733874738,68.4,Waspada,14.376243934544622,607.3229870997905,4974.619581785795,8.191060913965382,SURPLUS TINGGI: auto-debit tabungan berencana + tawarkan deposito/investasi
217,November 2019,2585.9166666666665,206.75,3520.269726292314,2667.1531518086304,4795.673366164691,-727.6030596256473,-2003.0066994980248,-400.8933034317949,45.5,Rentan,326.70975619385246,0.0,4871.485417953657,,"DEFISIT: amankan arus kas, pangkas diskresioner & hindari utang konsumtif baru"
218,November 2019,2849.1666666666665,442.0,2593.9214301662823,1860.6020139006455,3693.590059972283,697.2452365003842,-402.4233933056166,762.0796585476658,78.1,Sehat,64.83442204728152,609.6637268381327,3853.9352734697313,6.32141146637868,SURPLUS TINGGI: auto-debit tabungan berencana + tawarkan deposito/investasi
219,November 2019,1875.4166666666667,451.0,1484.6401892767442,1041.7231916215276,2137.0585167479494,841.7764773899228,189.35814991871757,864.9566770027113,87.5,Sehat,23.180199612788527,562.625,3264.773932480385,5.802753045954917,SURPLUS TINGGI: auto-debit tabungan berencana + tawarkan deposito/investasi
220,November 2019,5153.833333333333,520.5833333333334,3066.8782456431577,2004.9217983117217,4524.460031630046,2607.5384210235084,1149.9566350366204,2632.9305324247343,82.7,Sehat,25.39211140122606,1546.1499999999999,6475.788278979021,4.188331196183437,SURPLUS TINGGI: auto-debit tabungan berencana + tawarkan deposito/investasi
222,November 2019,7784.75,345.9166666666667,5684.435180353306,3104.457966623427,7242.206333749163,2446.2314863133606,888.4603329175043,2446.2314863133606,81.3,Sehat,0.0,1956.9851890506886,6375.995285235012,3.2580702812206437,SURPLUS TINGGI: auto-debit tabungan berencana + tawarkan deposito/investasi
225,November 2019,3407.25,686.5,3834.339563759623,2731.1253983983934,5066.410931483575,259.41043624037684,-972.660931483575,617.8338693749231,63.9,Waspada,358.4234331345463,494.2670954999385,5109.825339492541,10.338186349071213,SURPLUS: auto-debit tabungan berencana setelah gajian
227,November 2019,6857.916666666667,549.25,5779.000421229869,4644.316626713957,7509.915461019847,1628.166245436798,-102.74879435317962,2094.1207763965717,80.5,Sehat,465.9545309597738,1675.2966211172575,8701.109698705903,5.193772606610477,SURPLUS TINGGI: auto-debit tabungan berencana + tawarkan deposito/investasi
229,November 2019,4937.333333333333,492.6666666666667,4156.679979767155,2940.1957440304222,5246.282054685542,1273.3200202328453,183.71794531445812,1557.9925731114379,68.0,Waspada,284.67255287859257,1246.3940584891504,6940.237132400437,5.568252740881347,SURPLUS TINGGI: auto-debit tabungan berencana + tawarkan deposito/investasi
230,November 2019,2958.4166666666665,426.5,2190.007946791414,1501.9886377811592,3255.2167874794045,1194.9087198752527,129.699879187262,1212.4551048730948,72.5,Sehat,17.546384997842146,887.525,4875.460773999932,5.4933221869805715,SURPLUS TINGGI: auto-debit tabungan berencana + tawarkan deposito/investasi
231,November 2019,3022.5,316.8333333333333,3365.5326829409187,2523.6165330677695,4285.249868906823,-26.19934960758519,-945.9165355734899,92.58869390200688,62.1,Waspada,118.78804350959207,74.07095512160551,5198.419639460871,70.18162019007855,"SEIMBANGKAN: ikuti budget hemat untuk menutup defisit, lalu auto-save kecil"
233,November 2019,3955.3333333333335,263.1666666666667,4309.829770290307,3362.2431720215277,6040.8080885354975,-91.32977029030735,-1822.3080885354975,-64.11625494902894,54.1,Waspada,27.21351534127841,0.0,11190.433524898486,,"DEFISIT: amankan arus kas, pangkas diskresioner & hindari utang konsumtif baru"
234,November 2019,3135.25,209.08333333333334,3957.845168835764,3043.7526256923557,4997.437089503179,-613.5118355024306,-1653.1037561698454,-517.2027916689026,60.4,Waspada,96.30904383352802,0.0,5233.5333797558,,"DEFISIT: amankan arus kas, pangkas diskresioner & hindari utang konsumtif baru"
235,November 2019,4056.3333333333335,564.75,3404.775464553572,2148.944503286556,4791.403114727623,1216.307868779762,-170.31978139428884,1216.307868779762,77.7,Sehat,0.0,973.0462950238096,5880.73053814026,6.043628723745733,SURPLUS TINGGI: auto-debit tabungan berencana + tawarkan deposito/investasi
236,November 2019,13439.666666666666,380.9166666666667,5052.192599822429,3530.4479087123864,7724.5350292493895,8768.390733510903,6096.048304083943,8768.390733510903,64.3,Waspada,0.0,4031.8999999999996,8566.017917239353,2.1245611045014394,SURPLUS TINGGI: auto-debit tabungan berencana + tawarkan deposito/investasi
237,November 2019,4882.0,348.5833333333333,4041.0827305083367,2802.5303397730977,5484.469128346901,1189.5006028249963,-253.88579501356799,1232.0602615030969,67.2,Waspada,42.559658678100426,985.6482092024776,6949.99983603574,7.051197142294033,SURPLUS TINGGI: auto-debit tabungan berencana + tawarkan deposito/investasi
240,November 2019,2905.6666666666665,239.25,2097.988651388245,1112.9066805356033,3095.33267981496,1046.9280152784213,49.58398685170641,1089.4750727213163,66.0,Waspada,42.54705744289509,871.5800581770532,3394.633420891351,3.8948039127826894,SURPLUS TINGGI: auto-debit tabungan berencana + tawarkan deposito/investasi
241,November 2019,2550.4166666666665,497.9166666666667,3668.243493849844,2920.368803949492,4720.194858751079,-619.910160516511,-1671.8615254177457,-160.02454335590346,45.8,Rentan,459.8856171606076,0.0,3534.0362759046243,,"DEFISIT: amankan arus kas, pangkas diskresioner & hindari utang konsumtif baru"
242,November 2019,3630.0,409.0833333333333,3969.917567357904,2977.036594969012,4990.170856459107,69.16576597542962,-951.0875231257737,69.16576597542962,80.1,Sehat,0.0,55.3326127803437,3376.10061548461,61.014661080380655,"SURPLUS TIPIS: bangun dana darurat dulu, mulai auto-save nominal kecil"
244,November 2019,2233.5,412.0,2176.4679973050293,1534.8047342342286,2795.993579957588,469.03200269497074,-150.49357995758783,469.03200269497074,77.7,Sehat,0.0,375.2256021559766,4125.565360138415,10.994893036172591,SURPLUS: auto-debit tabungan berencana setelah gajian
246,November 2019,6858.166666666667,511.8333333333333,5246.035264617454,3803.71922470748,7135.437378854548,2123.9647353825458,234.56262114545189,2598.748774865279,78.2,Sehat,474.7840394827332,2057.45,8328.451046670887,4.047948210975182,SURPLUS TINGGI: auto-debit tabungan berencana + tawarkan deposito/investasi
247,November 2019,4548.916666666667,664.6666666666666,8712.491383994113,6995.843815086185,10262.92849224302,-3498.908050660779,-5049.345158909686,-3210.0405689090308,48.9,Rentan,288.8674817517482,0.0,19415.81849881838,,"DEFISIT: amankan arus kas, pangkas diskresioner & hindari utang konsumtif baru"
248,November 2019,1133.0,167.91666666666666,1938.4213558645129,1394.7508780577868,2732.8292917662066,-637.5046891978461,-1431.9126250995398,-533.1886215795474,38.7,Rentan,104.31606761829873,0.0,3822.570799667306,,"DEFISIT: amankan arus kas, pangkas diskresioner & hindari utang konsumtif baru"
249,November 2019,2486.25,239.83333333333334,2563.3218415631136,1777.476399104187,3226.3311422482666,162.7614917702199,-500.2478089149331,162.7614917702199,66.1,Waspada,0.0,130.2091934161759,5432.40471830839,41.720592653894144,"SURPLUS TIPIS: bangun dana darurat dulu, mulai auto-save nominal kecil"
250,November 2019,2889.25,329.5833333333333,3805.889542185246,3036.007589610549,4730.670780797401,-587.0562088519123,-1511.8374474640673,-416.178799264744,56.6,Waspada,170.8774095871683,0.0,7172.400121246353,,"DEFISIT: amankan arus kas, pangkas diskresioner & hindari utang konsumtif baru"
252,November 2019,2915.4166666666665,330.3333333333333,4814.524055376036,4099.4495666100565,5886.362713642624,-1568.774055376036,-2640.612713642624,-1096.7475108574845,42.1,Rentan,472.0265445185514,0.0,6032.112554982749,,"DEFISIT: amankan arus kas, pangkas diskresioner & hindari utang konsumtif baru"
254,November 2019,5632.416666666667,541.5833333333334,9799.505249091731,8298.964546373601,10799.036391265612,-3625.5052490917315,-4625.036391265612,-3296.465134459937,58.7,Waspada,329.0401146317944,0.0,15932.037332126474,,"DEFISIT: amankan arus kas, pangkas diskresioner & hindari utang konsumtif baru"
256,November 2019,1904.1666666666667,436.25,3998.9658543350356,2967.20399278308,5201.088942219184,-1658.5491876683686,-2860.672275552517,-1488.8907766859536,53.2,Waspada,169.6584109824151,0.0,8486.338493841873,,"DEFISIT: amankan arus kas, pangkas diskresioner & hindari utang konsumtif baru"
257,November 2019,2589.1666666666665,314.25,3972.752068955962,3354.7284107442547,5095.955270892705,-1069.3354022892954,-2192.5386042260384,-1005.637447837634,43.5,Rentan,63.697954451661474,0.0,4097.588689307058,,"DEFISIT: amankan arus kas, pangkas diskresioner & hindari utang konsumtif baru"
260,November 2019,2425.8333333333335,246.83333333333334,1605.8917914116614,1022.4445424241106,2554.997472474046,1066.7748752550056,117.66919419262103,1066.7748752550056,82.8,Sehat,0.0,727.75,3045.5326860218547,4.184861128164692,SURPLUS TINGGI: auto-debit tabungan berencana + tawarkan deposito/investasi
261,November 2019,4924.416666666667,578.5833333333334,5798.7486070037185,4465.156614967985,7283.208667833908,-295.74860700371846,-1780.2086678339083,-120.90133994229905,65.6,Waspada,174.84726706141942,0.0,8006.112521423549,,"DEFISIT: amankan arus kas, pangkas diskresioner & hindari utang konsumtif baru"
264,November 2019,3691.9166666666665,466.0833333333333,3463.9659926026443,2601.936979788183,4487.49528601877,694.0340073973557,-329.49528601876955,876.883296867911,78.8,Sehat,182.84928947055525,701.5066374943289,4366.409784018597,6.224331389956229,SURPLUS: auto-debit tabungan berencana setelah gajian
265,November 2019,3791.4166666666665,504.4166666666667,2695.886981631159,1800.107120586329,3708.739551668647,1599.946351702174,587.093781664686,1649.9396941081275,69.4,Waspada,49.993342405953456,1137.425,4988.228886646654,4.385545320919317,SURPLUS TINGGI: auto-debit tabungan berencana + tawarkan deposito/investasi
267,November 2019,2311.0833333333335,275.25,1508.578082882254,985.180114525266,2186.7756088648644,1077.7552504510795,399.55772446846913,1095.6727682749904,83.7,Sehat,17.917517823910977,693.325,2958.8149332851326,4.267572831334702,SURPLUS TINGGI: auto-debit tabungan berencana + tawarkan deposito/investasi
273,November 2019,3117.9166666666665,432.5833333333333,4052.1147954733337,2993.1615587052256,5074.452099002547,-501.61479547333374,-1523.9520990025467,-252.31246291776196,46.7,Rentan,249.30233255557178,0.0,6252.957976143649,,"DEFISIT: amankan arus kas, pangkas diskresioner & hindari utang konsumtif baru"
274,November 2019,4067.5,384.0833333333333,4004.947572657624,2738.0221862368867,5162.237340030069,446.6357606757092,-710.6540066967364,653.5641478582886,83.6,Sehat,206.92838718257937,522.8513182866309,7668.358770592666,14.666423326083718,SURPLUS: auto-debit tabungan berencana setelah gajian
275,November 2019,6357.333333333333,284.0,8923.245119167428,7921.543913706651,10359.219022904213,-2281.911785834095,-3717.8856895708805,-1465.55926829554,44.1,Rentan,816.352517538555,0.0,14228.084382452647,,"DEFISIT: amankan arus kas, pangkas diskresioner & hindari utang konsumtif baru"
277,November 2019,2644.9166666666665,315.8333333333333,2624.954655022114,1901.6143351182345,3664.4643873572595,335.7953449778861,-703.7143873572595,365.5443657037559,75.5,Sehat,29.749020725869784,292.43549256300474,5520.224628006064,18.876725870806332,SURPLUS: auto-debit tabungan berencana setelah gajian
278,November 2019,16147.333333333334,720.0833333333334,8859.249659716914,7178.848948333562,11972.42205917959,8008.167006949754,4894.994607487079,8690.26831465325,73.7,Sehat,682.1013077034976,4844.2,11819.971343261788,2.4400254620498303,SURPLUS TINGGI: auto-debit tabungan berencana + tawarkan deposito/investasi
280,November 2019,3715.4166666666665,407.5,4974.496856532298,3712.630953714101,6355.964696253279,-851.5801898656318,-2233.0480295866128,-636.7464203789488,47.5,Rentan,214.83376948668305,0.0,11193.290584537275,,"DEFISIT: amankan arus kas, pangkas diskresioner & hindari utang konsumtif baru"
282,November 2019,2132.0833333333335,401.1666666666667,1911.0530520821353,1373.7622961905,2635.77600586054,622.1969479178647,-102.52600586053995,631.1395620094618,73.8,Sehat,8.94261409159703,504.9116496075694,4200.092469485875,8.318470117990538,SURPLUS TINGGI: auto-debit tabungan berencana + tawarkan deposito/investasi
285,November 2019,2874.6666666666665,332.1666666666667,14056.804571291685,12413.350677370154,15428.013512529846,-10849.97123795835,-12221.180179196512,-10479.392041400555,56.8,Waspada,370.57919655779483,0.0,10461.373542220212,,"DEFISIT: amankan arus kas, pangkas diskresioner & hindari utang konsumtif baru"
286,November 2019,3185.25,707.6666666666666,2156.107652917394,1607.2466844630098,3109.925766241585,1736.8090137492727,782.9909004250817,1736.8090137492727,83.8,Sehat,0.0,955.5749999999999,4299.282270128217,4.499157334723299,SURPLUS TINGGI: auto-debit tabungan berencana + tawarkan deposito/investasi
287,November 2019,3598.4166666666665,345.75,2412.3117322888743,1787.0145316874243,3376.889342245297,1531.8549343777922,567.2773244213695,1648.2480294640745,72.7,Sehat,116.3930950862823,1079.5249999999999,3726.1663954162286,3.4516721663845016,SURPLUS TINGGI: auto-debit tabungan berencana + tawarkan deposito/investasi
291,November 2019,3367.25,224.33333333333334,5250.35712507789,4516.614866535165,6405.240534157718,-1658.773791744556,-2813.6572008243843,-1636.628500294652,53.1,Waspada,22.1452914499042,0.0,13127.389079315992,,"DEFISIT: amankan arus kas, pangkas diskresioner & hindari utang konsumtif baru"
293,November 2019,3507.0,296.9166666666667,2918.241339028379,2010.0261718921183,3889.9522549752796,885.6753276382874,-86.03558830861311,968.8973238579013,79.0,Sehat,83.22199621961381,775.117859086321,5892.073706087774,7.601519739247297,SURPLUS TINGGI: auto-debit tabungan berencana + tawarkan deposito/investasi
299,November 2019,2352.4166666666665,139.33333333333334,1720.0203417767164,1178.1317037448425,2464.485990006826,771.7296582232836,27.264009993174113,771.7296582232836,72.8,Sehat,0.0,617.3837265786269,2754.7566660707107,4.461984576977473,SURPLUS TINGGI: auto-debit tabungan berencana + tawarkan deposito/investasi
300,November 2019,6309.25,379.9166666666667,3447.3509308998523,2481.274405736274,5190.598841706436,3241.8157357668147,1498.5678249602306,3241.8157357668147,75.3,Sehat,0.0,1892.7749999999999,6883.427485506376,3.6366855466214294,SURPLUS TINGGI: auto-debit tabungan berencana + tawarkan deposito/investasi
301,November 2019,4359.0,221.33333333333334,3177.4907654548924,2292.2827852045743,4387.336306164355,1402.8425678784406,192.9970271689781,1507.3940472074266,64.4,Waspada,104.55147932898603,1205.9152377659414,5234.41181017587,4.340613375010548,SURPLUS TINGGI: auto-debit tabungan berencana + tawarkan deposito/investasi
303,November 2019,5006.666666666667,491.4166666666667,11781.389596572239,10272.985190089183,13304.769025093996,-6283.306263238905,-7806.685691760662,-5590.874789030928,49.2,Rentan,692.4314742079765,0.0,22415.7081203734,,"DEFISIT: amankan arus kas, pangkas diskresioner & hindari utang konsumtif baru"
305,November 2019,2449.0,77.91666666666667,2720.1261259018634,2256.6749166655113,3100.7242018140078,-193.20945923519685,-573.8075351473412,-193.20945923519685,72.1,Sehat,0.0,0.0,7461.032122683026,,"DEFISIT: amankan arus kas, pangkas diskresioner & hindari utang konsumtif baru"
311,November 2019,2459.1666666666665,285.3333333333333,1830.393917672903,1225.8137697119432,2690.3396601462573,914.106082327097,54.1603398537427,914.106082327097,79.1,Sehat,0.0,731.2848658616776,2566.0434484570874,3.5089519395885516,SURPLUS TINGGI: auto-debit tabungan berencana + tawarkan deposito/investasi
313,November 2019,2795.6666666666665,503.75,2418.1930186605086,1704.4243048687226,3562.8674015349625,881.2236480061579,-263.45073486829597,887.2230682650577,82.5,Sehat,5.999420258899818,709.7784546120462,5210.894122647178,7.341578331643458,SURPLUS TINGGI: auto-debit tabungan berencana + tawarkan deposito/investasi
315,November 2019,3531.5833333333335,462.5,2189.233048999879,1382.7054429284922,3330.679593783858,1804.8502843334545,663.4037395494756,1841.579297496361,65.7,Waspada,36.729013162906654,1059.475,3549.488988682199,3.35023383155072,SURPLUS TINGGI: auto-debit tabungan berencana + tawarkan deposito/investasi
316,November 2019,3322.5833333333335,567.9166666666666,5811.707512605968,4934.64254288921,6878.167372166817,-1921.207512605968,-2987.6673721668167,-1713.2978813283391,43.6,Rentan,207.909631277629,0.0,12773.951657788355,,"DEFISIT: amankan arus kas, pangkas diskresioner & hindari utang konsumtif baru"
319,November 2019,2363.0833333333335,182.91666666666666,4249.347766852258,3350.722148752971,5136.024407398416,-1703.3477668522582,-2590.024407398416,-1570.9753575877758,45.7,Rentan,132.37240926448246,0.0,10072.96178608021,,"DEFISIT: amankan arus kas, pangkas diskresioner & hindari utang konsumtif baru"
320,November 2019,2970.0833333333335,450.1666666666667,2799.3657170743227,2047.6583981341203,3978.038336853844,620.8842829256773,-557.7883368538442,739.284479371204,70.4,Sehat,118.40019644552666,591.4275834969633,5016.768088455786,8.482472289832835,SURPLUS: auto-debit tabungan berencana setelah gajian
321,November 2019,3348.0833333333335,289.0833333333333,2452.4576559749557,1567.1445427040803,3277.7579810062807,1184.7090106917112,359.40868566038625,1256.486411436528,75.8,Sehat,71.77740074481676,1004.425,3342.070591735853,3.3273470809028582,SURPLUS TINGGI: auto-debit tabungan berencana + tawarkan deposito/investasi
322,November 2019,2337.9166666666665,319.1666666666667,1402.9837645347113,884.0242542114672,2218.2623866934373,1254.0995687986217,438.82094663989574,1254.0995687986217,79.3,Sehat,0.0,701.3749999999999,2233.313245008415,3.1841928283848375,SURPLUS TINGGI: auto-debit tabungan berencana + tawarkan deposito/investasi
323,November 2019,2224.6666666666665,2111.9166666666665,4686.561313060081,3831.1038117620587,5429.670430017613,-349.97797972674834,-1093.0870966842804,-94.10751126539003,55.0,Waspada,255.8704684613583,0.0,9728.629199090345,,"DEFISIT: amankan arus kas, pangkas diskresioner & hindari utang konsumtif baru"
327,November 2019,3070.25,187.33333333333334,7620.663501678274,6998.568873213912,8135.352235164669,-4363.080168344941,-4877.768901831336,-4177.645166108376,52.8,Waspada,185.43500223656486,0.0,16928.173277796188,,"DEFISIT: amankan arus kas, pangkas diskresioner & hindari utang konsumtif baru"
328,November 2019,3026.9166666666665,250.91666666666666,5077.7342805542885,3995.7240209205356,6075.681965942193,-1799.9009472209555,-2797.8486326088596,-1550.9798792898403,43.4,Rentan,248.9210679311152,0.0,8941.93526288528,,"DEFISIT: amankan arus kas, pangkas diskresioner & hindari utang konsumtif baru"
329,November 2019,3060.3333333333335,512.0,5458.358297712269,4479.959680035123,6602.266779005528,-1886.0249643789352,-3029.933445672195,-1745.2462547038303,49.0,Rentan,140.7787096751048,0.0,11659.659349221785,,"DEFISIT: amankan arus kas, pangkas diskresioner & hindari utang konsumtif baru"
331,November 2019,2492.25,391.1666666666667,2362.7227390040757,1530.598283698295,3114.628447776528,520.6939276625908,-231.21178110986148,520.6939276625908,84.5,Sehat,0.0,416.5551421300727,4650.267154094345,11.163629214406052,SURPLUS: auto-debit tabungan berencana setelah gajian
332,November 2019,3113.5,407.1666666666667,3301.542294210487,2494.413747209707,4446.117294577949,219.12437245617957,-925.4506279112825,228.32636625636448,76.8,Sehat,9.201993800184901,182.6610930050916,7249.539595025985,39.68847156095747,"SURPLUS TIPIS: bangun dana darurat dulu, mulai auto-save nominal kecil"
334,November 2019,3367.25,242.0,2164.4579733317264,1513.1018254910996,3385.5022419320635,1444.7920266682736,223.7477580679365,1528.4491965132388,77.0,Sehat,83.65716984496511,1010.175,3556.717207221149,3.5208921298004294,SURPLUS TINGGI: auto-debit tabungan berencana + tawarkan deposito/investasi
335,November 2019,4705.583333333333,665.0,5269.999106109892,4022.1605391845032,7199.653390281824,100.5842272234413,-1829.0700569484907,509.60572056184907,58.3,Waspada,409.02149333840777,407.68457644947927,7611.707520066948,18.670580050776582,"SURPLUS TIPIS: bangun dana darurat dulu, mulai auto-save nominal kecil"
338,November 2019,4188.166666666667,567.1666666666666,6108.884577303909,4754.3806629295,7486.943906896499,-1353.5512439705753,-2731.6105735631654,-1151.4924743711117,52.5,Waspada,202.05876959946372,0.0,13235.152053712558,,"DEFISIT: amankan arus kas, pangkas diskresioner & hindari utang konsumtif baru"
343,November 2019,3970.25,519.3333333333334,2362.500565251729,1653.8843570875297,3366.0137042501037,2127.082768081604,1123.5696290832293,2240.7759689201816,84.3,Sehat,113.69320083857725,1191.075,4050.6404224511007,3.4008273387075545,SURPLUS TINGGI: auto-debit tabungan berencana + tawarkan deposito/investasi
345,November 2019,2958.25,226.33333333333334,2298.4972786939684,1501.6163397093128,3391.2219615268505,886.0860546393651,-206.63862819351698,890.8832854686168,69.0,Waspada,4.797230829251646,712.7066283748935,4530.001665031536,6.356053788023271,SURPLUS TINGGI: auto-debit tabungan berencana + tawarkan deposito/investasi
346,November 2019,4048.3333333333335,392.8333333333333,3783.8574295588746,2789.0845251572937,5270.153562218124,657.3092371077923,-828.9868955514567,880.2815062839256,75.0,Sehat,222.97226917613324,704.2252050271405,7690.662818951059,10.920743483832938,SURPLUS: auto-debit tabungan berencana setelah gajian
348,November 2019,3864.75,395.4166666666667,2682.814281569567,1688.229671358149,3752.43177416482,1577.3523850971,507.73489250184684,1577.3523850971,81.1,Sehat,0.0,1159.425,5190.248583250822,4.476571216983265,SURPLUS TINGGI: auto-debit tabungan berencana + tawarkan deposito/investasi
349,November 2019,3602.4166666666665,444.0833333333333,2147.2340521697497,1493.9498813688379,3121.169753605374,1899.2659478302503,925.3302463946261,1908.932418923021,74.3,Sehat,9.66647109277082,1080.725,4563.175791878083,4.222328336883188,SURPLUS TINGGI: auto-debit tabungan berencana + tawarkan deposito/investasi
350,November 2019,4871.916666666667,663.0833333333334,5502.065531385282,4193.723546682375,7453.66031846821,32.934468614717844,-1918.6603184682099,352.91594016829333,61.0,Waspada,319.9814715535755,282.3327521346347,9170.96131061468,32.48281058883798,"SURPLUS TIPIS: bangun dana darurat dulu, mulai auto-save nominal kecil"
351,November 2019,1429.1666666666667,379.6666666666667,2523.104963231387,1777.8459908550851,3188.0198697045425,-714.2716298980536,-1379.186536371209,-681.9840881273794,58.3,Waspada,32.28754177067414,0.0,5236.705064720594,,"DEFISIT: amankan arus kas, pangkas diskresioner & hindari utang konsumtif baru"
354,November 2019,2661.8333333333335,333.8333333333333,3938.7165647447987,2948.7170940670912,5214.897397989222,-943.0498980781317,-2219.2307313225547,-772.2446914791101,53.7,Waspada,170.80520659902163,0.0,7835.55814673404,,"DEFISIT: amankan arus kas, pangkas diskresioner & hindari utang konsumtif baru"
356,November 2019,3451.6666666666665,277.4166666666667,6198.292364424676,5062.615423091125,6898.5226873713855,-2469.2090310913427,-3169.4393540380524,-1587.743859402894,45.8,Rentan,881.4651716884485,0.0,6852.517139482014,,"DEFISIT: amankan arus kas, pangkas diskresioner & hindari utang konsumtif baru"
357,November 2019,6679.666666666667,487.4166666666667,4165.553671367753,3064.696114689352,5945.366630423721,3001.529661965581,1221.7167029096126,3006.9881583295396,86.7,Sehat,5.458496363958417,2003.9,6959.044148723981,3.4727502114496636,SURPLUS TINGGI: auto-debit tabungan berencana + tawarkan deposito/investasi
359,November 2019,4781.916666666667,286.5,3924.6378425983967,2835.9424893568894,5445.522123892213,1143.7788240682703,-377.10545722554616,1218.6163247592756,86.0,Sehat,74.83750069100519,974.8930598074205,7826.689688932242,8.028254596948631,SURPLUS TINGGI: auto-debit tabungan berencana + tawarkan deposito/investasi
360,November 2019,3856.5,380.25,3710.2274186439495,2928.088014783048,4878.552781442468,526.5225813560505,-641.8027814424677,827.6474339742228,76.1,Sehat,301.1248526181723,662.1179471793783,6238.871359644092,9.422598173364243,SURPLUS: auto-debit tabungan berencana setelah gajian
361,November 2019,3254.3333333333335,415.5833333333333,2743.946730611182,1912.7736250724304,3737.1706392585866,925.969936055485,-67.25397259191959,991.5007584917125,80.8,Sehat,65.53082243622752,793.2006067933701,4863.017174744781,6.130879292193487,SURPLUS TINGGI: auto-debit tabungan berencana + tawarkan deposito/investasi
362,November 2019,4059.1666666666665,459.3333333333333,6548.529708433186,5423.08703470509,7599.106700120574,-2030.029708433186,-3080.606700120574,-1703.680790231148,55.7,Waspada,326.34891820203796,0.0,13387.925818955373,,"DEFISIT: amankan arus kas, pangkas diskresioner & hindari utang konsumtif baru"
363,November 2019,4057.1666666666665,0.0,665.7808881857268,520.2350656981274,859.9600339435557,3391.3857784809397,3197.206632723111,3391.3857784809397,71.0,Sehat,0.0,1217.1499999999999,953.6678727349287,0.7835253442344237,SURPLUS TINGGI: auto-debit tabungan berencana + tawarkan deposito/investasi
364,November 2019,3317.4166666666665,326.25,5650.587362358231,4638.194854738459,7013.7676069132785,-2006.9206956915646,-3370.100940246612,-1789.3445558849667,61.5,Waspada,217.57613980659778,0.0,10964.440513509526,,"DEFISIT: amankan arus kas, pangkas diskresioner & hindari utang konsumtif baru"
366,November 2019,3325.9166666666665,590.8333333333334,4295.575811186656,3120.4361235370498,5590.5278964770305,-378.8258111866562,-1673.7778964770305,-267.91863519711774,47.2,Rentan,110.90717598953846,0.0,9922.956509535621,,"DEFISIT: amankan arus kas, pangkas diskresioner & hindari utang konsumtif baru"
368,November 2019,3567.1666666666665,402.5833333333333,5136.619190246815,4198.974332389714,6195.945018706017,-1166.8691902468154,-2226.1950187060174,-1160.753412518429,57.8,Waspada,6.115777728386405,0.0,13332.734890242016,,"DEFISIT: amankan arus kas, pangkas diskresioner & hindari utang konsumtif baru"
369,November 2019,4291.583333333333,532.8333333333334,7429.673848370963,6295.273637815898,9168.971446328786,-2605.257181704297,-4344.5547796621195,-1910.2604994043572,47.2,Rentan,694.9966822999398,0.0,8007.9694939219535,,"DEFISIT: amankan arus kas, pangkas diskresioner & hindari utang konsumtif baru"
370,November 2019,3492.0,149.5,2437.3505252146774,1632.4741840489442,3352.6184969387928,1204.1494747853226,288.88150306120724,1336.575828841202,72.9,Sehat,132.42635405587964,1047.6,3546.1937634774404,3.385064684495457,SURPLUS TINGGI: auto-debit tabungan berencana + tawarkan deposito/investasi
371,November 2019,7697.333333333333,240.25,11099.701064123352,8874.044262011437,12632.629879204595,-3162.117730790019,-4695.0465458712615,-2277.910682697677,48.1,Rentan,884.2070480923418,0.0,17761.58294643836,,"DEFISIT: amankan arus kas, pangkas diskresioner & hindari utang konsumtif baru"
373,November 2019,1783.0833333333333,2279.5,5256.281382831832,4792.586885478748,6454.831700714268,-1193.6980494984991,-2392.2483673809347,-1022.8668012829987,47.4,Rentan,170.8312482155004,0.0,13393.940066109506,,"DEFISIT: amankan arus kas, pangkas diskresioner & hindari utang konsumtif baru"
374,November 2019,2598.0833333333335,59.916666666666664,2558.9741092156255,1864.6653001867116,3376.233376156558,99.0258907843745,-718.2333761565578,99.0258907843745,74.8,Sehat,0.0,79.22071262749961,5473.4698193244585,69.09139842077704,"SURPLUS TIPIS: bangun dana darurat dulu, mulai auto-save nominal kecil"
375,November 2019,3134.75,125.83333333333333,11.773992874593906,11.773992874593906,2009.7033688940824,3248.8093404587394,1250.8799644392511,3248.8093404587394,68.9,Waspada,0.0,940.425,0.9489828189313353,0.0010090999483545581,SURPLUS TINGGI: auto-debit tabungan berencana + tawarkan deposito/investasi
376,November 2019,4831.25,214.41666666666666,7658.710763815101,6411.692541211037,9121.644485524608,-2613.044097148434,-4075.977818857941,-2219.230791287852,58.6,Waspada,393.8133058605821,0.0,14069.292189584268,,"DEFISIT: amankan arus kas, pangkas diskresioner & hindari utang konsumtif baru"
377,November 2019,3259.1666666666665,426.0833333333333,5941.479779837162,4972.087711346207,6826.618057076715,-2256.229779837162,-3141.3680570767146,-1635.967070390428,46.1,Rentan,620.2627094467338,0.0,8389.44322370272,,"DEFISIT: amankan arus kas, pangkas diskresioner & hindari utang konsumtif baru"
379,November 2019,3624.6666666666665,515.0,5200.980125276093,4545.536311388872,6418.218225376311,-1061.3134586094266,-2278.551558709645,-503.69474147133474,38.9,Rentan,557.6187171380918,0.0,6100.91249974511,,"DEFISIT: amankan arus kas, pangkas diskresioner & hindari utang konsumtif baru"
380,November 2019,3154.75,316.75,2529.4465735008966,1762.99084176015,3773.515030533118,942.0534264991034,-302.0150305331181,1015.7310637870892,80.6,Sehat,73.67763728798576,812.5848510296714,5261.977640271363,6.475603912137445,SURPLUS TINGGI: auto-debit tabungan berencana + tawarkan deposito/investasi
383,November 2019,2857.25,308.0,2054.883697826679,1186.6275714170433,3139.2588904578215,1110.366302173321,25.991109542178492,1176.7714990172833,71.2,Sehat,66.40519684396244,857.175,2653.319343007599,3.0954231551405478,SURPLUS TINGGI: auto-debit tabungan berencana + tawarkan deposito/investasi
385,November 2019,2536.1666666666665,474.0833333333333,2701.8847821677127,1847.8788409665754,3821.3840051249485,308.36521783228727,-811.1340051249485,324.804179825994,78.8,Sehat,16.438961993706734,259.84334386079524,4840.336367491136,18.627902087360102,SURPLUS: auto-debit tabungan berencana setelah gajian
386,November 2019,4163.916666666667,595.8333333333334,6446.74059013203,5044.025531254707,8149.40721527844,-1686.9905901320299,-3389.65721527844,-1480.245130570543,47.4,Rentan,206.74545956148668,0.0,13777.032386032788,,"DEFISIT: amankan arus kas, pangkas diskresioner & hindari utang konsumtif baru"
391,November 2019,2939.1666666666665,561.4166666666666,2262.469675595917,1471.0875281228477,3329.541479552481,1238.113657737416,171.04185378085185,1249.1989601908447,75.3,Sehat,11.08530245342881,881.7499999999999,4094.268556934703,4.643343982914322,SURPLUS TINGGI: auto-debit tabungan berencana + tawarkan deposito/investasi
393,November 2019,2698.9166666666665,305.75,2128.2650643186407,1300.2017637619,3207.219073905667,876.4016023480258,-202.55240723900033,926.2654123486564,74.3,Sehat,49.86381000063059,741.0123298789251,3907.0014499836566,5.272518813043267,SURPLUS TINGGI: auto-debit tabungan berencana + tawarkan deposito/investasi
394,November 2019,5800.333333333333,606.4166666666666,5899.125754107182,4725.50258045584,7357.186931611761,507.6242458928182,-950.4369316117609,772.3489210101274,76.1,Sehat,264.7246751173092,617.879136808102,11436.703903687194,18.50961332465115,SURPLUS: auto-debit tabungan berencana setelah gajian
395,November 2019,4134.25,328.1666666666667,3287.3429921814204,2026.314073487036,4839.460832791789,1175.0736744852466,-377.0441661251216,1175.0736744852466,71.8,Sehat,0.0,940.0589395881973,6829.448099594966,7.264914796285728,SURPLUS TINGGI: auto-debit tabungan berencana + tawarkan deposito/investasi
397,November 2019,1702.0,556.0833333333334,2161.7538413239026,1618.0958897958212,2983.0854055242244,96.32949200943085,-725.0020721908909,137.91501987880363,69.2,Waspada,41.58552786937279,110.33201590304292,3791.190505400986,34.36165354517397,"SURPLUS TIPIS: bangun dana darurat dulu, mulai auto-save nominal kecil"
398,November 2019,3116.75,415.1666666666667,3022.467479813526,2046.8375302647535,3712.882684801807,509.4491868531404,-180.96601813514053,530.3568449420846,70.0,Waspada,20.907658088944203,424.28547595366774,5649.378442752325,13.315040846152463,SURPLUS: auto-debit tabungan berencana setelah gajian
401,November 2019,2387.0,271.0833333333333,3601.965203047955,2548.3397303514253,4537.135814743993,-943.8818697146216,-1879.0524814106598,-895.949013134603,64.2,Waspada,47.932856580018644,0.0,6076.941155659446,,"DEFISIT: amankan arus kas, pangkas diskresioner & hindari utang konsumtif baru"
402,November 2019,3662.8333333333335,386.3333333333333,5065.263759367668,4030.654879858844,6405.079871252153,-1016.0970927010012,-2355.913204585486,-625.2689722460261,39.0,Rentan,390.8281204549751,0.0,8131.779182128874,,"DEFISIT: amankan arus kas, pangkas diskresioner & hindari utang konsumtif baru"
403,November 2019,3041.3333333333335,141.83333333333334,1847.815475001747,1119.2244303450457,3081.229553442866,1335.35119166492,101.93711322380113,1335.35119166492,63.3,Waspada,0.0,912.4,3665.542139456128,4.017472752582341,SURPLUS TINGGI: auto-debit tabungan berencana + tawarkan deposito/investasi
408,November 2019,2611.9166666666665,309.9166666666667,9216.705186084111,8063.81587984524,10547.316664062924,-6294.871852750778,-7625.483330729591,-5578.478845804026,45.4,Rentan,716.3930069467525,0.0,17387.268650654285,,"DEFISIT: amankan arus kas, pangkas diskresioner & hindari utang konsumtif baru"
414,November 2019,9406.25,491.0833333333333,7578.721222084675,5869.9914324619285,9797.085149291284,2318.612111248659,100.24818404204962,3223.8448129050103,77.2,Sehat,905.2327016563513,2579.0758503240086,6972.74270558599,2.703581868175768,SURPLUS TINGGI: auto-debit tabungan berencana + tawarkan deposito/investasi
415,November 2019,2810.75,351.4166666666667,2240.902327252047,1349.3043347209054,3003.9411722971536,921.2643394146194,158.22549436951294,921.2643394146194,87.1,Sehat,0.0,737.0114715316955,4324.2348106785175,5.867255772412427,SURPLUS TINGGI: auto-debit tabungan berencana + tawarkan deposito/investasi
416,November 2019,3189.4166666666665,387.1666666666667,2214.498173031768,1428.6999454226477,3077.6098929218197,1362.0851603015649,498.97344041151337,1418.1685898893418,89.8,Sehat,56.08342958777694,956.8249999999999,4376.954145757479,4.574456296352498,SURPLUS TINGGI: auto-debit tabungan berencana + tawarkan deposito/investasi
419,November 2019,2795.0,515.75,3246.8894052223554,2458.8320220120654,4286.365265432661,63.860594777644565,-975.6152654326606,78.72715157513207,63.0,Waspada,14.866556797487512,62.98172126010566,6792.894673218129,107.85501788946715,"SURPLUS TIPIS: bangun dana darurat dulu, mulai auto-save nominal kecil"
421,November 2019,3823.0,461.9166666666667,4841.959742959611,3941.9086245002013,6311.162681261599,-557.0430762929436,-2026.2460145949317,-263.5957047038539,53.7,Waspada,293.4473715890897,0.0,10293.513586238401,,"DEFISIT: amankan arus kas, pangkas diskresioner & hindari utang konsumtif baru"
425,November 2019,4956.833333333333,2324.75,7694.514888586573,7123.390273216941,8724.427816969044,-412.9315552532398,-1442.8444836357112,-354.19665897496975,53.8,Waspada,58.73489627827007,0.0,19777.560136346005,,"DEFISIT: amankan arus kas, pangkas diskresioner & hindari utang konsumtif baru"
427,November 2019,2710.5833333333335,395.5,2676.0860890109743,1806.3735022367928,3818.7221181442483,429.99724432235917,-712.6387848109148,569.7979602616606,60.5,Waspada,139.80071593930145,455.8383682093285,4014.452364913094,8.806745208138317,SURPLUS: auto-debit tabungan berencana setelah gajian
428,November 2019,4707.166666666667,257.0,4815.8620208368275,3756.1812859838847,6490.945161059802,148.3046458298395,-1526.7784943931347,612.7321937398154,57.1,Waspada,464.42754790997594,490.1857549918524,6632.2851134612265,13.530146573866604,SURPLUS: auto-debit tabungan berencana setelah gajian
430,November 2019,4445.833333333333,365.5,9642.066321558992,8397.554972089689,10988.706811986967,-4830.732988225659,-6177.373478653634,-4512.368098580302,44.9,Rentan,318.36488964535704,0.0,12197.568666687264,,"DEFISIT: amankan arus kas, pangkas diskresioner & hindari utang konsumtif baru"
432,November 2019,2212.1666666666665,533.4166666666666,4201.54376760006,3357.9327957339383,5288.708383824057,-1455.9604342667271,-2543.125050490724,-1290.7408796143952,50.3,Waspada,165.21955465233194,0.0,9948.12118424552,,"DEFISIT: amankan arus kas, pangkas diskresioner & hindari utang konsumtif baru"
433,November 2019,2663.0833333333335,178.75,3628.2636601937193,2806.6797111284536,4710.326093211072,-786.4303268603858,-1868.492759877738,-421.39439426739233,50.1,Waspada,365.03593259299345,0.0,3935.516283884591,,"DEFISIT: amankan arus kas, pangkas diskresioner & hindari utang konsumtif baru"
434,November 2019,4449.583333333333,621.0833333333334,4059.593650764711,2763.3856508047556,5539.836114765858,1011.0730159019549,-469.16944809919187,1121.4618830538773,80.9,Sehat,110.38886715192244,897.1695064431019,6613.582999783825,7.371609213518511,SURPLUS TINGGI: auto-debit tabungan berencana + tawarkan deposito/investasi
437,November 2019,6055.833333333333,442.4166666666667,4460.000086324587,3405.3812673736156,5842.409106306398,2038.2499136754132,655.8408936936021,2410.9954619083537,80.2,Sehat,372.7455482329406,1816.7499999999998,7007.694983536283,3.8572698409447,SURPLUS TINGGI: auto-debit tabungan berencana + tawarkan deposito/investasi
438,November 2019,2836.1666666666665,524.4166666666666,1752.5368852974664,1274.2258370896348,2534.229550519387,1608.0464480358667,826.353782813946,1608.0464480358667,73.0,Sehat,0.0,850.8499999999999,3713.52465236232,4.364488044146818,SURPLUS TINGGI: auto-debit tabungan berencana + tawarkan deposito/investasi
441,November 2019,3842.3333333333335,254.5,3383.4739380395786,2312.4195888840145,4418.973477832298,713.3593952937554,-322.1401444989642,1031.5832961274355,65.8,Waspada,318.22390083368,825.2666369019485,4621.777733732609,5.600344818352,SURPLUS TINGGI: auto-debit tabungan berencana + tawarkan deposito/investasi
442,November 2019,4050.0,640.9166666666666,5867.400519120396,4733.003580092247,7908.510010978361,-1176.483852453729,-3217.5933443116937,-890.6058887334262,57.2,Waspada,285.8779637203028,0.0,9324.206892276323,,"DEFISIT: amankan arus kas, pangkas diskresioner & hindari utang konsumtif baru"
447,November 2019,2581.4166666666665,434.9166666666667,2107.9196441474937,1433.792309842474,3320.364967654231,908.4136891858393,-304.03163432089787,1006.1672663963449,73.4,Sehat,97.75357721050558,774.425,3347.514001208258,4.32257998025407,SURPLUS TINGGI: auto-debit tabungan berencana + tawarkan deposito/investasi
449,November 2019,3316.3333333333335,429.1666666666667,3302.365545426738,2288.8794322134586,4248.575303418124,443.1344545732618,-503.07530341812435,641.3961209253274,75.3,Sehat,198.26166635206562,513.116896740262,5467.094299320489,10.654676028117455,SURPLUS: auto-debit tabungan berencana setelah gajian
450,November 2019,3599.3333333333335,442.25,3724.3907513977824,2777.8967180669338,4358.565950852617,317.19258193555106,-316.9826175192834,395.96663247248614,83.6,Sehat,78.7740505369351,316.7733059779889,8313.49806171416,26.244313851028295,"SURPLUS TIPIS: bangun dana darurat dulu, mulai auto-save nominal kecil"
451,November 2019,2412.5833333333335,39.666666666666664,2591.385972216436,2091.0955786030304,3356.1858636812726,-139.13597221643613,-903.9358636812726,-139.13597221643613,58.2,Waspada,0.0,0.0,6640.013033444437,,"DEFISIT: amankan arus kas, pangkas diskresioner & hindari utang konsumtif baru"
452,November 2019,5279.666666666667,114.5,6795.379142336861,5505.170362050902,7936.187117336728,-1401.2124756701942,-2542.020450670061,-994.1123504226646,44.7,Rentan,407.10012524752966,0.0,13839.893279652782,,"DEFISIT: amankan arus kas, pangkas diskresioner & hindari utang konsumtif baru"
455,November 2019,4148.0,516.0,4807.9622580723235,3629.667944039854,6466.847703303256,-143.9622580723235,-1802.847703303256,63.152929342212644,64.5,Waspada,207.11518741453614,50.52234347377012,6736.723463966691,133.34146836367995,"SEIMBANGKAN: ikuti budget hemat untuk menutup defisit, lalu auto-save kecil"
456,November 2019,2912.25,449.8333333333333,4609.130169356459,3629.15393067844,5740.2890114992915,-1247.0468360231257,-2378.205678165958,-994.7404136942841,49.1,Rentan,252.30642232884153,0.0,9378.245827808812,,"DEFISIT: amankan arus kas, pangkas diskresioner & hindari utang konsumtif baru"
457,November 2019,3027.0,681.5833333333334,5655.998003111614,4585.1150241373225,6809.229818949639,-1947.4146697782803,-3100.646485616305,-1709.5541349256782,54.3,Waspada,237.8605348526022,0.0,13001.347051260509,,"DEFISIT: amankan arus kas, pangkas diskresioner & hindari utang konsumtif baru"
458,November 2019,4089.0,250.33333333333334,3461.8820553699575,2107.773618215005,5549.977443614194,877.4512779633756,-1210.6441102808612,891.272996390915,63.1,Waspada,13.821718427539395,713.018397112732,5615.286302427506,7.8753736581914575,SURPLUS: auto-debit tabungan berencana setelah gajian
459,November 2019,2104.75,397.3333333333333,2853.4612628561727,1892.3456990871473,3785.814019444909,-351.37792952283917,-1283.7306861115753,-154.63088717343183,37.5,Rentan,196.74704234940734,0.0,5064.248640527859,,"DEFISIT: amankan arus kas, pangkas diskresioner & hindari utang konsumtif baru"
460,November 2019,3413.0833333333335,452.9166666666667,5436.218274202141,4106.493414746021,7111.801258823623,-1570.2182742021414,-3245.8012588236234,-1207.0374482031177,38.4,Rentan,363.18082599902374,0.0,9065.18011051447,,"DEFISIT: amankan arus kas, pangkas diskresioner & hindari utang konsumtif baru"
461,November 2019,5450.25,538.1666666666666,7196.558605713726,5963.894659698931,8553.992007821485,-1208.1419390470592,-2565.5753411548185,-389.4342436902134,50.5,Waspada,818.7076953568458,0.0,8790.889590135335,,"DEFISIT: amankan arus kas, pangkas diskresioner & hindari utang konsumtif baru"
462,November 2019,4224.666666666667,381.9166666666667,4855.377540743312,3540.9936245586787,6357.05041703154,-248.7942074099783,-1750.467083698206,232.48123413765467,56.0,Waspada,481.27544154763297,185.98498731012376,4850.263440476158,26.078790071311005,"SEIMBANGKAN: ikuti budget hemat untuk menutup defisit, lalu auto-save kecil"
464,November 2019,5620.333333333333,307.4166666666667,14530.820996137401,12933.15006289983,16438.21010967044,-8603.070996137401,-10510.46010967044,-8597.513227005677,54.9,Waspada,5.5577691317256495,0.0,23146.86103652284,,"DEFISIT: amankan arus kas, pangkas diskresioner & hindari utang konsumtif baru"
465,November 2019,3497.0833333333335,352.75,2179.9449915221044,1447.3596796940121,3341.597487265134,1669.888341811229,508.2358460681994,1738.9660918397644,69.3,Waspada,69.07775002853526,1049.125,3557.8671747404696,3.3912709874804907,SURPLUS TINGGI: auto-debit tabungan berencana + tawarkan deposito/investasi
467,November 2019,3735.9166666666665,577.4166666666666,3636.730851922825,2615.521953736802,4759.601891337368,676.6024814105081,-446.2685580040352,959.7251186807753,76.0,Sehat,283.1226372702672,767.7800949446203,5634.776686994269,7.339050235993294,SURPLUS TINGGI: auto-debit tabungan berencana + tawarkan deposito/investasi
468,November 2019,3947.8333333333335,418.75,3088.314090436845,2062.0596425791073,4285.949357617455,1278.2692428964888,80.63397571587939,1469.170472976059,81.6,Sehat,190.90123007957035,1175.3363783808472,4541.660932427797,3.8641371236074775,SURPLUS TINGGI: auto-debit tabungan berencana + tawarkan deposito/investasi
469,November 2019,3912.0833333333335,738.5,4202.039589267661,2966.1122439871515,5855.436876573634,448.5437440656733,-1204.8535432403005,687.8105074073262,72.8,Sehat,239.26676334165285,550.248405925861,8631.792855175,15.687083801089692,SURPLUS: auto-debit tabungan berencana setelah gajian
470,November 2019,2379.4166666666665,300.4166666666667,3900.053757077728,3131.149445893201,4882.378648127833,-1220.2204237443948,-2202.5453147945,-1220.2204237443948,44.9,Rentan,0.0,0.0,4109.240236755771,,"DEFISIT: amankan arus kas, pangkas diskresioner & hindari utang konsumtif baru"
472,November 2019,3836.5833333333335,2221.6666666666665,6775.45811765673,5608.742115310876,8125.048057653794,-717.2081176567299,-2066.798057653794,-403.05509988056394,48.6,Rentan,314.15301777616594,0.0,15285.985457084442,,"DEFISIT: amankan arus kas, pangkas diskresioner & hindari utang konsumtif baru"
473,November 2019,2348.4166666666665,192.58333333333334,1495.2229638774736,1021.2115435745789,2139.359541359481,1045.7770361225264,401.6404586405188,1087.1878655518178,71.7,Sehat,41.4108294292915,704.525,2557.15249617629,3.629612144602803,SURPLUS TINGGI: auto-debit tabungan berencana + tawarkan deposito/investasi
474,November 2019,6746.416666666667,614.4166666666666,7909.233326792475,6422.881715788621,9631.588128122716,-548.3999934591411,-2270.754794789382,489.7065498383233,44.4,Rentan,1038.1065432974644,391.76523987065866,8315.876444503372,21.226682712455194,"SEIMBANGKAN: ikuti budget hemat untuk menutup defisit, lalu auto-save kecil"
476,November 2019,3456.0833333333335,2135.1666666666665,6690.800917179192,5909.261348679293,7849.663327157458,-1099.5509171791919,-2258.4133271574583,-890.6077385436558,44.2,Rentan,208.94317863553604,0.0,17063.716275733546,,"DEFISIT: amankan arus kas, pangkas diskresioner & hindari utang konsumtif baru"
477,November 2019,4122.25,564.8333333333334,4542.890493350031,3412.333861168352,6152.319809797593,144.1928399833023,-1465.2364764642598,353.74067675959657,63.9,Waspada,209.54783677629428,282.99254140767727,8797.219772930885,31.08640153260317,"SURPLUS TIPIS: bangun dana darurat dulu, mulai auto-save nominal kecil"
478,November 2019,6067.25,374.3333333333333,4058.568664025481,2697.2469465180657,5537.408708102221,2383.014669307852,904.1746252311123,2555.8213774129836,78.5,Sehat,172.80670810513158,1820.175,4910.108299122527,2.6976023179763082,SURPLUS TINGGI: auto-debit tabungan berencana + tawarkan deposito/investasi
479,November 2019,5097.75,593.5,3841.842083796269,2669.888414388693,5532.831859549318,1849.407916203731,158.41814045068168,2137.9715788740486,74.1,Sehat,288.56366267031774,1529.325,6370.6860517310415,4.165684894794135,SURPLUS TINGGI: auto-debit tabungan berencana + tawarkan deposito/investasi
480,November 2019,7176.083333333333,780.75,5784.831512497575,3809.0115738606623,7842.221339702051,2172.001820835758,114.61199363128162,2393.5692161598245,70.5,Sehat,221.56739532406664,1914.8553729278597,8680.933937611982,4.533467153886733,SURPLUS TINGGI: auto-debit tabungan berencana + tawarkan deposito/investasi
483,November 2019,3330.75,335.75,2215.131288264062,1527.5363819715922,3344.3073243462545,1451.3687117359382,322.1926756537455,1517.6886579134925,72.3,Sehat,66.31994617755434,999.2249999999999,4395.984603318133,4.399394133771806,SURPLUS TINGGI: auto-debit tabungan berencana + tawarkan deposito/investasi
487,November 2019,4588.25,232.66666666666666,6670.6225486258745,5249.9872648390865,8204.760843053256,-1849.7058819592075,-3383.8441763865894,-1222.5610210826067,37.4,Rentan,627.1448608766008,0.0,9252.443391415974,,"DEFISIT: amankan arus kas, pangkas diskresioner & hindari utang konsumtif baru"
488,November 2019,2677.1666666666665,174.33333333333334,13278.591671544253,12262.309828645934,14509.104872314572,-10427.091671544253,-11657.604872314572,-9600.988645690679,45.8,Rentan,826.1030258535734,0.0,30741.8982651421,,"DEFISIT: amankan arus kas, pangkas diskresioner & hindari utang konsumtif baru"
489,November 2019,3062.75,419.0,2328.719815164279,1690.2759780578767,3267.015491865072,1153.0301848357208,214.7345081349281,1153.0301848357208,83.4,Sehat,0.0,918.8249999999999,4934.3978186935365,5.370334741320204,SURPLUS TINGGI: auto-debit tabungan berencana + tawarkan deposito/investasi
490,November 2019,2785.5,446.75,13098.857702571326,10927.54841172656,15049.149423403194,-9866.607702571326,-11816.899423403194,-7647.40982101199,41.8,Rentan,2219.1978815593357,0.0,9516.75205166382,,"DEFISIT: amankan arus kas, pangkas diskresioner & hindari utang konsumtif baru"
491,November 2019,2251.0833333333335,419.0833333333333,1475.9284686796843,777.0744048175177,2483.9523387274166,1194.2381979869826,186.21432793925032,1194.2381979869826,65.4,Waspada,0.0,675.325,3184.0181372349653,4.7147938211008995,SURPLUS TINGGI: auto-debit tabungan berencana + tawarkan deposito/investasi
494,November 2019,4695.583333333333,332.3333333333333,3171.7818674690507,2284.7929461519316,4373.41511824894,1856.1347991976154,654.5015484177256,1923.8171789817552,86.9,Sehat,67.68237978413971,1408.675,5733.8202356269985,4.070364161802402,SURPLUS TINGGI: auto-debit tabungan berencana + tawarkan deposito/investasi
496,November 2019,3026.5833333333335,430.5833333333333,2323.996552191522,1364.6688854423055,3581.448843840807,1133.170114475145,-124.28217717414009,1254.485968026433,68.8,Waspada,121.31585355128797,907.975,3030.054802833565,3.3371566428960766,SURPLUS TINGGI: auto-debit tabungan berencana + tawarkan deposito/investasi
497,November 2019,4365.0,589.1666666666666,4925.762497590413,3478.5530402725094,6782.5989907078,28.40416907625422,-1828.4323240411331,119.94137244716225,76.4,Sehat,91.53720337090803,95.95309795772981,9285.144880709728,96.76753620607549,"SURPLUS TIPIS: bangun dana darurat dulu, mulai auto-save nominal kecil"
502,November 2019,3036.6666666666665,430.5833333333333,6207.003257043345,5367.252256549174,7340.012338360225,-2739.753257043345,-3872.762338360225,-2474.8477559843045,50.6,Waspada,264.90550105904066,0.0,13687.690872338218,,"DEFISIT: amankan arus kas, pangkas diskresioner & hindari utang konsumtif baru"
503,November 2019,2463.6666666666665,22.25,1610.554164438022,1234.9288840362049,2046.7452709730542,875.3625022286444,439.17139569361234,884.3165269928993,73.5,Sehat,8.954024764254896,707.4532215943195,2980.334687490989,4.212765729972215,SURPLUS TINGGI: auto-debit tabungan berencana + tawarkan deposito/investasi
506,November 2019,4403.416666666667,490.8333333333333,6275.987730145373,4839.60186413405,7644.840088336062,-1381.7377301453726,-2750.590088336062,-537.4468136029957,51.3,Waspada,844.2909165423769,0.0,7478.639835128775,,"DEFISIT: amankan arus kas, pangkas diskresioner & hindari utang konsumtif baru"
509,November 2019,3711.1666666666665,231.16666666666666,2796.500856519666,1991.454077204944,3825.3630689916467,1145.8324768136672,116.97026434168629,1276.463070810153,74.3,Sehat,130.63059399648583,1021.1704566481226,4794.747570907959,4.6953449736943815,SURPLUS TINGGI: auto-debit tabungan berencana + tawarkan deposito/investasi
511,November 2019,2966.8333333333335,637.25,8581.89477055552,7771.757644480863,10133.334811538414,-4977.811437222186,-6529.25147820508,-4688.397031969468,43.3,Rentan,289.41440525271776,0.0,14390.285362328974,,"DEFISIT: amankan arus kas, pangkas diskresioner & hindari utang konsumtif baru"
514,November 2019,2691.25,139.41666666666666,3778.5114958119757,2812.353780196051,4892.143641720531,-947.8448291453092,-2061.476975053865,-588.5085438607198,36.2,Rentan,359.3362852845894,0.0,4847.732498899035,,"DEFISIT: amankan arus kas, pangkas diskresioner & hindari utang konsumtif baru"
515,November 2019,3488.75,343.1666666666667,2288.869599805288,1428.5398029684889,3153.8201976104588,1543.0470668613784,678.0964690562078,1571.8885505138774,77.8,Sehat,28.841483652498983,1046.625,4338.338506636663,4.14507441216927,SURPLUS TINGGI: auto-debit tabungan berencana + tawarkan deposito/investasi
517,November 2019,2000.75,238.66666666666666,1616.310788245737,1170.299471976974,2329.291398421123,623.1058784209295,-89.87473175445666,623.1058784209295,90.9,Sehat,0.0,498.4847027367436,2609.8976968626007,5.235662564034432,SURPLUS TINGGI: auto-debit tabungan berencana + tawarkan deposito/investasi
519,November 2019,3292.3333333333335,248.66666666666666,1981.5579799862983,1374.7609141276334,3052.1639408487918,1559.4420200137017,488.83605915120825,1571.4144364708654,79.6,Sehat,11.972416457163682,987.7,3978.5491444469812,4.02809470937226,SURPLUS TINGGI: auto-debit tabungan berencana + tawarkan deposito/investasi
520,November 2019,4804.833333333333,646.6666666666666,3311.41258967584,2342.58338579802,4468.359148177309,2140.08741032416,983.1408518226908,2140.08741032416,83.7,Sehat,0.0,1441.4499999999998,6765.021398061455,4.693205728996119,SURPLUS TINGGI: auto-debit tabungan berencana + tawarkan deposito/investasi
523,November 2019,3207.25,467.5833333333333,6903.138985106608,5840.207902977765,8109.0580033939805,-3228.3056517732743,-4434.2246700606465,-2764.3588281286943,52.3,Waspada,463.9468236445799,0.0,12851.673559554136,,"DEFISIT: amankan arus kas, pangkas diskresioner & hindari utang konsumtif baru"
524,November 2019,2936.5833333333335,501.4166666666667,2110.9171857297383,1439.0697134908462,3079.3738219559737,1327.0828142702617,358.62617804402635,1407.3282039922838,74.9,Sehat,80.24538972202201,880.975,2983.789309340213,3.386917119487174,SURPLUS TINGGI: auto-debit tabungan berencana + tawarkan deposito/investasi
525,November 2019,3095.5833333333335,265.5,4206.621791201309,3112.978770149919,5171.385630081645,-845.5384578679755,-1810.3022967483116,-840.1003455576737,57.3,Waspada,5.438112310301811,0.0,9345.140010979972,,"DEFISIT: amankan arus kas, pangkas diskresioner & hindari utang konsumtif baru"
526,November 2019,5373.416666666667,552.8333333333334,5546.9163374304635,4316.125210017858,7179.369808975324,379.3336625695365,-1253.1198089753243,444.8248549605198,68.5,Waspada,65.49119239098334,355.8598839684159,12090.51224873674,33.975485277823076,"SURPLUS TIPIS: bangun dana darurat dulu, mulai auto-save nominal kecil"
528,November 2019,3373.1666666666665,425.5833333333333,2678.6030856720613,1747.271287937478,3590.704114172963,1120.1469143279387,208.04588582703718,1149.6852392096976,81.2,Sehat,29.538324881758808,919.7481913677581,5767.307337882863,6.270528599035674,SURPLUS TINGGI: auto-debit tabungan berencana + tawarkan deposito/investasi
530,November 2019,1508.3333333333333,229.25,2410.8809055004454,1633.819025188151,3459.255890986131,-673.2975721671121,-1721.6725576527977,-514.8662006233885,47.8,Rentan,158.43137154372357,0.0,3855.442069981139,,"DEFISIT: amankan arus kas, pangkas diskresioner & hindari utang konsumtif baru"
534,November 2019,5042.5,273.5,5790.882487335973,4867.656711684188,7182.473418231275,-474.88248733597266,-1866.473418231275,-161.3620574843065,72.9,Sehat,313.52042985166617,0.0,6730.485511087454,,"DEFISIT: amankan arus kas, pangkas diskresioner & hindari utang konsumtif baru"
538,November 2019,2522.0833333333335,520.8733333333333,3269.040113269623,2427.025796360743,4063.7990661535123,-226.08344660295597,-1020.8423994868454,-48.632738620248176,61.6,Waspada,177.4507079827078,0.0,5527.1236599751,,"DEFISIT: amankan arus kas, pangkas diskresioner & hindari utang konsumtif baru"
542,November 2019,2458.0,328.0833333333333,2129.5409593144186,1549.589754155812,2916.209273716118,656.5423740189149,-130.1259403827844,669.5310315451279,79.2,Sehat,12.988657526213089,535.6248252361023,4661.111935612085,8.70219548460525,SURPLUS TINGGI: auto-debit tabungan berencana + tawarkan deposito/investasi
543,November 2019,2560.0833333333335,497.25,3478.0840950671195,2620.1527022203045,4646.75881768863,-420.750761733786,-1589.4254843552967,-321.9945561689675,47.8,Rentan,98.75620556481852,0.0,7294.834870663922,,"DEFISIT: amankan arus kas, pangkas diskresioner & hindari utang konsumtif baru"
545,November 2019,3808.9166666666665,395.0,2965.755032451377,1939.992337707074,4020.2407201416254,1238.1616342152893,183.67594652504067,1238.1616342152893,76.4,Sehat,0.0,990.5293073722314,5338.692932356544,5.389737479368002,SURPLUS TINGGI: auto-debit tabungan berencana + tawarkan deposito/investasi
546,November 2019,4266.333333333333,463.8333333333333,3698.3749206066295,2458.479111641959,5219.226296136149,1031.7917460600365,-489.0596294694833,1194.9829910855246,78.7,Sehat,163.1912450254882,955.9863928684198,5338.844000695393,5.584644342767567,SURPLUS TINGGI: auto-debit tabungan berencana + tawarkan deposito/investasi
547,November 2019,2658.4166666666665,243.5,2882.1161357561978,1936.3941719191916,3695.88220151327,19.80053091046875,-793.9655348466035,76.15157699802535,71.9,Sehat,56.35104608755659,60.92126159842028,3752.5314217120354,61.59641680515264,"SURPLUS TIPIS: bangun dana darurat dulu, mulai auto-save nominal kecil"
549,November 2019,5192.0,387.0833333333333,3825.613309317324,2233.3868151373536,5273.207892898865,1753.4700240160091,305.87544043446815,1855.42132020564,75.3,Sehat,101.95129618963098,1484.3370561645122,6741.29936266386,4.541623032765347,SURPLUS TINGGI: auto-debit tabungan berencana + tawarkan deposito/investasi
550,November 2019,2520.6666666666665,183.25,5310.064127139502,4310.281550506311,6320.952590315641,-2606.147460472835,-3617.0359236489744,-2037.205587311243,42.4,Rentan,568.941873161592,0.0,7662.645531377652,,"DEFISIT: amankan arus kas, pangkas diskresioner & hindari utang konsumtif baru"
552,November 2019,4378.166666666667,2178.8333333333335,7431.826220341431,6103.650960790615,8678.312986973213,-874.8262203414306,-2121.312986973213,-606.567191782905,42.8,Rentan,268.2590285585257,0.0,17397.256722215177,,"DEFISIT: amankan arus kas, pangkas diskresioner & hindari utang konsumtif baru"
554,November 2019,4446.416666666667,326.8333333333333,5733.908074486994,4647.107411001727,7070.206119816639,-960.6580744869943,-2296.9561198166393,-667.5296891023769,46.3,Rentan,293.12838538461745,0.0,11821.972152050268,,"DEFISIT: amankan arus kas, pangkas diskresioner & hindari utang konsumtif baru"
556,November 2019,3033.75,472.9166666666667,3454.94004724914,2558.9135133948876,4487.628675772527,51.72661941752631,-980.96200910586,262.9881800652754,67.2,Waspada,211.26156064774906,210.39054405222032,6020.894669855877,28.61770569100031,"SURPLUS TIPIS: bangun dana darurat dulu, mulai auto-save nominal kecil"
557,November 2019,2353.75,637.3333333333334,5748.063393460747,4877.622886585005,7049.422162768891,-2756.9800601274133,-4058.3388294355577,-2472.4592621079846,47.3,Rentan,284.52079801942887,0.0,12701.606870674485,,"DEFISIT: amankan arus kas, pangkas diskresioner & hindari utang konsumtif baru"
561,November 2019,3071.0833333333335,532.0833333333334,3093.1179502275177,2233.3710221817173,3932.694144243771,510.0487164391493,-329.52747757710404,571.464843346579,71.9,Sehat,61.41612690742963,457.1718746772632,5790.879388134747,12.666744629080195,SURPLUS: auto-debit tabungan berencana setelah gajian
563,November 2019,4127.583333333333,429.1666666666667,7206.939466270982,5767.3529474031275,8910.106051045183,-2650.189466270982,-4353.3560510451825,-2173.6260524544696,54.2,Waspada,476.5634138165123,0.0,11881.184567111372,,"DEFISIT: amankan arus kas, pangkas diskresioner & hindari utang konsumtif baru"
564,November 2019,3534.25,114.91666666666667,4423.6796701098065,3665.128021796554,5479.601670107155,-774.51300344314,-1830.4350034404883,-302.35162697320266,41.0,Rentan,472.1613764699373,0.0,3477.6259062730587,,"DEFISIT: amankan arus kas, pangkas diskresioner & hindari utang konsumtif baru"
565,November 2019,3633.1666666666665,389.5,5600.496174815835,4702.051594734327,6806.899321460849,-1577.8295081491683,-2784.2326547941825,-1466.5131776858868,63.4,Waspada,111.31633046328142,0.0,6176.457380175245,,"DEFISIT: amankan arus kas, pangkas diskresioner & hindari utang konsumtif baru"
566,November 2019,3853.6666666666665,411.5,5522.605312555598,4739.324652828668,6696.763882475273,-1257.4386458889321,-2431.597215808607,-1257.4386458889321,48.3,Rentan,0.0,0.0,12956.803131148226,,"DEFISIT: amankan arus kas, pangkas diskresioner & hindari utang konsumtif baru"
569,November 2019,3802.0833333333335,469.25,2777.022672856319,1917.6833269593394,4042.0270814434953,1494.310660477015,229.30625188983868,1625.6193197459502,72.2,Sehat,131.30865926893506,1140.625,5406.403168554618,4.739860312157473,SURPLUS TINGGI: auto-debit tabungan berencana + tawarkan deposito/investasi
570,November 2019,2687.0833333333335,375.5,3228.5230559863285,2551.541951205434,4143.908947504438,-165.939722652995,-1081.325614171105,34.49125134190979,58.2,Waspada,200.43097399490478,27.59300107352783,5937.81361662084,215.1927440149835,"SEIMBANGKAN: ikuti budget hemat untuk menutup defisit, lalu auto-save kecil"
571,November 2019,3059.25,386.0,4436.037043030059,3387.886875319601,5661.884138832274,-990.7870430300591,-2216.6341388322744,-895.9207062346511,46.5,Rentan,94.86633679540796,0.0,10046.369488104281,,"DEFISIT: amankan arus kas, pangkas diskresioner & hindari utang konsumtif baru"
573,November 2019,2500.9166666666665,519.0833333333334,2542.723968670155,1989.9865894226677,3442.8847545061853,477.27603132984495,-422.88475450618535,697.4704456678444,54.7,Waspada,220.19441433799938,557.9763565342755,3427.3313603541505,6.142431162571341,SURPLUS TINGGI: auto-debit tabungan berencana + tawarkan deposito/investasi
575,November 2019,2206.3333333333335,406.0833333333333,3470.731411485331,2701.3044007792387,4417.989303019747,-858.3147448186642,-1805.5726363530803,-568.0773909783655,55.3,Waspada,290.2373538402986,0.0,5030.697535379343,,"DEFISIT: amankan arus kas, pangkas diskresioner & hindari utang konsumtif baru"
576,November 2019,5291.833333333333,450.8333333333333,4266.241775087747,2693.720540029277,6096.12218053202,1476.4248915789194,-353.4555138653541,1505.0366913792245,75.9,Sehat,28.611799800305093,1204.0293531033797,6649.917040424205,5.523052260548364,SURPLUS TINGGI: auto-debit tabungan berencana + tawarkan deposito/investasi
577,November 2019,2758.8333333333335,123.16666666666667,3037.3304573544533,2508.604107116451,3883.4934844065956,-155.3304573544533,-1001.4934844065956,9.539543714271645,54.1,Waspada,164.87000106872495,7.631634971417316,4930.149605998618,646.0148610964043,"SEIMBANGKAN: ikuti budget hemat untuk menutup defisit, lalu auto-save kecil"
580,November 2019,3071.4166666666665,292.4166666666667,4993.93350569063,3924.385108354729,5992.5692107452,-1630.1001723572972,-2628.7358774118666,-1630.1001723572972,61.3,Waspada,0.0,0.0,12951.23497122751,,"DEFISIT: amankan arus kas, pangkas diskresioner & hindari utang konsumtif baru"
581,November 2019,2496.8333333333335,267.4166666666667,2344.4796194991904,1634.711954251146,3254.5158388162554,419.77038050080955,-490.2658388162554,536.7054742389341,70.1,Sehat,116.93509373812452,429.36437939114734,3994.958184743964,9.304354009079525,SURPLUS: auto-debit tabungan berencana setelah gajian
582,November 2019,3268.5,372.5,2948.1219722774827,1762.4161314654737,4043.413011737116,692.8780277225173,-402.413011737116,782.4376407018152,66.9,Waspada,89.55961297929782,625.9501125614522,3491.392710131533,5.5777491529546905,SURPLUS: auto-debit tabungan berencana setelah gajian
583,November 2019,2412.8333333333335,182.41666666666666,2088.4615974931007,1449.9559038644109,2791.630215363785,506.7884025068993,-196.38021536378483,542.7708472936072,74.6,Sehat,35.98244478670789,434.2166778348858,2654.80778059996,6.114016149350834,SURPLUS: auto-debit tabungan berencana setelah gajian
584,November 2019,2432.9166666666665,256.3333333333333,2203.2725951770085,1430.5413143593078,2694.225886828304,485.9774048229915,-4.975886828303828,533.329466610086,67.4,Waspada,47.352061787094456,426.66357328806885,3809.636485681612,8.928900248790336,SURPLUS: auto-debit tabungan berencana setelah gajian
585,November 2019,3456.9166666666665,241.5,4081.628002213169,3139.424139695915,5079.616429164264,-383.2113355465026,-1381.199762497598,-320.5766511614384,49.5,Rentan,62.6346843850642,0.0,8645.1913039729,,"DEFISIT: amankan arus kas, pangkas diskresioner & hindari utang konsumtif baru"
586,November 2019,3905.3333333333335,152.91666666666666,2676.3493498966272,1935.537715131088,3672.10408304036,1381.9006501033728,386.1459169596401,1485.8517935362831,79.7,Sehat,103.95114343291047,1171.6,3509.444284526841,2.9954287167350984,SURPLUS TINGGI: auto-debit tabungan berencana + tawarkan deposito/investasi
589,November 2019,2252.9166666666665,246.5,1350.5714426128475,1003.7056046902347,2374.1197130138767,1148.845224053819,125.29695365278985,1193.1894938708188,55.4,Waspada,44.34426981699964,675.8749999999999,1821.8067391892685,2.695478807751831,SURPLUS TINGGI: auto-debit tabungan berencana + tawarkan deposito/investasi
592,November 2019,1999.4166666666667,381.8333333333333,4584.929186183828,3812.171939195737,5480.654551524883,-2203.6791861838283,-3099.4045515248827,-2154.43139002475,55.8,Waspada,49.24779615907826,0.0,5331.7839179160055,,"DEFISIT: amankan arus kas, pangkas diskresioner & hindari utang konsumtif baru"
595,November 2019,2420.0833333333335,80.41666666666667,2128.9670504953638,1459.753750785748,2857.5574984971836,371.53294950463624,-357.0574984971836,478.4924991021617,71.4,Sehat,106.95954959752547,382.7939992817294,3385.847692271076,8.845090828550722,SURPLUS: auto-debit tabungan berencana setelah gajian
596,November 2019,2885.75,406.75,2805.53666244851,1882.7261303329487,4045.8119178917623,486.96333755149,-753.3119178917623,572.0996593492852,77.6,Sehat,85.13632179779522,457.67972747942815,4237.79049802803,9.259292565494963,SURPLUS: auto-debit tabungan berencana setelah gajian
597,November 2019,5421.25,2611.3333333333335,8044.430192830525,6154.011476331083,9788.73213840239,-11.846859497190962,-1756.1488050690568,174.43458489025292,76.1,Sehat,186.28144438744388,139.54766791220234,16894.165682984338,121.0637621949616,"SEIMBANGKAN: ikuti budget hemat untuk menutup defisit, lalu auto-save kecil"
598,November 2019,3595.3333333333335,424.75,10096.060643198844,9189.856902490805,11396.79813389491,-6075.97730986551,-7376.714800561576,-5427.15000172625,40.4,Rentan,648.8273081392599,0.0,19065.3773397013,,"DEFISIT: amankan arus kas, pangkas diskresioner & hindari utang konsumtif baru"
601,November 2019,3583.6666666666665,447.0,2462.121376911662,1683.3889125020662,3387.5208578308766,1568.5452897550044,643.1458088357899,1633.081764676859,83.6,Sehat,64.53647492185453,1075.1,4413.487220095214,4.105187629146325,SURPLUS TINGGI: auto-debit tabungan berencana + tawarkan deposito/investasi
602,November 2019,2869.75,422.0,5064.060694795485,3819.5290599455693,6098.897332916617,-1772.3106947954848,-2807.1473329166174,-1634.6063582860777,52.5,Waspada,137.7043365094071,0.0,10253.695162392214,,"DEFISIT: amankan arus kas, pangkas diskresioner & hindari utang konsumtif baru"
604,November 2019,5903.333333333333,197.08333333333334,4474.771050092916,3437.68539575555,5618.123837043997,1625.64561657375,482.29282962266916,1748.6216592620603,82.6,Sehat,122.97604268831033,1398.8973274096484,8650.630901251236,6.183892650127292,SURPLUS TINGGI: auto-debit tabungan berencana + tawarkan deposito/investasi
605,November 2019,3961.8333333333335,218.33333333333334,3389.059456371787,2490.917055321728,4534.171986666234,791.1072102948801,-354.0053199995673,791.1072102948801,85.9,Sehat,0.0,632.8857682359042,7295.638603262226,11.527575700742922,SURPLUS: auto-debit tabungan berencana setelah gajian
608,November 2019,197.08333333333334,435.4166666666667,1523.169617593442,1049.5362948030172,1976.1391599692702,-890.6696175934419,-1343.6391599692702,-823.3351258715927,61.0,Waspada,67.33449172184913,0.0,3212.6296268946767,,"DEFISIT: amankan arus kas, pangkas diskresioner & hindari utang konsumtif baru"
609,November 2019,3128.0,154.16666666666666,2036.7661358906855,1410.4734148879434,2998.8824668685206,1245.400530775981,283.2841997981459,1245.5363009573073,80.7,Sehat,0.135770181326194,938.4,4246.260258256624,4.525000275209531,SURPLUS TINGGI: auto-debit tabungan berencana + tawarkan deposito/investasi
613,November 2019,4713.5,571.5,3438.6427743198333,2407.7364459948494,4864.78120184919,1846.3572256801667,420.21879815080956,1847.5446281442235,73.1,Sehat,1.187402464056646,1414.05,6878.5433903237,4.864427276492132,SURPLUS TINGGI: auto-debit tabungan berencana + tawarkan deposito/investasi
614,November 2019,1369.1666666666667,548.5,2681.275009343459,1825.6777980401564,3629.317098486783,-763.6083426767921,-1711.6504318201162,-599.6201308522805,53.6,Waspada,163.9882118245116,0.0,5106.248746250962,,"DEFISIT: amankan arus kas, pangkas diskresioner & hindari utang konsumtif baru"
615,November 2019,3730.5,567.75,5863.684641992387,4778.37800246092,7211.998409673207,-1565.4346419923868,-2913.748409673207,-1529.4418577847812,51.9,Waspada,35.992784207605624,0.0,4128.088256750616,,"DEFISIT: amankan arus kas, pangkas diskresioner & hindari utang konsumtif baru"
616,November 2019,2901.4166666666665,450.0,2466.4193587239315,1746.9398776001728,3832.602614424387,884.997307942735,-481.18594775772044,886.8664469238839,65.8,Waspada,1.8691389811489216,709.4931575391072,4618.237340584008,6.509206313704937,SURPLUS TINGGI: auto-debit tabungan berencana + tawarkan deposito/investasi
618,November 2019,2316.25,72.0,1420.1495533879922,964.0730044526116,2174.7855811747636,968.1004466120078,213.4644188252364,1040.7407014063085,62.6,Waspada,72.64025479430077,694.875,1963.5245474316207,2.8257233997936617,SURPLUS TINGGI: auto-debit tabungan berencana + tawarkan deposito/investasi
619,November 2019,4498.833333333333,494.8333333333333,3329.6594587472105,2265.6369288881688,4507.2303863695915,1664.0072079194556,486.4362802970745,1755.0178278721253,77.2,Sehat,91.01061995266976,1349.6499999999999,5966.057157582333,4.420447640189926,SURPLUS TINGGI: auto-debit tabungan berencana + tawarkan deposito/investasi
621,November 2019,2281.0,73.5,2289.6018590948634,1660.7060757977856,2743.0232351089917,64.89814090513664,-388.5232351089917,126.8492993839032,55.1,Waspada,61.95115847876655,101.47943950712256,3431.1205173906665,33.8109920005012,"SURPLUS TIPIS: bangun dana darurat dulu, mulai auto-save nominal kecil"
623,November 2019,6496.75,616.4166666666666,3802.284460620294,2314.0900716110436,5424.139679260225,3310.882206046373,1689.0269874064415,3310.882206046373,75.6,Sehat,0.0,1949.0249999999999,6601.039373502284,3.386841817576627,SURPLUS TINGGI: auto-debit tabungan berencana + tawarkan deposito/investasi
628,November 2019,8922.916666666666,529.6666666666666,4761.439293186566,3333.083349137538,6828.865233133038,4691.144040146766,2623.7181002002944,4691.144040146766,88.3,Sehat,0.0,2676.8749999999995,9360.833324443543,3.496925827482996,SURPLUS TINGGI: auto-debit tabungan berencana + tawarkan deposito/investasi
629,November 2019,4792.75,329.0833333333333,5992.191719674001,3924.961438132021,7988.066083777171,-870.3583863406684,-2866.232750443838,-103.0758121621094,53.4,Waspada,767.282574178559,0.0,6933.372492399853,,"DEFISIT: amankan arus kas, pangkas diskresioner & hindari utang konsumtif baru"
630,November 2019,3293.4166666666665,364.0,12245.309379498563,11446.145092779027,13765.780450203349,-8587.892712831897,-10108.363783536683,-8401.164864095826,41.6,Rentan,186.72784873607154,0.0,9390.363420151005,,"DEFISIT: amankan arus kas, pangkas diskresioner & hindari utang konsumtif baru"
631,November 2019,2817.5833333333335,426.0833333333333,3002.154050109277,2223.1072801942864,4072.986008981439,241.51261655739017,-829.3193423147723,377.7166536541941,73.5,Sehat,136.20403709680392,302.1733229233553,5708.207254419834,18.8905069421621,SURPLUS: auto-debit tabungan berencana setelah gajian
633,November 2019,4181.583333333333,389.75,3316.3015139191693,2220.8603924525223,4721.272004285462,1255.0318194141637,-149.93867095212863,1276.0269910309687,77.4,Sehat,20.995171616804992,1020.821592824775,5771.6046430873175,5.653881817993654,SURPLUS TINGGI: auto-debit tabungan berencana + tawarkan deposito/investasi
634,November 2019,4089.9166666666665,226.25,4081.247752932541,2898.093289419403,5278.419859942236,234.918913734125,-962.2531932755701,526.4643225844608,68.7,Waspada,291.5454088503358,421.17145806756866,6877.627389738938,16.329756582497474,SURPLUS: auto-debit tabungan berencana setelah gajian
636,November 2019,2031.0,317.4166666666667,1541.2341956303717,1071.1093200138914,2119.850646741672,807.1824710362948,228.56601992499463,807.1824710362948,83.4,Sehat,0.0,609.3,3707.0796277248573,6.084161542302409,SURPLUS TINGGI: auto-debit tabungan berencana + tawarkan deposito/investasi
637,November 2019,6440.666666666667,385.25,6741.1772776141615,5476.065990921689,8655.420016901899,84.73938905250543,-1829.5033502352317,498.34846206215343,68.0,Waspada,413.609073009648,398.67876964972277,12080.065570031247,30.300247943086447,"SURPLUS TIPIS: bangun dana darurat dulu, mulai auto-save nominal kecil"
638,November 2019,1407.4166666666667,261.0833333333333,3439.5541758911354,2222.243719250653,4549.94761402434,-1771.0541758911354,-2881.4476140243396,-1600.4773516817872,38.9,Rentan,170.57682420934816,0.0,5637.472702874872,,"DEFISIT: amankan arus kas, pangkas diskresioner & hindari utang konsumtif baru"
639,November 2019,3137.0833333333335,586.75,4598.617562835876,3723.50908979823,5945.000552941299,-874.7842295025425,-2221.1672196079658,-755.644116997123,46.5,Rentan,119.14011250541952,0.0,7419.495940177244,,"DEFISIT: amankan arus kas, pangkas diskresioner & hindari utang konsumtif baru"
641,November 2019,3129.6666666666665,359.25,6084.163261264607,5203.355512271264,6928.701731529442,-2595.2465945979407,-3439.785064862776,-2232.5832445173937,50.2,Waspada,362.6633500805471,0.0,11762.375960311003,,"DEFISIT: amankan arus kas, pangkas diskresioner & hindari utang konsumtif baru"
642,November 2019,2845.25,362.8333333333333,3115.4925725601506,2094.7905786905317,3886.0803175064593,92.59076077318286,-677.9969841731258,225.5793387886652,63.0,Waspada,132.98857801548235,180.46347103093217,4532.525502699402,25.116027508539435,"SURPLUS TIPIS: bangun dana darurat dulu, mulai auto-save nominal kecil"
643,November 2019,3616.4166666666665,315.5833333333333,2970.1013058532135,2327.817293988065,3849.255834768171,961.8986941467865,82.7441652318289,1200.2606715045617,73.7,Sehat,238.36197735777517,960.2085372036495,4976.733578594443,5.182971600198274,SURPLUS TINGGI: auto-debit tabungan berencana + tawarkan deposito/investasi
644,November 2019,3496.9166666666665,381.9166666666667,1893.721997512404,1328.533885768154,3008.019717489164,1985.111335820929,870.8136158441689,2017.1253054296799,76.5,Sehat,32.01396960875088,1049.0749999999998,4018.0992063259628,3.8301353157076123,SURPLUS TINGGI: auto-debit tabungan berencana + tawarkan deposito/investasi
646,November 2019,3636.1666666666665,341.0,3069.4831311004505,2191.754630250237,3958.0657100067306,907.683535566216,19.100956659935946,1129.1475468514673,81.6,Sehat,221.46401128525125,903.3180374811739,5403.901507532912,5.982280086647262,SURPLUS TINGGI: auto-debit tabungan berencana + tawarkan deposito/investasi
647,November 2019,2241.6666666666665,2421.1666666666665,4017.413295155508,3409.621128598091,4862.270466355094,645.4200381778251,-199.43713302176093,645.4200381778251,81.9,Sehat,0.0,516.3360305422601,10383.873937434219,20.1106901769551,SURPLUS TINGGI: auto-debit tabungan berencana + tawarkan deposito/investasi
648,November 2019,2487.8333333333335,196.83333333333334,1395.8166082520574,961.5889423359336,1787.1179720365415,1288.8500584146095,897.5486946301255,1288.8500584146095,72.9,Sehat,0.0,746.35,1782.369611791074,2.388114975267735,SURPLUS TINGGI: auto-debit tabungan berencana + tawarkan deposito/investasi
649,November 2019,3867.3333333333335,552.5,2286.753494493133,1608.305499044559,2933.7859862356563,2133.079838840201,1486.0473470976776,2149.7096725625074,87.3,Sehat,16.629833722306685,1160.2,4078.3746880370472,3.515234173450308,SURPLUS TINGGI: auto-debit tabungan berencana + tawarkan deposito/investasi
650,November 2019,2017.9166666666667,488.9166666666667,2197.6182181510267,1464.9258463480205,2762.74427402154,309.2151151823068,-255.91094068820667,401.3967332946677,78.8,Sehat,92.1816181123609,321.1173866357342,2671.523132504233,8.319459623451433,SURPLUS: auto-debit tabungan berencana setelah gajian
652,November 2019,1893.8333333333333,325.75416666666666,3469.959524806571,2657.8548390357973,4568.702850989,-1250.372024806571,-2349.1153509889996,-1065.0475682905942,57.8,Waspada,185.3244565159768,0.0,6772.080913058187,,"DEFISIT: amankan arus kas, pangkas diskresioner & hindari utang konsumtif baru"
655,November 2019,2528.3333333333335,461.8333333333333,2687.917750089623,2023.2230895923908,3914.4000092644173,302.24891657704393,-924.2333425977504,371.5905190763341,54.4,Waspada,69.34160249929016,297.2724152610673,4106.2208525194565,13.812989842711563,SURPLUS: auto-debit tabungan berencana setelah gajian
657,November 2019,2824.75,175.58333333333334,1998.334833971257,1328.7133659923356,2636.9523369249764,1001.9984993620765,363.3809964083571,1039.7530669801802,80.3,Sehat,37.75456761810377,831.8024535841441,3464.1065157495013,4.164578381348903,SURPLUS TINGGI: auto-debit tabungan berencana + tawarkan deposito/investasi
658,November 2019,4385.833333333333,259.5833333333333,5635.434055801201,4528.622844208603,7242.446120922147,-990.0173891345348,-2597.029454255481,-617.081827635707,51.8,Waspada,372.93556149882784,0.0,9743.45124446799,,"DEFISIT: amankan arus kas, pangkas diskresioner & hindari utang konsumtif baru"
659,November 2019,2715.25,374.0,3834.2379304567794,3083.443992253361,4953.263265364774,-744.9879304567794,-1864.0132653647743,-452.3206564864241,49.2,Rentan,292.66727397035527,0.0,6007.903989395247,,"DEFISIT: amankan arus kas, pangkas diskresioner & hindari utang konsumtif baru"
660,November 2019,3670.0833333333335,262.0,2212.0969476690043,1386.7940351792863,3023.799600625198,1719.9863856643292,908.2837327081356,1719.9863856643292,70.1,Sehat,0.0,1101.025,4314.340232965007,3.918476177166737,SURPLUS TINGGI: auto-debit tabungan berencana + tawarkan deposito/investasi
661,November 2019,3569.25,308.0833333333333,1700.5001865677705,977.4769064850316,2625.398573397788,2176.833146765563,1251.9347599355456,2176.833146765563,62.1,Waspada,0.0,1070.7749999999999,3024.3637725504072,2.824462443137361,SURPLUS TINGGI: auto-debit tabungan berencana + tawarkan deposito/investasi
662,November 2019,7141.166666666667,603.75,6604.897952882824,5314.970522271851,8676.906332483206,1140.018713783843,-931.989665816539,1261.0647317642852,80.6,Sehat,121.04601798044234,1008.8517854114282,14051.536161267686,13.928246313740935,SURPLUS: auto-debit tabungan berencana setelah gajian
663,November 2019,5879.5,247.5,5217.386551550648,3998.181240161063,6473.664448443164,909.6134484493523,-346.66444844316356,1379.9210491661581,73.8,Sehat,470.30760071680584,1103.9368393329266,8391.996726252488,7.6018812193309,SURPLUS: auto-debit tabungan berencana setelah gajian
665,November 2019,967.75,308.25,3925.7493866198115,3337.119592431074,5122.368672967198,-2649.7493866198115,-3846.368672967198,-2523.5393147920095,63.0,Waspada,126.21007182780188,0.0,8248.890837488809,,"DEFISIT: amankan arus kas, pangkas diskresioner & hindari utang konsumtif baru"
667,November 2019,3480.25,280.75,5370.339016261782,4186.111284343842,6668.760483279003,-1609.3390162617816,-2907.760483279003,-1321.3853275495057,53.0,Waspada,287.95368871227595,0.0,9676.259949002026,,"DEFISIT: amankan arus kas, pangkas diskresioner & hindari utang konsumtif baru"
668,November 2019,1361.8333333333333,464.1666666666667,2997.4785653632634,2207.711703411858,4044.700864089081,-1171.4785653632634,-2218.700864089081,-932.2583747228097,44.2,Rentan,239.2201906404538,0.0,5472.81631151211,,"DEFISIT: amankan arus kas, pangkas diskresioner & hindari utang konsumtif baru"
669,November 2019,3428.4166666666665,132.75,2988.307491409864,2341.6761236576667,4073.6233366344777,572.8591752568027,-512.4566699678112,813.3436613866818,67.3,Waspada,240.48448612987914,650.6749291093455,4553.085997328725,6.997481835608856,SURPLUS: auto-debit tabungan berencana setelah gajian
671,November 2019,2836.0,363.6666666666667,3035.147727468861,2145.794905860791,4170.006980406753,164.5189391978056,-970.3403137400869,296.8397032778175,68.2,Waspada,132.32076408001188,237.471762622254,4596.560768044391,19.356241421242718,"SURPLUS TIPIS: bangun dana darurat dulu, mulai auto-save nominal kecil"
672,November 2019,1997.25,369.6666666666667,3621.85472784139,2967.8254408928783,4387.1690700376175,-1254.9380611747233,-2020.252403370951,-967.6798387634136,48.1,Rentan,287.2582224113097,0.0,6607.150104768286,,"DEFISIT: amankan arus kas, pangkas diskresioner & hindari utang konsumtif baru"
674,November 2019,2345.5833333333335,215.25,2708.958069674585,2004.3261384773255,3643.027898140626,-148.12473634125172,-1082.1945648072924,33.315193513803564,56.6,Waspada,181.43992985505528,26.652154811042852,4153.760891612692,155.8508466224147,"SEIMBANGKAN: ikuti budget hemat untuk menutup defisit, lalu auto-save kecil"
675,November 2019,2957.4166666666665,397.8333333333333,2796.2847297542517,1965.2036262718912,3801.0967724688353,558.9652702457483,-445.8467724688353,558.9652702457483,69.3,Waspada,0.0,447.1722161965987,6184.854196991582,13.831034158599019,SURPLUS: auto-debit tabungan berencana setelah gajian
676,November 2019,5421.083333333333,504.5833333333333,5241.8204559896785,3851.86378521771,6959.234193157308,683.8462106769875,-1033.5675264906422,1083.9123322575444,70.7,Sehat,400.06612158055697,867.1298658060356,7971.7024979400485,9.193204861569377,SURPLUS: auto-debit tabungan berencana setelah gajian
677,November 2019,5602.166666666667,525.0833333333334,3947.715312750762,2789.5830405094875,6040.154222850144,2179.534687249238,87.09577714985608,2356.26933215268,71.8,Sehat,176.73464490344202,1680.65,6705.158718665774,3.989622300101612,SURPLUS TINGGI: auto-debit tabungan berencana + tawarkan deposito/investasi
678,November 2019,2456.4166666666665,371.6666666666667,1693.2969025406614,1233.0159743255667,2324.563431079799,1134.7864307926716,503.5199022535339,1192.6621996136164,79.7,Sehat,57.875768820944835,736.925,3478.247265413661,4.719947437546102,SURPLUS TINGGI: auto-debit tabungan berencana + tawarkan deposito/investasi
679,November 2019,2856.0,121.83333333333333,1625.5705528199871,903.8606945573534,2624.857130193423,1352.2627805133463,352.97620313991047,1433.4698680824545,73.0,Sehat,81.20708756910818,856.8,1971.769634202041,2.301318433942625,SURPLUS TINGGI: auto-debit tabungan berencana + tawarkan deposito/investasi
683,November 2019,4253.25,392.0833333333333,3914.760868411748,2728.6870149443967,5058.056313119226,730.5724649215849,-412.7229797858927,742.5427911641239,79.9,Sehat,11.970326242538889,594.0342329312991,7454.839402220696,12.549511440501204,SURPLUS: auto-debit tabungan berencana setelah gajian
684,November 2019,3680.8333333333335,373.9166666666667,2191.009678664996,1442.3805927861208,3234.0108439404203,1863.740321335004,820.7391560595797,1911.92187740301,63.4,Waspada,48.181556068006216,1104.25,3452.1224912375646,3.126214617376106,SURPLUS TINGGI: auto-debit tabungan berencana + tawarkan deposito/investasi
688,November 2019,3935.5833333333335,177.25,3893.6684943907976,2969.6066686497934,5014.059846299534,219.16483894253633,-901.2265129662001,668.8498171244455,56.4,Waspada,449.6849781819091,535.0798536995565,4820.735118922324,9.009375115866598,SURPLUS: auto-debit tabungan berencana setelah gajian
692,November 2019,3558.4166666666665,552.5,2753.005515023464,1852.0486441393427,3811.687538458984,1357.9111516432022,299.22912820768215,1464.9360635993744,74.3,Sehat,107.0249119561722,1067.5249999999999,4811.691420683854,4.507333711794903,SURPLUS TINGGI: auto-debit tabungan berencana + tawarkan deposito/investasi
696,November 2019,9214.166666666666,418.8333333333333,8100.037961395534,5712.599650399691,10765.660740661251,1532.9620386044662,-1132.660740661251,2148.909759174355,75.3,Sehat,615.9477205698884,1719.127807339484,8457.834559649411,4.919840469998984,SURPLUS: auto-debit tabungan berencana setelah gajian
697,November 2019,5519.166666666667,234.0,3412.2965782299834,2280.0035330939604,4659.942738626091,2340.8700884366835,1093.2239280405756,2340.8700884366835,83.3,Sehat,0.0,1655.75,5349.545422934587,3.230889580513113,SURPLUS TINGGI: auto-debit tabungan berencana + tawarkan deposito/investasi
699,November 2019,3789.5833333333335,245.5,2267.768492628717,1497.680102166862,3318.322086752998,1767.3148407046165,716.7612465803354,1767.3148407046165,70.4,Sehat,0.0,1136.875,3714.4105346280103,3.267211025511169,SURPLUS TINGGI: auto-debit tabungan berencana + tawarkan deposito/investasi
702,November 2019,5925.25,247.58333333333334,7077.365791790174,5784.9025476228,8410.653642497207,-904.5324584568407,-2237.8203091638743,-686.5100952386645,54.8,Waspada,218.02236321817625,0.0,13736.464000722628,,"DEFISIT: amankan arus kas, pangkas diskresioner & hindari utang konsumtif baru"
704,November 2019,9391.25,440.5,14494.499722513625,12686.955210617758,17561.693594633027,-4662.749722513625,-7729.943594633027,-4002.80930257966,61.8,Waspada,659.9404199339647,0.0,31505.834526258528,,"DEFISIT: amankan arus kas, pangkas diskresioner & hindari utang konsumtif baru"
705,November 2019,6655.833333333333,522.8333333333334,8491.051962271675,7276.077498088142,10252.925125807351,-1312.3852956050087,-3074.258459140685,-826.1214752875128,53.1,Waspada,486.26382031749586,0.0,17806.998054345495,,"DEFISIT: amankan arus kas, pangkas diskresioner & hindari utang konsumtif baru"
706,November 2019,5632.416666666667,489.75,4228.359217667376,3026.1497709272026,5510.448305088325,1893.8074489992914,611.7183615783424,1960.8610864902007,70.3,Sehat,67.05363749090935,1568.6888691921606,8264.636374951622,5.268499405626383,SURPLUS TINGGI: auto-debit tabungan berencana + tawarkan deposito/investasi
708,November 2019,20827.083333333332,776.25,9655.251697188334,6305.353539456857,13513.175624274809,11948.081636144998,8090.157709058523,12016.017718739347,76.4,Sehat,67.93608259434995,6248.124999999999,10504.804413212005,1.681273088040333,SURPLUS TINGGI: auto-debit tabungan berencana + tawarkan deposito/investasi
709,November 2019,3577.5833333333335,383.5833333333333,3124.509594462273,2481.6753003568315,3910.023238326765,836.6570722043939,51.14342833990213,1034.8159727078396,79.5,Sehat,198.1589005034457,827.8527781662717,5176.273640612624,6.252649960393061,SURPLUS TINGGI: auto-debit tabungan berencana + tawarkan deposito/investasi
711,November 2019,3407.8333333333335,483.8333333333333,135.86185763992623,135.86185763992623,6488.289919061773,3755.8048090267407,-2596.6232523951057,3755.8048090267407,70.3,Sehat,0.0,1022.35,0.7312160082761032,0.0007152306042706541,SURPLUS TINGGI: auto-debit tabungan berencana + tawarkan deposito/investasi
712,November 2019,2427.5,488.0,2868.3727320121047,2003.1699864351835,3979.5448331594203,47.127267987895266,-1064.0448331594203,100.54472202002961,71.7,Sehat,53.41745403213434,80.4357776160237,4565.690322218405,56.76193427275164,"SURPLUS TIPIS: bangun dana darurat dulu, mulai auto-save nominal kecil"
714,November 2019,6115.25,219.16666666666666,2598.0600657857813,2034.4059244316,3155.7846519976183,3736.3566008808857,3178.6320146690487,3810.383977123509,75.2,Sehat,74.02737624262336,1834.575,4299.360838394642,2.3435187105431186,SURPLUS TINGGI: auto-debit tabungan berencana + tawarkan deposito/investasi
716,November 2019,2209.25,306.25,4574.806185394115,3922.3298166337286,5487.6908693361,-2059.3061853941153,-2972.1908693361,-2059.3061853941153,55.5,Waspada,0.0,0.0,12589.688445792175,,"DEFISIT: amankan arus kas, pangkas diskresioner & hindari utang konsumtif baru"
719,November 2019,4178.25,415.3333333333333,3999.835012463074,2965.6686577856385,5397.4517262167,593.7483208702592,-803.868392883367,680.4195476363191,75.2,Sehat,86.67122676605979,544.3356381090553,6790.047584682374,12.474008882222071,SURPLUS: auto-debit tabungan berencana setelah gajian
720,November 2019,1650.0,172.75,1255.2123163956064,577.1702365529836,1605.540725014191,567.5376836043936,217.2092749858091,604.2199359983703,67.5,Waspada,36.68225239397671,483.37594879869624,2343.0412307862384,4.847244130803882,SURPLUS TINGGI: auto-debit tabungan berencana + tawarkan deposito/investasi
721,November 2019,3198.8333333333335,240.33333333333334,2221.1121152624564,1577.2665367959294,3510.5270464503405,1218.0545514042105,-71.36037978367358,1330.3930070919034,72.4,Sehat,112.33845568769298,959.65,3688.9093568860826,3.844015377362666,SURPLUS TINGGI: auto-debit tabungan berencana + tawarkan deposito/investasi
723,November 2019,2949.75,336.25,2176.3678873856547,1677.657746786722,2997.65837111425,1109.6321126143453,288.3416288857502,1165.4950679017804,81.4,Sehat,55.86295528743522,884.925,3747.6584683679102,4.235001235548674,SURPLUS TINGGI: auto-debit tabungan berencana + tawarkan deposito/investasi
724,November 2019,2928.5,361.25,2742.389764573559,1835.5236363055901,3849.632753275456,547.3602354264408,-559.8827532754558,652.7198604817338,60.6,Waspada,105.35962505529301,522.1758883853871,4275.516163334123,8.187885075571735,SURPLUS: auto-debit tabungan berencana setelah gajian
726,November 2019,3743.6666666666665,496.0,2200.5895095255896,1442.3562575516014,3223.788888500324,2039.0771571410764,1015.8777781663421,2039.0771571410764,83.8,Sehat,0.0,1123.1,4035.2472984548217,3.5929545885983636,SURPLUS TINGGI: auto-debit tabungan berencana + tawarkan deposito/investasi
727,November 2019,3376.8333333333335,188.5,2270.905528533462,1664.1338688893175,3366.120854292304,1294.4278047998714,199.21247904102938,1423.7856772825367,76.9,Sehat,129.35787248266533,1013.05,3454.9119871009393,3.410406186368826,SURPLUS TINGGI: auto-debit tabungan berencana + tawarkan deposito/investasi
728,November 2019,2756.3333333333335,550.0833333333334,2296.27790023032,1534.2714745238736,3251.5009808319983,1010.1387664363469,54.91568583466869,1010.1387664363469,82.8,Sehat,0.0,808.1110131490776,5191.8086324190845,6.4246230380989955,SURPLUS TINGGI: auto-debit tabungan berencana + tawarkan deposito/investasi
729,November 2019,2073.6666666666665,653.6666666666666,3251.253668445415,2429.9785740978095,4601.323698260865,-523.9203351120818,-1873.990364927532,-293.75335529888025,56.8,Waspada,230.16697981320155,0.0,6464.230911739516,,"DEFISIT: amankan arus kas, pangkas diskresioner & hindari utang konsumtif baru"
731,November 2019,3182.75,322.8333333333333,2849.526212176562,1831.3123335580865,3933.226673573879,656.0571211567717,-427.6433402405455,664.1873485302873,80.4,Sehat,8.130227373515595,531.3498788242299,5348.911877086453,10.066647401750643,SURPLUS: auto-debit tabungan berencana setelah gajian
732,November 2019,3265.9166666666665,362.0,2597.3532521651323,1711.0169931578914,3557.744092584426,1030.5634145015342,70.17257408224032,1076.3482613898607,79.4,Sehat,45.78484688832649,861.0786091118886,4985.381621008941,5.789693958546751,SURPLUS TINGGI: auto-debit tabungan berencana + tawarkan deposito/investasi
733,November 2019,4428.166666666667,673.25,9183.22174454077,7572.146818158623,10963.062764263716,-4081.8050778741026,-5861.6460975970485,-3370.5411993355974,30.2,Rentan,711.263878538505,0.0,6007.972830780333,,"DEFISIT: amankan arus kas, pangkas diskresioner & hindari utang konsumtif baru"
734,November 2019,2076.4166666666665,266.4166666666667,1471.377369637873,1074.4192446565803,2085.303854491484,871.45596369546,257.52947884184914,984.2890934820082,66.1,Waspada,112.83312978654818,622.925,2664.772172604884,4.277837897989139,SURPLUS TINGGI: auto-debit tabungan berencana + tawarkan deposito/investasi
737,November 2019,2529.9166666666665,654.5833333333334,5905.346325352551,4745.021366899304,7546.597232971702,-2720.8463253525506,-4362.097232971702,-2405.5311593125357,53.8,Waspada,315.31516604001496,0.0,11686.586929363928,,"DEFISIT: amankan arus kas, pangkas diskresioner & hindari utang konsumtif baru"
738,November 2019,5331.166666666667,730.5,6777.850304114163,5333.821640115789,8635.212749993712,-716.183637447496,-2573.5460833270454,-360.4747518542546,50.4,Waspada,355.70888559324146,0.0,13321.233625928911,,"DEFISIT: amankan arus kas, pangkas diskresioner & hindari utang konsumtif baru"
742,November 2019,4229.416666666667,783.9166666666666,4588.443944421218,3316.4799867088673,6265.346531575595,424.8893889121164,-1252.0131982422608,642.4032210928669,75.2,Sehat,217.5138321807506,513.9225768742936,7610.788043261336,14.809211320410524,SURPLUS: auto-debit tabungan berencana setelah gajian
743,November 2019,2707.5833333333335,244.0,2627.2175096726864,1828.1820112493751,3413.9675842808247,324.36582366064704,-462.3842509474912,440.8678919895982,69.7,Waspada,116.50206832895115,352.69431359167856,3839.8083644272583,10.887071938655305,SURPLUS: auto-debit tabungan berencana setelah gajian
744,November 2019,3724.9166666666665,140.41666666666666,2777.903362988007,1979.6329939849024,3603.0044481717296,1087.4299703453262,262.32888516160347,1202.0244677737849,87.5,Sehat,114.59449742845868,961.619574219028,4284.722903604321,4.455735946394525,SURPLUS TINGGI: auto-debit tabungan berencana + tawarkan deposito/investasi
746,November 2019,2524.0,228.58333333333334,3783.5129286869437,2870.8134028603044,4527.128470664107,-1030.9295953536102,-1774.5451373307737,-740.5082590996432,45.3,Rentan,290.42133625396707,0.0,5638.527044866298,,"DEFISIT: amankan arus kas, pangkas diskresioner & hindari utang konsumtif baru"
747,November 2019,2402.3333333333335,155.83333333333334,2395.7229575699193,1666.1952477118903,3155.450273216351,162.44370909674763,-597.283606549684,211.34832376937698,70.8,Sehat,48.904614672629364,169.0786590155016,4159.858788432585,24.603097828278838,"SURPLUS TIPIS: bangun dana darurat dulu, mulai auto-save nominal kecil"
748,November 2019,3127.8333333333335,337.1666666666667,2515.7017753125097,1789.6985584575718,3521.062883970435,949.2982246874903,-56.062883970434996,949.2982246874903,75.2,Sehat,0.0,759.4385797499923,4502.447184360524,5.9286521707163375,SURPLUS TINGGI: auto-debit tabungan berencana + tawarkan deposito/investasi
750,November 2019,2513.75,341.9166666666667,2082.8820746003757,1317.4714908254946,3052.8998798130924,772.7845920662908,-197.2332131464259,804.4418835617482,72.2,Sehat,31.65729149545744,643.5535068493987,3293.8820576825474,5.118272253395343,SURPLUS TINGGI: auto-debit tabungan berencana + tawarkan deposito/investasi
751,November 2019,4139.75,428.25,3818.55434844448,2652.5585592722186,5399.630110706741,749.4456515555198,-831.6301107067411,857.5858400469389,66.5,Waspada,108.1401884914191,686.0686720375511,6626.0977860227595,9.658067852513879,SURPLUS: auto-debit tabungan berencana setelah gajian
752,November 2019,5402.416666666667,508.0833333333333,4362.206151643183,2872.0211178960785,5657.291488138711,1548.2938483568169,253.20851186128857,1666.9121155992766,82.1,Sehat,118.61826724245971,1333.5296924794213,6901.480005955635,5.1753478343056365,SURPLUS TINGGI: auto-debit tabungan berencana + tawarkan deposito/investasi
753,November 2019,2640.6666666666665,290.75,2444.6040019198745,1636.3949309354164,3182.3902865536375,486.81266474679205,-250.97361988697094,511.9729798714293,69.9,Waspada,25.16031512463724,409.57838389714345,4901.568053442934,11.967350441701665,SURPLUS: auto-debit tabungan berencana setelah gajian
754,November 2019,2734.75,401.0833333333333,6059.226773256326,5124.78385470362,7019.81012065532,-2923.3934399229925,-3883.9767873219866,-2411.73351025351,42.5,Rentan,511.6599296694828,0.0,11345.87889248145,,"DEFISIT: amankan arus kas, pangkas diskresioner & hindari utang konsumtif baru"
755,November 2019,1928.0833333333333,299.0833333333333,2001.958116374444,1397.6428089392255,2683.0712270091913,225.20855029222253,-455.90456034252475,281.2168953787772,73.4,Sehat,56.0083450865547,224.9735163030218,3148.6904757677507,13.995827275627901,SURPLUS: auto-debit tabungan berencana setelah gajian
756,November 2019,4937.583333333333,552.0833333333334,4389.998545770784,2706.502351802846,5918.988010159313,1099.6681208958817,-429.3213434926465,1200.2134712776171,82.8,Sehat,100.54535038173552,960.1707770220937,8184.417401617603,8.523918450216776,SURPLUS: auto-debit tabungan berencana setelah gajian
757,November 2019,3852.6666666666665,509.3333333333333,5197.759449500857,3994.1710376858255,6307.275546606681,-835.759449500857,-1945.275546606681,-834.1434340384723,54.8,Waspada,1.6160154623847518,0.0,4940.072512978443,,"DEFISIT: amankan arus kas, pangkas diskresioner & hindari utang konsumtif baru"
758,November 2019,3598.3333333333335,336.0,2119.0567062435084,1479.5170824166253,3290.561674177752,1815.276627089825,643.7716591555813,1815.276627089825,84.3,Sehat,0.0,1079.5,3259.5994530351677,3.0195455794675015,SURPLUS TINGGI: auto-debit tabungan berencana + tawarkan deposito/investasi
759,November 2019,6212.5,498.0,3399.0694167731735,2425.734738113616,4726.533819939267,3311.4305832268265,1983.9661800607328,3311.4305832268265,81.4,Sehat,0.0,1863.75,6812.911278252004,3.6554855953062395,SURPLUS TINGGI: auto-debit tabungan berencana + tawarkan deposito/investasi
760,November 2019,3129.8333333333335,400.3333333333333,4384.595645484726,3740.2685089139222,5681.388608798882,-854.4289788180595,-2151.221942132215,-755.4688895942882,53.2,Waspada,98.96008922377132,0.0,6189.783326964231,,"DEFISIT: amankan arus kas, pangkas diskresioner & hindari utang konsumtif baru"
762,November 2019,3108.1666666666665,409.3333333333333,3793.032904738195,2994.5586438767036,4908.629138088731,-275.53290473819516,-1391.1291380887315,-275.53290473819516,60.7,Waspada,0.0,0.0,9271.509029774861,,"DEFISIT: amankan arus kas, pangkas diskresioner & hindari utang konsumtif baru"
763,November 2019,8593.833333333334,246.91666666666666,8394.019947851619,6936.667565657088,9648.688880256526,446.7300521483812,-807.9388802565263,1285.5160769961253,63.3,Waspada,838.7860248477441,1028.4128615969003,13032.776255170213,12.67270834685319,SURPLUS: auto-debit tabungan berencana setelah gajian
764,November 2019,2588.8333333333335,383.3016666666667,3911.1442223092927,2852.743697101754,4848.974552719041,-939.0092223092925,-1876.8395527190405,-552.9708484183666,42.2,Rentan,386.03837389092587,0.0,5629.607663245725,,"DEFISIT: amankan arus kas, pangkas diskresioner & hindari utang konsumtif baru"
771,November 2019,3221.75,561.4166666666666,2659.6745903622823,1758.8469468989852,3742.873640907585,1123.4920763043842,40.2930257590815,1136.4749758041432,77.2,Sehat,12.98289949975895,909.1799806433146,4352.095220820549,4.786835734923582,SURPLUS TINGGI: auto-debit tabungan berencana + tawarkan deposito/investasi
772,November 2019,3839.5833333333335,470.0,2492.2528309300146,1881.98107070427,3280.749423217636,1817.3305024033193,1028.833910115698,1854.494929003765,73.1,Sehat,37.1644266004458,1151.875,4079.068121729479,3.5412419939051367,SURPLUS TINGGI: auto-debit tabungan berencana + tawarkan deposito/investasi
773,November 2019,919.0833333333334,391.75,3137.682690099776,2275.7386784037153,4066.72244118807,-1826.8493567664427,-2755.8891078547367,-1700.8438099495834,51.3,Waspada,126.00554681685944,0.0,6589.146693229883,,"DEFISIT: amankan arus kas, pangkas diskresioner & hindari utang konsumtif baru"
774,November 2019,2782.9166666666665,411.0,2437.6892712698486,1728.2252714933948,3674.030314687251,756.2273953968179,-480.1136480205846,764.3170296714769,68.5,Waspada,8.08963427465902,611.4536237371816,4841.530692782207,7.918066889833693,SURPLUS TINGGI: auto-debit tabungan berencana + tawarkan deposito/investasi
776,November 2019,8121.25,806.25,7721.254401459411,5501.729066018937,9539.914387008088,1206.2455985405886,-612.4143870080879,1206.2455985405886,66.8,Waspada,0.0,964.996478832471,7340.2506131996515,7.606505074588942,SURPLUS: auto-debit tabungan berencana setelah gajian
779,November 2019,2722.4166666666665,368.6666666666667,6656.262461217668,5703.743771416413,7371.335135347083,-3565.179127884335,-4280.25180201375,-3212.182242148305,52.2,Waspada,352.9968857360302,0.0,13154.334700485088,,"DEFISIT: amankan arus kas, pangkas diskresioner & hindari utang konsumtif baru"
780,November 2019,4864.833333333333,285.5833333333333,2289.663988527675,1598.6834826116933,3113.1176547537107,2860.752678138991,2037.2990119129554,2860.752678138991,81.5,Sehat,0.0,1459.4499999999998,6548.452064378011,4.486931422370079,SURPLUS TINGGI: auto-debit tabungan berencana + tawarkan deposito/investasi
782,November 2019,3097.4166666666665,2161.3333333333335,7742.353225364046,6979.106120535842,8621.671601243848,-2483.603225364046,-3362.9216012438483,-2339.265428796616,44.7,Rentan,144.33779656743005,0.0,18526.438753707524,,"DEFISIT: amankan arus kas, pangkas diskresioner & hindari utang konsumtif baru"
783,November 2019,2480.75,172.0,2271.6213507153293,1501.2609654091395,3007.1347910819713,381.1286492846707,-354.38479108197134,475.59742873190623,67.3,Waspada,94.46877944723555,380.47794298552503,2866.795413548066,7.534721700430163,SURPLUS: auto-debit tabungan berencana setelah gajian
789,November 2019,4149.0,318.0833333333333,3315.238917311411,2305.314870122615,4831.089384012072,1151.844416021922,-364.0060506787386,1287.3099742947948,75.6,Sehat,135.46555827287273,1029.847979435836,5714.244796057586,5.548629419254601,SURPLUS TINGGI: auto-debit tabungan berencana + tawarkan deposito/investasi
790,November 2019,3863.4166666666665,251.83333333333334,3412.65378465761,2701.010002122597,4683.491177030196,702.5962153423902,-568.241177030196,947.7906645284756,73.6,Sehat,245.19444918608536,758.2325316227806,5385.026700410354,7.102078156532324,SURPLUS: auto-debit tabungan berencana setelah gajian
791,November 2019,3271.9166666666665,339.6666666666667,2745.6329088181783,1699.778083408168,3761.4435009155695,865.9504245151547,-149.8601675822365,1055.1981997068758,72.8,Sehat,189.24777519172108,844.1585597655007,4231.112131721058,5.012224401179348,SURPLUS TINGGI: auto-debit tabungan berencana + tawarkan deposito/investasi
793,November 2019,3549.4166666666665,801.3333333333334,2475.5960766997473,1678.5076341268548,3232.795170270183,1875.1539233002527,1117.954829729817,1951.059397049201,70.6,Sehat,75.90547374894817,1064.8249999999998,5013.648122845001,4.708424504350482,SURPLUS TINGGI: auto-debit tabungan berencana + tawarkan deposito/investasi
794,November 2019,2468.4166666666665,369.5833333333333,1508.972131787421,1072.792355521357,2249.1432247612993,1329.027868212579,588.8567752387007,1329.027868212579,90.2,Sehat,0.0,740.525,3511.278602865652,4.741607106938526,SURPLUS TINGGI: auto-debit tabungan berencana + tawarkan deposito/investasi
795,November 2019,6326.5,464.0,8062.165273119684,7041.5842315622895,9669.187478376074,-1271.6652731196837,-2878.687478376074,-415.3104994752632,53.9,Waspada,856.3547736444204,0.0,11994.079208729116,,"DEFISIT: amankan arus kas, pangkas diskresioner & hindari utang konsumtif baru"
797,November 2019,5167.083333333333,253.41666666666666,2984.1131087727517,1832.6762817644237,4137.403203303351,2436.3868912272483,1283.096796696649,2491.297866201612,61.6,Waspada,54.91097497436383,1550.1249999999998,4693.070116893249,3.0275430154943956,SURPLUS TINGGI: auto-debit tabungan berencana + tawarkan deposito/investasi
798,November 2019,4089.6666666666665,407.3333333333333,4193.914395450502,2744.0811639106596,5533.767073512699,303.0856045494984,-1036.7670735126994,401.1191813133167,74.2,Sehat,98.03357676381832,320.89534505065336,6793.722343043132,21.171146443307684,"SURPLUS TIPIS: bangun dana darurat dulu, mulai auto-save nominal kecil"
799,November 2019,2627.0833333333335,364.0,2714.8935617318352,1815.075001807495,3689.332355142084,276.18977160149825,-698.2490218087505,413.37674769429873,61.1,Waspada,137.1869760928005,330.701398155439,4377.043194619824,13.235635588581607,SURPLUS: auto-debit tabungan berencana setelah gajian
801,November 2019,1931.25,177.75,2028.6142005027577,1477.6286870036538,2945.9191167424233,80.38579949724226,-836.9191167424233,215.51437524861245,70.6,Sehat,135.1285757513702,172.41150019888997,2856.744493883626,16.56933841761223,"SURPLUS TIPIS: bangun dana darurat dulu, mulai auto-save nominal kecil"
802,November 2019,4989.333333333333,652.0833333333334,5102.562105544157,3891.106440462826,6617.003752510222,538.854561122509,-975.5870858435555,970.511130005905,68.5,Waspada,431.65656888339595,776.408904004724,7514.068654423747,9.677978466844099,SURPLUS: auto-debit tabungan berencana setelah gajian
803,November 2019,3873.9166666666665,285.6666666666667,3392.9119358534936,2194.5470242290403,4242.9673235436285,766.6713974798395,-83.38399021029545,836.5759011806994,75.0,Sehat,69.90450370085985,669.2607209445596,5161.849578784507,7.712763377924439,SURPLUS: auto-debit tabungan berencana setelah gajian
804,November 2019,2521.0,509.75,4053.4471305467505,3146.3440679643413,5186.447756813834,-1022.6971305467505,-2155.6977568138336,-653.8554951527212,51.5,Waspada,368.84163539402925,0.0,7125.039410468079,,"DEFISIT: amankan arus kas, pangkas diskresioner & hindari utang konsumtif baru"
807,November 2019,3207.25,174.08333333333334,2208.2845644558147,1485.4135615946725,3172.0439101000125,1173.0487688775188,209.28942323332103,1207.9410728548703,79.8,Sehat,34.892303977351574,962.175,3723.750763475884,3.8701387621543732,SURPLUS TINGGI: auto-debit tabungan berencana + tawarkan deposito/investasi
808,November 2019,3003.75,146.5,7538.599648689418,6449.404061889647,8527.341363760113,-4388.349648689418,-5377.091363760113,-3868.6596153888477,52.5,Waspada,519.6900333005705,0.0,15456.176060057054,,"DEFISIT: amankan arus kas, pangkas diskresioner & hindari utang konsumtif baru"
810,November 2019,1878.3333333333333,424.9166666666667,5337.7730902826315,4449.786251184233,6539.060795521131,-3034.5230902826315,-4235.810795521131,-2927.689494969358,58.9,Waspada,106.83359531327353,0.0,4976.018673640955,,"DEFISIT: amankan arus kas, pangkas diskresioner & hindari utang konsumtif baru"
811,November 2019,7057.833333333333,403.5833333333333,7395.398626605079,5867.368593356198,8675.128104632928,66.01804006158727,-1213.7114379662617,951.0638658612281,67.0,Waspada,885.0458257996409,760.8510926889826,8279.143001663451,10.881423554776655,SURPLUS: auto-debit tabungan berencana setelah gajian
814,November 2019,1358.5,461.0,3962.503965112578,2682.1514135005227,5456.577312592037,-2143.003965112578,-3637.077312592037,-1841.0703616089352,46.2,Rentan,301.93360350364287,0.0,5812.705588643285,,"DEFISIT: amankan arus kas, pangkas diskresioner & hindari utang konsumtif baru"
816,November 2019,3023.75,547.1666666666666,2762.477089899162,2003.8452427153093,3766.371381415619,808.4395767675046,-195.45471474895248,1038.0859110870913,69.9,Waspada,229.64633431958674,830.4687288696731,4815.9569213964905,5.799082799844071,SURPLUS TINGGI: auto-debit tabungan berencana + tawarkan deposito/investasi
819,November 2019,3124.5833333333335,496.5833333333333,2667.7339609307746,1844.8770012163207,3489.168375711101,953.4327057358923,131.99829095556606,998.7981191300692,70.8,Sehat,45.36541339417685,799.0384953040553,4911.305394079389,6.146519126353865,SURPLUS TINGGI: auto-debit tabungan berencana + tawarkan deposito/investasi
820,November 2019,3491.8333333333335,293.5833333333333,5424.135904416065,4579.572835855832,6874.701125814547,-1638.7192377493984,-3089.2844591478797,-1108.0557561625683,46.3,Rentan,530.66348158683,0.0,8878.287903901175,,"DEFISIT: amankan arus kas, pangkas diskresioner & hindari utang konsumtif baru"
821,November 2019,1501.25,194.25,1558.1875752831509,975.6895034709639,2523.1743791613185,137.31242471684914,-827.6743791613185,233.2279251446144,56.5,Waspada,95.91550042776527,186.58234011569152,2039.6624877083705,10.931701716484342,SURPLUS: auto-debit tabungan berencana setelah gajian
822,November 2019,2878.3333333333335,270.1666666666667,2383.422290982597,1525.6672533064043,3419.1563505272525,765.0777090174029,-270.65635052725247,791.0530230118114,85.6,Sehat,25.97531399440858,632.8424184094492,3499.473620085989,5.52977094816332,SURPLUS TINGGI: auto-debit tabungan berencana + tawarkan deposito/investasi
823,November 2019,3458.0,433.75,2867.834489664685,2023.563567005946,3912.7905073624765,1023.915510335315,-21.040507362476546,1183.416700641024,84.4,Sehat,159.50119030570897,946.7333605128192,5210.948653012202,5.50413545181251,SURPLUS TINGGI: auto-debit tabungan berencana + tawarkan deposito/investasi
825,November 2019,4974.666666666667,299.4166666666667,7655.156276246019,6708.186318387493,8778.002207091324,-2381.072942912685,-3503.91887375799,-1982.5447429916705,47.4,Rentan,398.5281999210144,0.0,16644.755167186388,,"DEFISIT: amankan arus kas, pangkas diskresioner & hindari utang konsumtif baru"
826,November 2019,4808.75,420.25,2469.9990037987586,1543.3023105399607,3747.556135090026,2759.0009962012414,1481.4438649099739,2841.14920491055,71.1,Sehat,82.14820870930862,1442.625,3223.6030773965667,2.2345398682239437,SURPLUS TINGGI: auto-debit tabungan berencana + tawarkan deposito/investasi
827,November 2019,2582.0,139.75,2619.0868407108014,1939.070129562512,3628.8385509809323,102.66315928919857,-907.0885509809323,172.20934737529808,63.8,Waspada,69.54618808609952,137.76747790023848,5023.315292912133,36.46227229731,"SURPLUS TIPIS: bangun dana darurat dulu, mulai auto-save nominal kecil"
828,November 2019,2992.1666666666665,607.5166666666667,5224.115729993295,4192.71301516363,6165.199735553691,-1624.4323966599613,-2565.516402220358,-1315.262204130187,40.8,Rentan,309.1701925297744,0.0,9542.390165510702,,"DEFISIT: amankan arus kas, pangkas diskresioner & hindari utang konsumtif baru"
831,November 2019,3109.6666666666665,492.4166666666667,3141.9103729189505,2309.209138348936,4175.56684671439,460.1729604143825,-573.4835133810566,623.1701800460967,72.7,Sehat,162.99721963171413,498.5361440368774,4108.620273495188,8.24136890101045,SURPLUS: auto-debit tabungan berencana setelah gajian
832,November 2019,4194.083333333333,118.83333333333333,3814.456767880125,2608.891698661456,5058.879426180512,498.4598987865411,-745.9627595138463,787.1399894974618,62.5,Waspada,288.6800907109207,629.7119915979695,7011.928043911512,11.135135010082793,SURPLUS: auto-debit tabungan berencana setelah gajian
837,November 2019,3007.6666666666665,656.8333333333334,2488.081621223035,1688.5107945399695,3416.596755183664,1176.4183787769648,247.90324481633616,1268.4833861944398,69.3,Waspada,92.06500741747509,902.3,4258.3050760463375,4.719389422638078,SURPLUS TINGGI: auto-debit tabungan berencana + tawarkan deposito/investasi
839,November 2019,4532.0,314.8333333333333,3299.1353310357417,2113.4468719705983,4524.026061567813,1547.6980022975913,322.80727176552045,1695.5588672134431,64.3,Waspada,147.86086491585178,1356.4470937707547,4808.380294929342,3.544834381680631,SURPLUS TINGGI: auto-debit tabungan berencana + tawarkan deposito/investasi
840,November 2019,7369.333333333333,569.8333333333334,16725.58785458513,14560.64742774697,19152.295165778287,-8786.421187918464,-11213.12849911162,-7769.917945189466,47.0,Rentan,1016.5032427289983,0.0,24350.836102188758,,"DEFISIT: amankan arus kas, pangkas diskresioner & hindari utang konsumtif baru"
843,November 2019,2360.4166666666665,201.5,2558.9521155845914,2121.1563762757014,3255.6552501852084,2.964551082075104,-693.7385835185419,28.5191024120179,66.5,Waspada,25.554551329942797,22.815281929614322,5859.71479453547,256.83289001699944,"SURPLUS TIPIS: bangun dana darurat dulu, mulai auto-save nominal kecil"
844,November 2019,1512.4166666666667,120.41666666666667,1950.2666014629383,1331.088807123505,3103.0223584411506,-317.4332681296048,-1470.189025107817,-264.33887999425417,51.6,Waspada,53.09438813535064,0.0,3206.5858933589443,,"DEFISIT: amankan arus kas, pangkas diskresioner & hindari utang konsumtif baru"
845,November 2019,3059.1666666666665,193.41666666666666,3940.8243688164334,3251.831858500695,4950.720480839058,-688.2410354831004,-1698.137147505725,-529.9977698196618,41.4,Rentan,158.2432656634386,0.0,8179.647485617048,,"DEFISIT: amankan arus kas, pangkas diskresioner & hindari utang konsumtif baru"
846,November 2019,5646.75,490.75,7204.9689844229915,6054.515689270554,8010.916413383495,-1067.4689844229915,-1873.4164133834947,-289.54740984687453,55.4,Waspada,777.921574576117,0.0,8193.490005330728,,"DEFISIT: amankan arus kas, pangkas diskresioner & hindari utang konsumtif baru"
847,November 2019,2322.0,329.5833333333333,5684.083220324451,4873.7916803205335,6805.636650981051,-3032.4998869911174,-4154.053317647718,-2787.9328237801865,50.4,Waspada,244.56706321093094,0.0,4501.372520128387,,"DEFISIT: amankan arus kas, pangkas diskresioner & hindari utang konsumtif baru"
848,November 2019,5696.833333333333,526.6666666666666,4256.935523850799,3070.1335158430675,6020.428794158651,1966.5644761492013,203.07120584134918,2252.6561032064847,73.2,Sehat,286.09162705728323,1709.05,5177.3433174146685,3.0293691333867754,SURPLUS TINGGI: auto-debit tabungan berencana + tawarkan deposito/investasi
849,November 2019,3652.3333333333335,533.75,2130.1093529119103,1488.3191445558564,3319.0612135784218,2055.9739804214237,867.0221197549122,2078.25930025573,78.8,Sehat,22.285319834306613,1095.7,3544.043097925196,3.234501321461345,SURPLUS TINGGI: auto-debit tabungan berencana + tawarkan deposito/investasi
850,November 2019,3340.5833333333335,393.5833333333333,4280.718177308151,3212.2790704446534,5207.756847702726,-546.5515106414841,-1473.5901810360592,-418.43064348468454,60.4,Waspada,128.1208671567996,0.0,9643.087647031403,,"DEFISIT: amankan arus kas, pangkas diskresioner & hindari utang konsumtif baru"
851,November 2019,2616.5833333333335,246.66666666666666,2686.2479798262348,1835.0642652547804,3571.156475866628,177.00202017376523,-707.9064758666282,213.61786089874823,75.1,Sehat,36.61584072498301,170.8942887189986,4801.41906325637,28.095842753126412,"SURPLUS TIPIS: bangun dana darurat dulu, mulai auto-save nominal kecil"
852,November 2019,3346.3333333333335,2351.1666666666665,6827.543934417782,6141.504841517844,7945.173808166549,-1130.043934417782,-2247.673808166549,-893.0277146608663,47.6,Rentan,237.01621975691583,0.0,16065.39671617021,,"DEFISIT: amankan arus kas, pangkas diskresioner & hindari utang konsumtif baru"
855,November 2019,1879.75,247.08333333333334,1715.8785423798643,1262.3591617051097,2481.4254437957234,410.9547909534692,-354.5921104623899,419.6476774863585,67.8,Waspada,8.69288653288923,335.7181419890868,3368.6820858357996,10.034256909313246,SURPLUS: auto-debit tabungan berencana setelah gajian
856,November 2019,9526.5,641.5833333333334,10637.827651128462,8128.7714797653425,11698.362662424937,-469.74431779512815,-1530.2793290916034,157.9805938454606,54.6,Waspada,627.7249116405887,126.38447507636847,20264.973806236434,160.34385389495995,"SEIMBANGKAN: ikuti budget hemat untuk menutup defisit, lalu auto-save kecil"
858,November 2019,2564.5,2213.5833333333335,5364.615174354465,4683.690698104905,6457.255769710761,-586.5318410211312,-1679.1724363774274,-572.8254561799984,47.8,Rentan,13.706384841132879,0.0,13715.682932606123,,"DEFISIT: amankan arus kas, pangkas diskresioner & hindari utang konsumtif baru"
859,November 2019,2710.9166666666665,318.6666666666667,3680.645043724855,2773.019743476007,4723.967463133539,-651.061710391522,-1694.3841298002062,-576.1908623059259,39.3,Rentan,74.87084808559607,0.0,8142.730356226392,,"DEFISIT: amankan arus kas, pangkas diskresioner & hindari utang konsumtif baru"
860,November 2019,5232.583333333333,423.9166666666667,7506.22366259013,5979.610466567181,8786.031886119923,-1849.7236625901296,-3129.531886119923,-1064.715213557815,33.4,Rentan,785.0084490323145,0.0,5198.979468283051,,"DEFISIT: amankan arus kas, pangkas diskresioner & hindari utang konsumtif baru"
862,November 2019,3573.5833333333335,526.3333333333334,4599.2899570794,3724.939755716605,5753.902728915008,-499.3732904127328,-1653.986062248341,-499.3732904127328,60.5,Waspada,0.0,0.0,10334.802823812124,,"DEFISIT: amankan arus kas, pangkas diskresioner & hindari utang konsumtif baru"
863,November 2019,2867.1666666666665,149.5,2537.6510279666427,1781.713095690839,3461.9926931727023,479.0156387000238,-445.32602650603576,531.7672101522651,85.3,Sehat,52.75157145224127,425.4137681218121,3886.4964267620235,9.13580311215779,SURPLUS: auto-debit tabungan berencana setelah gajian
865,November 2019,3148.8333333333335,173.58333333333334,6476.480948144915,5463.273418404476,7557.589915671242,-3154.0642814782477,-4235.173249004575,-2932.269808112282,45.0,Rentan,221.7944733659654,0.0,15230.057526959752,,"DEFISIT: amankan arus kas, pangkas diskresioner & hindari utang konsumtif baru"
866,November 2019,5158.666666666667,283.5,3928.6596890661963,2939.8949644991685,5529.1813780309685,1513.5069776004707,-87.01471136430155,1743.8425669666985,63.4,Waspada,230.33558936622774,1395.074053573359,6977.497126361535,5.001524548814662,SURPLUS TINGGI: auto-debit tabungan berencana + tawarkan deposito/investasi
868,November 2019,2587.1666666666665,400.8333333333333,5414.340891255647,4448.42312600937,6626.411602378695,-2426.340891255647,-3638.4116023786946,-2227.276175989099,54.1,Waspada,199.06471526654798,0.0,4361.2292977872,,"DEFISIT: amankan arus kas, pangkas diskresioner & hindari utang konsumtif baru"
869,November 2019,2851.6666666666665,296.9166666666667,2387.397885221722,1692.2568756110634,3494.2525320008335,761.1854481116111,-345.6691986675005,816.3305627783392,82.4,Sehat,55.14511466672812,653.0644502226714,3785.5774928991186,5.796636904073362,SURPLUS TINGGI: auto-debit tabungan berencana + tawarkan deposito/investasi
870,November 2019,5966.083333333333,335.25,4169.028585320222,2932.3886813472113,5675.6421424910695,2132.304748013111,625.6911908422635,2376.07055299384,74.0,Sehat,243.76580498072929,1789.8249999999998,6467.447522265788,3.6134524449405885,SURPLUS TINGGI: auto-debit tabungan berencana + tawarkan deposito/investasi
871,November 2019,1887.5,269.0833333333333,5032.3512121560325,4131.164047272837,5897.29028020173,-2875.767878822699,-3740.7069468683962,-2783.780282994423,51.1,Waspada,91.98759582827608,0.0,12295.026772961039,,"DEFISIT: amankan arus kas, pangkas diskresioner & hindari utang konsumtif baru"
872,November 2019,2625.4166666666665,316.1666666666667,5055.854871916444,4037.0338280640394,6127.990342709876,-2114.2715385831107,-3186.407009376543,-1996.5471043086684,46.5,Rentan,117.72443427444225,0.0,4883.709792487011,,"DEFISIT: amankan arus kas, pangkas diskresioner & hindari utang konsumtif baru"
875,November 2019,3492.25,264.0,1571.7326530479822,834.2563179674746,2552.520171037601,2184.5173469520178,1203.729828962399,2184.5173469520178,68.0,Waspada,0.0,1047.675,2748.299184270042,2.6232363894051516,SURPLUS TINGGI: auto-debit tabungan berencana + tawarkan deposito/investasi
876,November 2019,4151.416666666667,584.3333333333334,3268.6575861660026,2306.7887525902474,4663.585366480647,1467.0924138339974,72.16463351935272,1467.0924138339974,72.7,Sehat,0.0,1173.673931067198,5644.047519413331,4.808871842523854,SURPLUS TINGGI: auto-debit tabungan berencana + tawarkan deposito/investasi
877,November 2019,2859.75,620.25,4616.720663743184,3548.374469254343,5780.507655898602,-1136.7206637431836,-2300.507655898602,-965.018964644551,39.9,Rentan,171.7016990986326,0.0,10355.88334027226,,"DEFISIT: amankan arus kas, pangkas diskresioner & hindari utang konsumtif baru"
879,November 2019,1892.8333333333333,455.1666666666667,3055.5410175119364,2413.23141418917,3791.908387427214,-707.5410175119364,-1443.9083874272142,-692.7351725354321,51.5,Waspada,14.805844976504298,0.0,7523.550977159932,,"DEFISIT: amankan arus kas, pangkas diskresioner & hindari utang konsumtif baru"
882,November 2019,3061.9166666666665,383.1666666666667,2345.0149372826518,1779.0892579906454,3224.6905165962403,1100.0683960506813,220.39281673709274,1100.0683960506813,74.2,Sehat,0.0,880.0547168405451,5830.20306947579,6.624818841272286,SURPLUS TINGGI: auto-debit tabungan berencana + tawarkan deposito/investasi
883,November 2019,4527.75,243.08333333333334,3962.384070950178,2845.3175229161416,5937.570437613349,808.4492623831552,-1166.737104280016,850.0892358444413,64.1,Waspada,41.6399734612861,680.0713886755531,6732.726942387903,9.900029694676565,SURPLUS: auto-debit tabungan berencana setelah gajian
884,November 2019,3567.6666666666665,268.0,4556.398696361356,3663.700507449093,5457.075480321153,-720.7320296946896,-1621.4088136544865,-441.04969956850243,50.8,Waspada,279.68233012618714,0.0,8519.001949036805,,"DEFISIT: amankan arus kas, pangkas diskresioner & hindari utang konsumtif baru"
885,November 2019,2361.1666666666665,54.916666666666664,1616.1169723758615,1108.9233186568028,2156.498601846195,799.9663609574716,259.584731487138,806.693608662601,85.4,Sehat,6.727247705129422,645.3548869300809,3173.63366351915,4.9176565139468575,SURPLUS TINGGI: auto-debit tabungan berencana + tawarkan deposito/investasi
888,November 2019,2797.1666666666665,272.0,2696.461882575118,1767.4608503018812,3845.3123909206597,372.7047840915484,-776.1457242539932,513.6548179731592,62.9,Waspada,140.95003388161084,410.9238543785274,3823.270646651435,9.304085430702653,SURPLUS: auto-debit tabungan berencana setelah gajian
890,November 2019,4348.416666666667,288.3333333333333,3140.930006472923,2213.1025067040455,4404.055780013916,1495.8199935270768,232.69421998608414,1515.89229025645,77.9,Sehat,20.072296729373186,1212.71383220516,5544.387702509192,4.5718846072922705,SURPLUS TINGGI: auto-debit tabungan berencana + tawarkan deposito/investasi
891,November 2019,2904.5,558.5833333333334,3768.055592020531,2802.377746407004,4725.571967285024,-304.9722586871976,-1262.4886339516902,108.92975717567396,51.7,Waspada,413.90201586287156,87.14380574053916,4810.126288990141,55.19756967364667,"SEIMBANGKAN: ikuti budget hemat untuk menutup defisit, lalu auto-save kecil"
895,November 2019,2636.0,595.25,3135.337821667271,2291.504912396987,4067.386303117968,95.91217833272913,-836.136303117968,315.9698484111624,62.5,Waspada,220.0576700784333,252.7758787289299,4689.276363837358,18.55112278678304,"SURPLUS TIPIS: bangun dana darurat dulu, mulai auto-save nominal kecil"
897,November 2019,2249.6666666666665,258.3333333333333,1740.2066166950997,1186.8995575258823,2108.5681642944664,767.7933833049003,399.43183570553356,767.7933833049003,67.4,Waspada,0.0,614.2347066439203,3189.2354469188003,5.192209773270987,SURPLUS TINGGI: auto-debit tabungan berencana + tawarkan deposito/investasi
898,November 2019,1657.75,318.5833333333333,2013.0588822594705,1416.4093604618956,2348.5740468231634,-36.72554892613721,-372.2407134898301,7.2253218092697935,62.1,Waspada,43.950870735407,5.780257447415835,4157.155822514209,719.1990772612971,"SEIMBANGKAN: ikuti budget hemat untuk menutup defisit, lalu auto-save kecil"
900,November 2019,2741.3333333333335,474.1666666666667,2920.8596107450376,1960.307955769757,3849.834255495064,294.64038925496243,-634.3342554950641,404.71013951601503,65.6,Waspada,110.0697502610526,323.76811161281205,4765.834158988243,14.71989979262569,SURPLUS: auto-debit tabungan berencana setelah gajian
901,November 2019,3055.9166666666665,96.91666666666667,2388.9260276706996,1658.7104566214944,3282.188303061059,763.9073056626335,-129.3549697277258,848.1043101593979,80.3,Sehat,84.1970044967644,678.4834481275184,3443.185384443731,5.074825913507911,SURPLUS TINGGI: auto-debit tabungan berencana + tawarkan deposito/investasi
905,November 2019,8075.083333333333,375.5833333333333,6812.6191913501425,5124.910619679209,8362.163204113816,1638.0474753165236,88.50346255284967,2319.918193526604,71.0,Sehat,681.8707182100809,1855.9345548212834,9285.133564716614,5.002942340071212,SURPLUS TINGGI: auto-debit tabungan berencana + tawarkan deposito/investasi
906,November 2019,1762.8333333333333,634.8666666666667,3363.4570402736595,2430.5292169952745,4502.7705057629455,-965.7570402736596,-2105.0705057629457,-734.842489428497,45.7,Rentan,230.91455084516272,0.0,5224.671692044855,,"DEFISIT: amankan arus kas, pangkas diskresioner & hindari utang konsumtif baru"
908,November 2019,3854.6666666666665,218.41666666666666,3139.5074496648735,2414.8858779784764,3904.561512667927,933.5758836684595,168.5218206654058,1272.858641290158,65.7,Waspada,339.2827576216984,1018.2869130321264,4102.88717920086,4.0292054495562555,SURPLUS TINGGI: auto-debit tabungan berencana + tawarkan deposito/investasi
909,November 2019,4085.25,6202.833333333333,13498.7205747705,11748.352201574628,14140.177920094584,-3210.637241437167,-3852.094586761252,-2597.929098321478,40.3,Rentan,612.7081431156896,0.0,32221.650388421986,,"DEFISIT: amankan arus kas, pangkas diskresioner & hindari utang konsumtif baru"
912,November 2019,3949.5833333333335,224.0,3016.1486363640097,2127.9230012762973,4042.930946925495,1157.4346969693242,130.652386407839,1184.7927916478757,81.2,Sehat,27.35809467855141,947.8342333183006,6726.756323269603,7.096975490872181,SURPLUS TINGGI: auto-debit tabungan berencana + tawarkan deposito/investasi
913,November 2019,2373.0,282.3333333333333,1591.3039926687836,1068.4811557825844,2279.819077528675,1064.0293406645499,375.51425580465866,1068.0489370630644,85.3,Sehat,4.019596398514636,711.9,3323.205508086892,4.668079095500621,SURPLUS TINGGI: auto-debit tabungan berencana + tawarkan deposito/investasi
914,November 2019,3846.6666666666665,2167.1666666666665,4832.993365652468,3912.5490147724786,5668.2606278266485,1180.839967680865,345.57270550668454,1225.2154155051485,84.7,Sehat,44.37544782428356,980.1723324041188,12323.54922229448,12.57283930068489,SURPLUS TINGGI: auto-debit tabungan berencana + tawarkan deposito/investasi
917,November 2019,3408.3333333333335,146.25,2402.4229403531244,1442.517642721186,3331.4351735215805,1152.160392980209,223.14815981175298,1160.705484222238,73.0,Sehat,8.545091242029002,928.5643873777905,3457.0870709560672,3.723045076840252,SURPLUS TINGGI: auto-debit tabungan berencana + tawarkan deposito/investasi
918,November 2019,2432.8333333333335,495.5833333333333,3151.815762287928,2186.0566223061605,4033.821038034778,-223.39909562126104,-1105.4043713681112,-25.81556541369119,66.4,Waspada,197.58353020756985,0.0,4941.392129090726,,"DEFISIT: amankan arus kas, pangkas diskresioner & hindari utang konsumtif baru"
920,November 2019,2392.0,238.58333333333334,1421.8860930916373,1045.5955899009894,1749.6883710349045,1208.6972402416961,880.8949622984289,1250.673941203729,68.6,Waspada,41.97670096203288,717.6,2361.468821139611,3.290787097463226,SURPLUS TINGGI: auto-debit tabungan berencana + tawarkan deposito/investasi
921,November 2019,4501.083333333333,178.75,7919.813902130245,6643.055933833277,9116.545795624785,-3239.980568796912,-4436.712462291452,-2621.9039557338047,51.4,Waspada,618.0766130631073,0.0,15846.792539342261,,"DEFISIT: amankan arus kas, pangkas diskresioner & hindari utang konsumtif baru"
928,November 2019,2695.5833333333335,502.6666666666667,2200.127824096205,1181.8894766071398,2970.4362271673444,998.1221759037949,227.81377283265556,1012.7138066049938,71.2,Sehat,14.591630701198923,808.6750000000001,5194.678522519616,6.423691251144917,SURPLUS TINGGI: auto-debit tabungan berencana + tawarkan deposito/investasi
931,November 2019,5772.5,487.99666666666667,3898.343630906391,2559.1085243249263,5095.397013896458,2362.153035760276,1165.099652770209,2405.600455909913,68.2,Waspada,43.44742014963706,1731.75,7066.159581842481,4.080357777879302,SURPLUS TINGGI: auto-debit tabungan berencana + tawarkan deposito/investasi
932,November 2019,2847.6666666666665,330.5833333333333,5405.544924223187,4600.062208434114,6680.533936924747,-2227.294924223187,-3502.2839369247467,-1392.729840408113,39.0,Rentan,834.565083815074,0.0,5696.427343431658,,"DEFISIT: amankan arus kas, pangkas diskresioner & hindari utang konsumtif baru"
933,November 2019,3607.5,446.6666666666667,2353.7642440831023,1569.211819769077,3439.5179586692316,1700.4024225835642,614.6487079974349,1755.9861496505296,71.9,Sehat,55.583727066965395,1082.25,4174.787360833567,3.8575073789175947,SURPLUS TINGGI: auto-debit tabungan berencana + tawarkan deposito/investasi
938,November 2019,4244.5,470.25,4742.9806728999465,3560.780323872972,6229.293742543261,-28.230672899946512,-1514.543742543261,456.80808858755313,60.4,Waspada,485.03876148749964,365.4464708700425,5037.578618119343,13.784723672733925,"SEIMBANGKAN: ikuti budget hemat untuk menutup defisit, lalu auto-save kecil"
939,November 2019,2901.5833333333335,490.75,2849.2215956845002,1792.1636956012778,3896.6652046002855,543.1117376488332,-504.331871266952,628.7411425222172,78.4,Sehat,85.62940487338395,502.9929140177737,5502.890582778113,10.940294444354066,SURPLUS: auto-debit tabungan berencana setelah gajian
940,November 2019,3483.3333333333335,499.75,3768.4126977837864,2662.3090264449397,4735.094534578612,214.67063554954711,-752.0112012452787,471.01596102580424,60.9,Waspada,256.34532547625713,376.81276882064344,5858.548287387939,15.547637373659462,SURPLUS: auto-debit tabungan berencana setelah gajian
942,November 2019,4928.25,538.9166666666666,5807.259883595801,4554.030880001988,7291.020667420288,-340.09321692913363,-1823.8540007536212,387.7995608828114,53.7,Waspada,727.892777811945,310.23964870624917,5611.0605384936225,18.086213551016694,"SEIMBANGKAN: ikuti budget hemat untuk menutup defisit, lalu auto-save kecil"
944,November 2019,9942.333333333334,456.0833333333333,8794.148393139789,6787.71128246946,11933.53656083771,1604.268273526879,-1535.1198941710427,2797.04013971142,76.4,Sehat,1192.7718661845413,2237.6321117691364,6212.722256477005,2.7764717103407355,SURPLUS TINGGI: auto-debit tabungan berencana + tawarkan deposito/investasi
946,November 2019,3311.0833333333335,313.42333333333335,3034.7466817809322,2068.8518547276435,3877.3501944116356,589.7599848857344,-252.84352774496892,619.3213085244627,79.9,Sehat,29.561323638728258,495.45704681957017,5528.627057938332,11.158640478377702,SURPLUS: auto-debit tabungan berencana setelah gajian
947,November 2019,2886.4166666666665,420.6666666666667,6087.1872524441005,4971.292734354087,6977.899867323436,-2780.1039191107675,-3670.8165339901034,-1922.6243225830335,42.0,Rentan,857.4795965277341,0.0,6759.555438653015,,"DEFISIT: amankan arus kas, pangkas diskresioner & hindari utang konsumtif baru"
948,November 2019,3093.25,174.5,2534.57825680619,1881.3169424519624,3418.86737482221,733.17174319381,-151.11737482220997,808.0337560579173,77.2,Sehat,74.86201286410736,646.427004846334,5168.502268760821,7.995492499558332,SURPLUS TINGGI: auto-debit tabungan berencana + tawarkan deposito/investasi
949,November 2019,5307.0,312.1666666666667,5337.860730873757,3819.39409625382,6546.041071640206,281.3059357929096,-926.8744049735387,686.7859371126893,63.2,Waspada,405.4800013197797,549.4287496901514,8324.644058214955,15.151453328406296,SURPLUS: auto-debit tabungan berencana setelah gajian
951,November 2019,2222.0,381.3333333333333,2498.199465343372,1887.8895420306226,3224.214535217886,105.13386798996135,-620.8812018845524,112.85920367762435,75.3,Sehat,7.725335687663009,90.28736294209949,5885.757884801546,65.18916593650025,"SURPLUS TIPIS: bangun dana darurat dulu, mulai auto-save nominal kecil"
952,November 2019,10564.583333333334,663.5833333333334,8454.536241183925,6242.095034157629,11114.053409203267,2773.630425482743,114.11325746340117,3183.467539967187,78.2,Sehat,409.8371144844441,2546.7740319737495,13745.066372217054,5.397049836245044,SURPLUS TINGGI: auto-debit tabungan berencana + tawarkan deposito/investasi
954,November 2019,3163.5833333333335,279.5,5891.692042152543,5376.749826104847,7012.4477229531785,-2448.6087088192094,-3569.364389619845,-2050.492346973377,41.1,Rentan,398.11636184583233,0.0,7810.980536353776,,"DEFISIT: amankan arus kas, pangkas diskresioner & hindari utang konsumtif baru"
955,November 2019,2828.6666666666665,215.25,1531.434426083335,1043.2752447390753,2198.3361956557883,1512.4822405833315,845.5804710108782,1522.1380315229046,79.7,Sehat,9.655790939572974,848.5999999999999,2367.7286499466027,2.7901586730457257,SURPLUS TINGGI: auto-debit tabungan berencana + tawarkan deposito/investasi
957,November 2019,3149.0833333333335,578.25,5106.853791815235,3614.467358538539,6351.800931553695,-1379.5204584819016,-2624.467598220361,-1081.0407433185874,39.0,Rentan,298.4797151633144,0.0,8349.538458123838,,"DEFISIT: amankan arus kas, pangkas diskresioner & hindari utang konsumtif baru"
961,November 2019,2221.6666666666665,530.8333333333334,5222.873291494514,4189.09281312182,6767.460813601574,-2470.373291494514,-4014.960813601574,-1890.259421775705,41.4,Rentan,580.113869718809,0.0,6380.5704057993735,,"DEFISIT: amankan arus kas, pangkas diskresioner & hindari utang konsumtif baru"
962,November 2019,2855.1666666666665,393.9166666666667,2049.1284926777744,1499.6774967361812,2815.577997937362,1199.9548406555587,433.5053353959711,1253.579457204881,83.7,Sehat,53.62461654932239,856.55,4836.349921353698,5.646313608491854,SURPLUS TINGGI: auto-debit tabungan berencana + tawarkan deposito/investasi
963,November 2019,3476.1666666666665,686.9166666666666,2634.2104430791587,1909.9230038705527,3772.3542646483133,1528.8728902541743,390.7290686850197,1528.8728902541743,80.7,Sehat,0.0,1042.85,4404.8688162361,4.223875740745171,SURPLUS TINGGI: auto-debit tabungan berencana + tawarkan deposito/investasi
964,November 2019,3785.1666666666665,297.4166666666667,2544.504477853848,1611.291431795742,3401.2872375517363,1538.078855479485,681.2960957815967,1707.659506433891,64.5,Waspada,169.58065095440614,1135.55,4265.366869965359,3.7562122935717133,SURPLUS TINGGI: auto-debit tabungan berencana + tawarkan deposito/investasi
970,November 2019,3723.4166666666665,553.4166666666666,3774.8334378244326,2739.782372961815,4850.786110625032,501.9998955089004,-573.952777291699,532.0658784873848,83.7,Sehat,30.0659829784844,425.65270278990783,5612.413760679164,13.185429632874477,SURPLUS: auto-debit tabungan berencana setelah gajian
972,November 2019,4181.416666666667,2462.6666666666665,6375.888720468328,4736.358015199725,7932.716959694583,268.1946128650061,-1288.6336263612493,384.9397520635974,67.9,Waspada,116.74513919859127,307.95180165087794,13768.411107359749,44.70962999258198,"SURPLUS TIPIS: bangun dana darurat dulu, mulai auto-save nominal kecil"
973,November 2019,2087.5833333333335,347.5,3277.378827149935,2734.66537861333,3830.382491617179,-842.2954938166017,-1395.2991582838454,-628.7644784608744,53.2,Waspada,213.5310153557273,0.0,5777.833667083166,,"DEFISIT: amankan arus kas, pangkas diskresioner & hindari utang konsumtif baru"
976,November 2019,5222.416666666667,443.75,6975.595903166958,5460.5034374495335,8700.146558530587,-1309.4292365002912,-3033.97989186392,-1159.6661312065928,53.3,Waspada,149.76310529369826,0.0,15529.366891944925,,"DEFISIT: amankan arus kas, pangkas diskresioner & hindari utang konsumtif baru"
977,November 2019,1906.0833333333333,285.0,3657.0563411692788,2351.7044002324146,4364.469991958693,-1465.9730078359457,-2173.38665862536,-1461.169258166642,60.0,Waspada,4.803749669303592,0.0,8383.38157036204,,"DEFISIT: amankan arus kas, pangkas diskresioner & hindari utang konsumtif baru"
979,November 2019,2723.1666666666665,511.1666666666667,3102.4816335462247,2204.8909309564797,4214.626307076113,131.85169978710837,-980.2929737427803,131.85169978710837,68.9,Waspada,0.0,105.48135982968671,5846.641901200205,55.42819992689101,"SURPLUS TIPIS: bangun dana darurat dulu, mulai auto-save nominal kecil"
980,November 2019,2004.5833333333333,238.16666666666666,2163.0989326748577,1360.5864461467104,2965.5344009084524,79.65106732514232,-722.7844009084524,91.10472349889727,76.7,Sehat,11.45365617375495,72.88377879911782,3830.8002220340713,52.56039526425376,"SURPLUS TIPIS: bangun dana darurat dulu, mulai auto-save nominal kecil"
983,November 2019,3999.4166666666665,225.5,3292.4168386929364,2440.9438139043887,4071.744486297017,932.4998279737297,153.17218036964914,988.8860651902392,92.0,Sehat,56.38623721650953,791.1088521521914,5358.459956878108,6.773353555962058,SURPLUS: auto-debit tabungan berencana setelah gajian
984,November 2019,2744.0,317.4166666666667,6230.421737156076,5569.84548983462,7577.107237082202,-3169.0050704894097,-4515.690570415536,-3079.263517424839,57.0,Waspada,89.7415530645708,0.0,5051.4317572686705,,"DEFISIT: amankan arus kas, pangkas diskresioner & hindari utang konsumtif baru"
985,November 2019,4304.5,460.0833333333333,8167.596970276312,6881.608478827884,9755.724221855922,-3403.0136369429792,-4991.140888522589,-3080.2723893263837,38.3,Rentan,322.7412476165954,0.0,7407.276577285708,,"DEFISIT: amankan arus kas, pangkas diskresioner & hindari utang konsumtif baru"
986,November 2019,4000.8333333333335,511.1666666666667,2633.040478544092,1826.994946977466,3672.4045791098574,1878.959521455908,839.5954208901426,1888.2400516009366,76.0,Sehat,9.280530145028543,1200.25,4417.569125703392,3.680540825414199,SURPLUS TINGGI: auto-debit tabungan berencana + tawarkan deposito/investasi
987,November 2019,5127.666666666667,238.83333333333334,9446.262258583109,8633.589033436909,11137.686621159539,-4079.7622585831086,-5771.186621159539,-3968.991975593084,57.0,Waspada,110.77028299002473,0.0,22437.537201745054,,"DEFISIT: amankan arus kas, pangkas diskresioner & hindari utang konsumtif baru"
988,November 2019,3319.3333333333335,214.41666666666666,3670.105160696912,2734.5401860702245,4902.587976960404,-136.3551606969122,-1368.8379769604044,-130.44096643332313,74.7,Sehat,5.914194263589067,0.0,8504.075496314608,,"DEFISIT: amankan arus kas, pangkas diskresioner & hindari utang konsumtif baru"
989,November 2019,9459.5,555.0,13774.50070987343,9044.890220129866,19167.447309042487,-3760.0007098734295,-9152.947309042487,-1499.0417845098596,48.1,Rentan,2260.95892536357,0.0,7205.216574372437,,"DEFISIT: amankan arus kas, pangkas diskresioner & hindari utang konsumtif baru"
990,November 2019,2262.5,121.5,2186.390689883539,1616.39634549726,3005.945260151736,197.60931011646107,-621.945260151736,574.5679198192454,67.6,Waspada,376.9586097027844,459.6543358553963,1501.0940284423612,3.265701879323931,SURPLUS TINGGI: auto-debit tabungan berencana + tawarkan deposito/investasi
992,November 2019,4573.416666666667,293.8333333333333,4672.111445301384,3437.068483072304,5986.789007293952,195.13855469861574,-1119.5390072939517,688.7611125981018,68.0,Waspada,493.62255789948614,551.0088900784815,5718.7662053836175,10.378718580328314,SURPLUS: auto-debit tabungan berencana setelah gajian
994,November 2019,816.25,322.75,1918.4678431482948,1356.008080962776,2632.094011585367,-779.4678431482948,-1493.0940115853668,-705.492367946022,56.0,Waspada,73.97547520227279,0.0,3303.4416734071747,,"DEFISIT: amankan arus kas, pangkas diskresioner & hindari utang konsumtif baru"
996,November 2019,3349.5,412.4166666666667,6122.494391532158,5034.114912712832,7169.86418367626,-2360.5777248654917,-3407.9475170095934,-2153.128307038874,48.2,Rentan,207.44941782661792,0.0,14635.889310069168,,"DEFISIT: amankan arus kas, pangkas diskresioner & hindari utang konsumtif baru"
997,November 2019,4580.25,251.33333333333334,7968.393367435331,6727.083553213692,8992.359063352658,-3136.810034101998,-4160.775730019325,-2587.867316973524,43.6,Rentan,548.9427171284741,0.0,16932.152003071435,,"DEFISIT: amankan arus kas, pangkas diskresioner & hindari utang konsumtif baru"
1002,November 2019,3232.3333333333335,216.33333333333334,2.958204086400672,2.958204086400672,1924.845227266417,3445.7084625802663,1523.82143940025,3445.7084625802663,69.2,Waspada,0.0,969.7,0.6614455005822684,0.000682113540870649,SURPLUS TINGGI: auto-debit tabungan berencana + tawarkan deposito/investasi
1003,November 2019,6710.5,496.1666666666667,12398.752231177266,10136.495538504336,14778.745426265368,-5192.085564510599,-7572.078759598701,-4654.6744865275,39.2,Rentan,537.4110779830987,0.0,11066.158029983799,,"DEFISIT: amankan arus kas, pangkas diskresioner & hindari utang konsumtif baru"
1006,November 2019,3712.5,472.5833333333333,3823.9538668770037,2942.8997809568787,4961.675865038294,361.1294664563293,-776.5925317049614,397.24739836592533,72.4,Sehat,36.11793190959605,317.79791869274027,9009.92073500809,28.35110051088548,"SURPLUS TIPIS: bangun dana darurat dulu, mulai auto-save nominal kecil"
1008,November 2019,3788.5,232.83333333333334,3009.733773726598,2008.4574885567235,4146.355368688892,1011.5995596067355,-125.02203535555827,1084.4409235735993,73.5,Sehat,72.84136396686372,867.5527388588795,5332.256875492605,6.146320144762954,SURPLUS TINGGI: auto-debit tabungan berencana + tawarkan deposito/investasi
1009,November 2019,2394.4166666666665,254.66666666666666,1641.215517134001,1167.5550894164357,2212.2305222707146,1007.8678161993321,436.85281106261846,1011.7859484941625,80.9,Sehat,3.9181322948304285,718.3249999999999,3086.730290973284,4.29712218142663,SURPLUS TINGGI: auto-debit tabungan berencana + tawarkan deposito/investasi
1012,November 2019,2737.9166666666665,132.33333333333334,1992.026262505948,1288.8149299849276,2920.7363290276458,878.2237374940521,-50.48632902764575,900.7869326214521,64.0,Waspada,22.563195127400036,720.6295460971618,3626.792268733652,5.032810947560919,SURPLUS TINGGI: auto-debit tabungan berencana + tawarkan deposito/investasi
1016,November 2019,46.083333333333336,19.083333333333332,480.26542749840297,227.59498863542328,966.6403790286706,-415.0987608317363,-901.473712362004,-386.94762171510035,44.5,Rentan,28.15113911663591,0.0,922.4738562149048,,"DEFISIT: amankan arus kas, pangkas diskresioner & hindari utang konsumtif baru"
1018,November 2019,2650.4166666666665,490.1666666666667,6313.792868642381,5727.876069043597,7264.455251284491,-3173.209535309048,-4123.871917951158,-2335.7352312849903,46.4,Rentan,837.4743040240578,0.0,7241.9303067381115,,"DEFISIT: amankan arus kas, pangkas diskresioner & hindari utang konsumtif baru"
1019,November 2019,2494.0,270.5833333333333,4168.824888759043,3022.2254056111387,5429.216489074773,-1404.241555425709,-2664.633155741439,-1212.7589294056706,57.6,Waspada,191.48262602003845,0.0,8921.856076033979,,"DEFISIT: amankan arus kas, pangkas diskresioner & hindari utang konsumtif baru"
1020,November 2019,4510.166666666667,456.4166666666667,6657.9650736098165,5602.081567380081,7863.989683387723,-1691.3817402764826,-2897.406350054389,-1185.3463445489147,36.0,Rentan,506.03539572756796,0.0,12316.565529394891,,"DEFISIT: amankan arus kas, pangkas diskresioner & hindari utang konsumtif baru"
1022,November 2019,2989.6666666666665,348.5,5745.185802624861,4763.119896607735,6881.984902658958,-2407.0191359581945,-3543.8182359922916,-2297.3315712340664,45.4,Rentan,109.68756472412808,0.0,4856.928781944216,,"DEFISIT: amankan arus kas, pangkas diskresioner & hindari utang konsumtif baru"
1024,November 2019,5464.416666666667,520.4166666666666,3498.3904480148212,2466.3145128610545,4955.830038185831,2486.4428853185127,1029.0032951475032,2659.151782865585,72.6,Sehat,172.70889754707247,1639.325,4439.0331279169295,2.7078420251731226,SURPLUS TINGGI: auto-debit tabungan berencana + tawarkan deposito/investasi
1026,November 2019,1418.0,360.4166666666667,2913.36840203496,2347.8803709443378,3450.305062996549,-1134.9517353682934,-1671.8883963298824,-914.5233241148044,46.3,Rentan,220.42841125348895,0.0,4498.730347938122,,"DEFISIT: amankan arus kas, pangkas diskresioner & hindari utang konsumtif baru"
1027,November 2019,5137.166666666667,633.5,5306.316738114889,3932.3651558205893,6538.43927476287,464.34992855177825,-767.7726080962029,720.4081157696726,78.4,Sehat,256.05818721789433,576.3264926157381,9969.099408268783,17.29765946212647,SURPLUS: auto-debit tabungan berencana setelah gajian
1028,November 2019,6760.166666666667,694.5,7598.795725477593,6174.1298735490855,9623.302397351723,-144.12905881092593,-2168.635730685056,189.11704926927848,60.1,Waspada,333.2461080802044,151.2936394154228,15493.945093119253,102.4097586189721,"SEIMBANGKAN: ikuti budget hemat untuk menutup defisit, lalu auto-save kecil"
1029,November 2019,3049.0833333333335,480.6666666666667,3168.5566636739545,2137.0240052722966,4102.978045494838,361.1933363260455,-573.2280454948377,424.2660873648228,68.6,Waspada,63.07275103877733,339.41286989185824,6279.943243905123,18.502372187318656,SURPLUS: auto-debit tabungan berencana setelah gajian
1030,November 2019,3746.9166666666665,236.5,2555.3746938318177,1682.3922744148417,3395.852177692744,1428.0419728348488,587.5644889739224,1565.8227166925953,67.5,Waspada,137.78074385774644,1124.0749999999998,3839.3193783863317,3.4155366664914104,SURPLUS TINGGI: auto-debit tabungan berencana + tawarkan deposito/investasi
1031,November 2019,4480.166666666667,508.5833333333333,3662.2034083611397,2288.337385941507,4836.842294207778,1326.5465916388603,151.90770579222226,1352.7352752488696,78.1,Sehat,26.18868361000935,1082.1882201990957,5894.3084267929735,5.446657352921997,SURPLUS TINGGI: auto-debit tabungan berencana + tawarkan deposito/investasi
1034,November 2019,4630.75,574.9166666666666,7028.314909206332,5373.53751671906,8867.285439740359,-1822.6482425396653,-3661.618773073692,-1122.4124048106855,40.1,Rentan,700.2358377289797,0.0,7209.094999299137,,"DEFISIT: amankan arus kas, pangkas diskresioner & hindari utang konsumtif baru"
1039,November 2019,963.8333333333334,280.5833333333333,4987.190714511173,4207.639211088073,5690.3829548738295,-3742.7740478445057,-4445.9662882071625,-3514.6006590333827,50.0,Rentan,228.17338881112278,0.0,5399.444203079183,,"DEFISIT: amankan arus kas, pangkas diskresioner & hindari utang konsumtif baru"
1041,November 2019,2710.1666666666665,452.6666666666667,3250.8268198671385,2384.0151248921143,4308.676246636103,-87.99348653380548,-1145.8429133027703,40.58022608457088,52.1,Waspada,128.57371261837636,32.46418086765671,5807.610783171664,178.89287910410974,"SEIMBANGKAN: ikuti budget hemat untuk menutup defisit, lalu auto-save kecil"
1046,November 2019,3059.5833333333335,2346.0833333333335,5763.751783576902,4846.11146635316,7283.686763278805,-358.08511691023523,-1878.0200966121383,-210.63879380898095,47.9,Rentan,147.44632310125428,0.0,13776.32738645536,,"DEFISIT: amankan arus kas, pangkas diskresioner & hindari utang konsumtif baru"
1047,November 2019,4462.833333333333,414.4166666666667,5979.89933043642,4594.509202943535,7074.633842157583,-1102.6493304364203,-2197.383842157583,-450.48671016045205,35.3,Rentan,652.1626202759683,0.0,8033.306173243945,,"DEFISIT: amankan arus kas, pangkas diskresioner & hindari utang konsumtif baru"
1048,November 2019,4489.833333333333,638.4166666666666,3454.9601897565726,2297.753110195211,4993.751331958311,1673.2898102434274,134.4986680416887,1673.2898102434274,81.8,Sehat,0.0,1338.631848194742,5772.482740411129,4.312225761097653,SURPLUS TINGGI: auto-debit tabungan berencana + tawarkan deposito/investasi
1050,November 2019,2994.8333333333335,521.6666666666666,6904.228996298351,5927.328981596228,8000.29569380612,-3387.7289962983514,-4483.79569380612,-2793.829476499037,39.4,Rentan,593.8995197993142,0.0,11396.991154537998,,"DEFISIT: amankan arus kas, pangkas diskresioner & hindari utang konsumtif baru"
1052,November 2019,2350.8333333333335,289.75,7091.9311362170865,5469.673979764252,8794.659360040163,-4451.347802883753,-6154.076026706829,-4253.5127644606255,46.7,Rentan,197.83503842312751,0.0,7455.095013061564,,"DEFISIT: amankan arus kas, pangkas diskresioner & hindari utang konsumtif baru"
1053,November 2019,4630.916666666667,436.3333333333333,7139.297097646199,5858.468827026532,8645.707148831549,-2072.0470976461993,-3578.4571488315487,-1701.2936633885147,41.6,Rentan,370.7534342576846,0.0,14561.546837768732,,"DEFISIT: amankan arus kas, pangkas diskresioner & hindari utang konsumtif baru"
1054,November 2019,3839.75,227.66666666666666,2598.9875204682926,1710.6982432817572,3392.4369153883836,1468.429146198374,674.979751278283,1526.8260856444076,64.6,Waspada,58.39693944603365,1151.925,4527.27090896156,3.9301785350275065,SURPLUS TINGGI: auto-debit tabungan berencana + tawarkan deposito/investasi
1058,November 2019,2933.0,221.41666666666666,5109.275084457749,4249.972092397303,6346.951817319094,-1954.858417791082,-3192.535150652427,-1385.6245201786414,39.9,Rentan,569.2338976124407,0.0,5983.884185386898,,"DEFISIT: amankan arus kas, pangkas diskresioner & hindari utang konsumtif baru"
1060,November 2019,1795.5833333333333,455.4166666666667,2904.0079954373314,2118.212912384665,4040.5773222787157,-653.0079954373314,-1789.5773222787157,-578.4096104575256,53.3,Waspada,74.59838497980577,0.0,4951.2535974004395,,"DEFISIT: amankan arus kas, pangkas diskresioner & hindari utang konsumtif baru"
1063,November 2019,3158.1666666666665,324.5783333333333,5829.260545600595,4891.736225169518,6827.415854549291,-2346.515545600595,-3344.670854549291,-2110.40533291079,49.1,Rentan,236.11021268980502,0.0,13532.91441263509,,"DEFISIT: amankan arus kas, pangkas diskresioner & hindari utang konsumtif baru"
1066,November 2019,4510.333333333333,172.25,11264.461160832589,10186.342336337175,12523.919153393363,-6581.877827499256,-7841.33582006003,-6366.3250056764045,55.0,Waspada,215.55282182285106,0.0,6288.208341391195,,"DEFISIT: amankan arus kas, pangkas diskresioner & hindari utang konsumtif baru"
1067,November 2019,3482.5,575.5,3792.74302314948,2823.319197332854,5090.6059451429155,265.25697685052,-1032.6059451429155,615.3559465605695,67.5,Waspada,350.0989697100495,492.2847572484556,5943.149072978915,12.072583978015418,SURPLUS: auto-debit tabungan berencana setelah gajian
1069,November 2019,3821.0,549.3333333333334,3842.8872121812346,3051.5615633506095,4984.150007178344,527.4461211520984,-613.8166738450109,527.4461211520984,68.3,Waspada,0.0,421.9568969216787,8389.164524074738,19.881567490131317,SURPLUS: auto-debit tabungan berencana setelah gajian
1070,November 2019,4294.0,241.5,3451.749886459149,2595.4992683283435,4789.749484746741,1083.750113540851,-254.24948474674056,1323.8733832299204,79.2,Sehat,240.12326968906922,1059.0987065839363,5767.789646907352,5.445941545440118,SURPLUS TINGGI: auto-debit tabungan berencana + tawarkan deposito/investasi
1072,November 2019,3334.75,470.25,3997.8888432905146,3291.720640707675,4585.584662975252,-192.88884329051461,-780.5846629752523,-136.30332393561787,58.2,Waspada,56.585519354896746,0.0,8928.854777211836,,"DEFISIT: amankan arus kas, pangkas diskresioner & hindari utang konsumtif baru"
1073,November 2019,2938.6666666666665,358.8333333333333,3731.5510745347938,2662.465681221739,4789.780704080015,-434.05107453479377,-1492.2807040800153,-230.66311402176262,53.5,Waspada,203.38796051303115,0.0,6432.20573194701,,"DEFISIT: amankan arus kas, pangkas diskresioner & hindari utang konsumtif baru"
1074,November 2019,2734.9166666666665,315.1816666666667,2350.1664611820543,1706.5666627429591,3360.408020889881,699.9318721512791,-310.3096875565475,701.883898892411,88.2,Sehat,1.9520267411318954,561.5071191139289,4459.129576484889,7.941358933296336,SURPLUS TINGGI: auto-debit tabungan berencana + tawarkan deposito/investasi
1075,November 2019,4291.666666666667,463.5833333333333,6083.492332059459,5212.322344580303,7194.313572535415,-1328.242332059459,-2439.063572535415,-1158.873607428517,46.8,Rentan,169.36872463094195,0.0,14057.649530621551,,"DEFISIT: amankan arus kas, pangkas diskresioner & hindari utang konsumtif baru"
1076,November 2019,3111.8333333333335,332.25,2706.7099326339494,1887.3116740222008,3700.0413136368334,737.3734006993841,-255.95798030349988,915.6653668644055,82.5,Sehat,178.2919661650214,732.5322934915245,4080.0751529020717,5.569822913137247,SURPLUS TINGGI: auto-debit tabungan berencana + tawarkan deposito/investasi
1077,November 2019,1003.6666666666666,320.8333333333333,4555.782230931714,4196.461135550671,4994.315846868987,-3231.2822309317144,-3669.815846868987,-2585.0249723087863,33.0,Rentan,646.2572586229281,0.0,5398.125671614267,,"DEFISIT: amankan arus kas, pangkas diskresioner & hindari utang konsumtif baru"
1078,November 2019,4798.0,609.9166666666666,5901.724400810673,4435.069450281705,7466.911559662972,-493.80773414400574,-2058.9948929963048,-117.4023765230582,38.9,Rentan,376.40535762094754,0.0,8415.727725483548,,"DEFISIT: amankan arus kas, pangkas diskresioner & hindari utang konsumtif baru"
1079,November 2019,8607.833333333334,454.75,7358.599414915951,5590.93038861557,9619.23471147587,1703.9839184173834,-556.6513781425365,1963.8856988064883,86.2,Sehat,259.90178038910494,1571.1085590451908,12205.640704625934,7.768807975970587,SURPLUS: auto-debit tabungan berencana setelah gajian
1080,November 2019,2451.0833333333335,212.91666666666666,3059.2771960883247,2394.14692547292,3987.290481613697,-395.2771960883247,-1323.290481613697,-85.04631161089662,51.2,Waspada,310.23088447742805,0.0,4362.009303037652,,"DEFISIT: amankan arus kas, pangkas diskresioner & hindari utang konsumtif baru"
1081,November 2019,4222.166666666667,2618.75,9028.839230158757,7252.650894576393,10771.29119320128,-2187.9225634920904,-3930.3745265346124,-1466.0327726746423,25.5,Rentan,721.8897908174482,0.0,13199.294275487806,,"DEFISIT: amankan arus kas, pangkas diskresioner & hindari utang konsumtif baru"
1082,November 2019,2827.8333333333335,318.1666666666667,3353.504330747121,2300.9855807965096,4659.908115749517,-207.504330747121,-1513.9081157495166,-190.92910744244278,56.9,Waspada,16.575223304678214,0.0,2449.2517714256182,,"DEFISIT: amankan arus kas, pangkas diskresioner & hindari utang konsumtif baru"
1083,November 2019,3214.0,379.25,8453.9123820042,7688.775083898319,9560.542751470484,-4860.6623820042005,-5967.292751470484,-4809.967194850338,55.5,Waspada,50.695187153861866,0.0,12254.758727999619,,"DEFISIT: amankan arus kas, pangkas diskresioner & hindari utang konsumtif baru"
1084,November 2019,5355.166666666667,517.4166666666666,4325.505296518814,2963.9139310118912,5827.046306326831,1547.0780368145197,45.537027006503195,1828.193934957414,76.1,Sehat,281.1158981428945,1462.5551479659314,7086.0669534035205,4.844991290248826,SURPLUS TINGGI: auto-debit tabungan berencana + tawarkan deposito/investasi
1086,November 2019,6356.166666666667,542.8333333333334,3642.37965273316,2506.4297718038547,5384.2399874646235,3256.62034726684,1514.7600125353765,3256.62034726684,73.9,Sehat,0.0,1906.85,7592.279982378459,3.98158218128246,SURPLUS TINGGI: auto-debit tabungan berencana + tawarkan deposito/investasi
1087,November 2019,2583.0833333333335,327.8333333333333,2047.5900946876022,1316.3437677311085,3038.343294918862,863.3265719790647,-127.42662825219486,896.7769134562657,60.3,Waspada,33.45034147720095,717.4215307650126,3659.569192582387,5.101002737790788,SURPLUS TINGGI: auto-debit tabungan berencana + tawarkan deposito/investasi
1088,November 2019,2915.1666666666665,385.25,3323.968745492045,1930.0113783039362,4560.430885588268,-23.55207882537843,-1260.0142189216017,11.2924832885912,53.4,Waspada,34.84456211396963,9.03398663087296,5739.327233085636,635.3039325375935,"SEIMBANGKAN: ikuti budget hemat untuk menutup defisit, lalu auto-save kecil"
1089,November 2019,4291.75,546.6666666666666,4020.4275709553594,2786.707833636321,5317.721354482932,817.9890957113075,-479.30468781626496,986.037326325247,69.9,Waspada,168.04823061393952,788.8298610601977,6965.810190945926,8.830560980011311,SURPLUS: auto-debit tabungan berencana setelah gajian
1091,November 2019,4490.833333333333,266.0,3588.2487040820756,2220.982665042126,4742.469667129746,1168.5846292512574,14.363666203586945,1219.9901518361664,57.2,Waspada,51.40552258490908,975.9921214689332,6657.23712517696,6.820994738315484,SURPLUS TINGGI: auto-debit tabungan berencana + tawarkan deposito/investasi
1094,November 2019,3453.5,403.5833333333333,2029.9808476916305,1273.6937592367476,3295.623722217491,1827.102485641703,561.4596111158426,1827.102485641703,61.8,Waspada,0.0,1036.05,2609.411738141629,2.518615644169325,SURPLUS TINGGI: auto-debit tabungan berencana + tawarkan deposito/investasi
1095,November 2019,1909.8333333333333,428.1666666666667,2713.7656617371663,1846.5655831093586,3730.8050774134817,-375.7656617371663,-1392.8050774134817,-281.92404834859946,54.2,Waspada,93.84161338856684,0.0,5028.276738365687,,"DEFISIT: amankan arus kas, pangkas diskresioner & hindari utang konsumtif baru"
1096,November 2019,3448.25,443.4166666666667,6795.03042347519,5957.300412966233,7937.03131035555,-2903.3637568085237,-4045.3646436888835,-2526.8410634005586,37.3,Rentan,376.52269340796516,0.0,12287.005892581834,,"DEFISIT: amankan arus kas, pangkas diskresioner & hindari utang konsumtif baru"
1097,November 2019,2695.25,418.5833333333333,2795.7814948727682,1926.5398687211164,3576.6294166018197,318.05183846056525,-462.7960832684862,333.0193464073414,75.0,Sehat,14.967507946776152,266.4154771258731,4810.261999920316,18.055490063167824,"SURPLUS TIPIS: bangun dana darurat dulu, mulai auto-save nominal kecil"
1098,November 2019,2871.3333333333335,6660.666666666667,18459.965105919717,16483.164627707032,20127.957126843758,-8927.965105919717,-10595.957126843758,-8838.428459428811,50.5,Waspada,89.53664649090504,0.0,49853.288846541036,,"DEFISIT: amankan arus kas, pangkas diskresioner & hindari utang konsumtif baru"
1100,November 2019,4984.583333333333,363.0833333333333,7272.464727411962,5594.599858521879,9437.38878020702,-1924.7980607452955,-4089.7221135403543,-1692.6642620021078,46.1,Rentan,232.13379874318775,0.0,13804.550059919628,,"DEFISIT: amankan arus kas, pangkas diskresioner & hindari utang konsumtif baru"
1102,November 2019,7894.416666666667,615.6666666666666,9083.022693196224,7263.5553473497075,10900.990665075842,-572.9393598628903,-2390.907331742508,-28.414204513357618,59.3,Waspada,544.5251553495327,0.0,15298.588138667861,,"DEFISIT: amankan arus kas, pangkas diskresioner & hindari utang konsumtif baru"
1103,November 2019,2143.5833333333335,462.0,4371.369944996109,3499.4990260082686,4853.967991561525,-1765.7866116627752,-2248.3846582281917,-1303.64201968972,41.6,Rentan,462.1445919730552,0.0,6506.145293295712,,"DEFISIT: amankan arus kas, pangkas diskresioner & hindari utang konsumtif baru"
1104,November 2019,3345.0833333333335,451.25,6145.593431290871,4973.687932241149,7569.7072566751385,-2349.2600979575377,-3773.373923341805,-2064.3163130156154,61.0,Waspada,284.94378494192233,0.0,14203.724352804418,,"DEFISIT: amankan arus kas, pangkas diskresioner & hindari utang konsumtif baru"
1105,November 2019,1842.0,318.6666666666667,6473.517450136446,5795.6483964578765,7419.085871894149,-4312.850783469779,-5258.419205227483,-4173.058928464308,55.9,Waspada,139.79185500547067,0.0,9578.20101640319,,"DEFISIT: amankan arus kas, pangkas diskresioner & hindari utang konsumtif baru"
1106,November 2019,1731.9166666666667,188.83333333333334,2766.3065184208667,2077.5883624682856,3580.595316111246,-845.5565184208667,-1659.8453161112461,-586.0378009187029,41.4,Rentan,259.5187175021637,0.0,4383.703627402648,,"DEFISIT: amankan arus kas, pangkas diskresioner & hindari utang konsumtif baru"
1107,November 2019,3376.3333333333335,645.3333333333334,4072.579334420548,2987.163349283084,5258.996254818303,-50.912667753881124,-1237.329588151636,290.1037526389797,62.0,Waspada,341.0164203928608,232.08300211118376,7046.133388275319,30.360402632588038,"SEIMBANGKAN: ikuti budget hemat untuk menutup defisit, lalu auto-save kecil"
1114,November 2019,3092.9166666666665,463.5833333333333,2583.620315138868,1750.213211305354,3528.7886370101214,972.8796848611319,27.71136298987858,1068.2410066354416,72.0,Sehat,95.36132177430983,854.5928053083534,4944.175192676293,5.785416354976614,SURPLUS TINGGI: auto-debit tabungan berencana + tawarkan deposito/investasi
1115,November 2019,2516.5,373.0,5752.378154349562,4889.24526506987,6763.860095210616,-2862.8781543495616,-3874.3600952106162,-2410.821911671641,41.5,Rentan,452.05624267792064,0.0,11415.629720012297,,"DEFISIT: amankan arus kas, pangkas diskresioner & hindari utang konsumtif baru"
1116,November 2019,3542.4166666666665,178.41666666666666,8658.23331548984,7539.667706831022,9666.492733208053,-4937.399982156508,-5945.65939987472,-4310.1200705930305,55.5,Waspada,627.2799115634771,0.0,17438.02014954298,,"DEFISIT: amankan arus kas, pangkas diskresioner & hindari utang konsumtif baru"
1117,November 2019,2307.5833333333335,191.41666666666666,8847.295516060703,7648.119987402472,9829.950499051396,-6348.295516060703,-7330.950499051396,-6308.413416894387,56.5,Waspada,39.88209916631576,0.0,22909.24441440789,,"DEFISIT: amankan arus kas, pangkas diskresioner & hindari utang konsumtif baru"
1118,November 2019,6925.333333333333,745.0833333333334,9639.345466181074,7433.839847022307,11702.991884939034,-1968.9287995144077,-4032.575218272368,-1236.2774811631868,36.1,Rentan,732.6513183512209,0.0,11691.783746589244,,"DEFISIT: amankan arus kas, pangkas diskresioner & hindari utang konsumtif baru"
1121,November 2019,7030.416666666667,522.3333333333334,7746.515761267363,6252.086892233744,9521.283305716124,-193.7657612673629,-1968.5333057161242,356.4042484718311,62.4,Waspada,550.170009739194,285.1233987774649,11944.011726992001,41.890675329365536,"SEIMBANGKAN: ikuti budget hemat untuk menutup defisit, lalu auto-save kecil"
1123,November 2019,2324.6666666666665,382.1666666666667,1655.7306654359795,1281.903899231383,2397.4340391117607,1051.1026678973535,309.3992942215723,1051.1026678973535,77.7,Sehat,0.0,697.4,3658.0996995700493,5.2453394028822045,SURPLUS TINGGI: auto-debit tabungan berencana + tawarkan deposito/investasi
1125,November 2019,5409.75,457.5,3908.928873261859,2863.1202810998984,5418.538133477644,1958.3211267381412,448.7118665223561,2151.78500519934,75.4,Sehat,193.46387846119885,1622.925,6584.050345869597,4.056903643649335,SURPLUS TINGGI: auto-debit tabungan berencana + tawarkan deposito/investasi
1127,November 2019,2965.8333333333335,338.75,5133.388943962577,4423.42279789694,6290.72002731368,-1828.8056106292438,-2986.136693980346,-1827.4820524910538,49.4,Rentan,1.3235581381901227,0.0,11239.35109948173,,"DEFISIT: amankan arus kas, pangkas diskresioner & hindari utang konsumtif baru"
1128,November 2019,2883.8333333333335,376.75,2467.3666253342026,1611.5184535866156,3343.9831381035715,793.2167079991309,-83.399804770238,815.3336136294209,81.5,Sehat,22.11690563029002,652.2668909035368,5257.78450420635,8.0607870451973,SURPLUS TINGGI: auto-debit tabungan berencana + tawarkan deposito/investasi
1129,November 2019,2870.75,518.0833333333334,6248.438016778665,5319.537768136735,7242.94220290087,-2859.6046834453314,-3854.1088695675367,-2812.856334689678,50.8,Waspada,46.74834875565335,0.0,8840.385863879988,,"DEFISIT: amankan arus kas, pangkas diskresioner & hindari utang konsumtif baru"
1130,November 2019,3696.25,412.1666666666667,6253.247162752223,4936.432482063782,7346.688393164038,-2144.8304960855558,-3238.2717264973708,-1790.1399786371717,45.3,Rentan,354.6905174483842,0.0,12856.880827249352,,"DEFISIT: amankan arus kas, pangkas diskresioner & hindari utang konsumtif baru"
1131,November 2019,1640.1666666666667,434.5,7455.62312613058,6367.777876659459,8970.880880059392,-5380.956459463913,-6896.2142133927255,-5153.907124373722,56.9,Waspada,227.04933509019176,0.0,7040.900446339142,,"DEFISIT: amankan arus kas, pangkas diskresioner & hindari utang konsumtif baru"
1133,November 2019,3883.25,307.9166666666667,2719.353053496367,1945.2335194841216,3606.8292979124567,1471.8136131703,584.3373687542103,1471.8136131703,77.2,Sehat,0.0,1164.975,4580.468743262856,3.931817200594739,SURPLUS TINGGI: auto-debit tabungan berencana + tawarkan deposito/investasi
1135,November 2019,5667.5,225.33333333333334,5197.724907009934,3977.5787671894923,6134.37285649279,695.1084263233988,-241.53952315945662,787.635617347216,76.8,Sehat,92.5271910238172,630.1084938777728,11677.10318638902,18.531892999135035,SURPLUS: auto-debit tabungan berencana setelah gajian
1137,November 2019,2788.75,269.4166666666667,3069.9967567567583,2045.1579625795575,3880.9216433260513,-11.830090090091744,-822.7549766593847,52.23981897224235,56.4,Waspada,64.06990906233409,41.79185517779388,5015.27252700606,120.00597976973579,"SEIMBANGKAN: ikuti budget hemat untuk menutup defisit, lalu auto-save kecil"
1138,November 2019,3490.5,479.75,6455.736892643529,5836.656794117217,8261.452068357587,-2485.4868926435292,-4291.2020683575865,-2473.553957586127,49.6,Rentan,11.93293505740229,0.0,17375.030731198905,,"DEFISIT: amankan arus kas, pangkas diskresioner & hindari utang konsumtif baru"
1140,November 2019,4612.583333333333,225.33333333333334,3856.6850953656267,2801.150543971983,5025.6897967233435,981.2315713010394,-187.77313005667747,1333.3883426904817,64.0,Waspada,352.1567713894424,1066.7106741523855,5227.098583050895,4.900202753857673,SURPLUS TINGGI: auto-debit tabungan berencana + tawarkan deposito/investasi
1141,November 2019,2272.1666666666665,504.3333333333333,2937.042873896461,2164.2428673792715,4032.0075563058435,-160.54287389646106,-1255.5075563058435,-108.90302369601612,67.7,Waspada,51.63985020044494,0.0,5665.464725270482,,"DEFISIT: amankan arus kas, pangkas diskresioner & hindari utang konsumtif baru"
1142,November 2019,6606.0,501.3333333333333,4843.253627537711,3226.671582056615,6856.842467681746,2264.0797057956224,250.49086565158723,2388.6067004608603,74.7,Sehat,124.5269946652379,1910.8853603686885,9937.597431555358,5.200519946229525,SURPLUS TINGGI: auto-debit tabungan berencana + tawarkan deposito/investasi
1144,November 2019,2541.25,474.9166666666667,5870.840998363824,4702.911626083192,6867.520916297862,-2854.6743316971574,-3851.354249631195,-2446.536470049262,42.2,Rentan,408.1378616478956,0.0,10697.765283523182,,"DEFISIT: amankan arus kas, pangkas diskresioner & hindari utang konsumtif baru"
1145,November 2019,6256.666666666667,317.9166666666667,7939.688222871599,6500.8291923097895,9434.1862416649,-1365.1048895382646,-2859.602908331566,-1318.4552763287768,61.8,Waspada,46.64961320948792,0.0,10655.69262455279,,"DEFISIT: amankan arus kas, pangkas diskresioner & hindari utang konsumtif baru"
1147,November 2019,8724.333333333334,334.0833333333333,8344.525193563093,6624.300017903492,9739.510649558883,713.8914731035748,-681.0939828922146,930.5581768873485,76.1,Sehat,216.66670378377373,744.4465415098789,14883.410213046109,19.992584266507205,"SURPLUS TIPIS: bangun dana darurat dulu, mulai auto-save nominal kecil"
1148,November 2019,3059.25,578.6666666666666,3217.3966377727456,2348.321528755208,4248.777057842142,420.5200288939209,-610.8603911754758,813.028157656516,69.5,Waspada,392.50812876259505,650.4225261252128,3067.0950321414143,4.715542449633683,SURPLUS TINGGI: auto-debit tabungan berencana + tawarkan deposito/investasi
1150,November 2019,5252.5,347.9166666666667,5926.741717538142,4655.478551249975,7220.8217566903095,-326.32505087147547,-1620.4050900236425,255.87020237120123,59.5,Waspada,582.1952532426767,204.696161896961,8675.049462304327,42.380127609188555,"SEIMBANGKAN: ikuti budget hemat untuk menutup defisit, lalu auto-save kecil"
1151,November 2019,76.66666666666667,97.33333333333333,631.2779654405261,456.38763729844777,791.3227929899698,-457.27796544052615,-617.3227929899698,-428.62786685204486,55.2,Waspada,28.650098588481285,0.0,1549.1930412765564,,"DEFISIT: amankan arus kas, pangkas diskresioner & hindari utang konsumtif baru"
1153,November 2019,4833.833333333333,43.666666666666664,760.6100441629795,543.9476366129958,1026.0383098525253,4116.88995583702,3851.4616901474747,4116.88995583702,87.9,Sehat,0.0,1450.1499999999999,963.6233282609262,0.6644990713105032,SURPLUS TINGGI: auto-debit tabungan berencana + tawarkan deposito/investasi
1155,November 2019,2457.8333333333335,300.75,5366.06249339689,4378.825781559729,6366.272168319103,-2607.4791600635567,-3607.6888349857695,-2406.3087636250534,55.7,Waspada,201.17039643850322,0.0,11931.101307934932,,"DEFISIT: amankan arus kas, pangkas diskresioner & hindari utang konsumtif baru"
1156,November 2019,23349.916666666668,789.25,9365.750121416655,7459.758671651458,11625.324497206611,14773.416545250013,12513.842169460057,14773.416545250013,91.4,Sehat,0.0,7004.975,18882.037398431472,2.6955181707902556,SURPLUS TINGGI: auto-debit tabungan berencana + tawarkan deposito/investasi
1163,November 2019,5597.5,366.8333333333333,3261.964324721718,1594.1053620224764,4883.532408451768,2702.369008611615,1080.8009248815652,2708.453067050303,62.2,Waspada,6.084058438688473,1679.25,5381.550822846879,3.204734746373011,SURPLUS TINGGI: auto-debit tabungan berencana + tawarkan deposito/investasi
1164,November 2019,9140.583333333334,115.16666666666667,7412.502428574219,5908.721487212881,9268.826369483128,1843.2475714257807,-13.076369483127564,2641.600149985175,72.5,Sehat,798.3525785593943,2113.28011998814,8794.069507935696,4.161336410047263,SURPLUS TINGGI: auto-debit tabungan berencana + tawarkan deposito/investasi
1166,November 2019,3324.8333333333335,2193.3333333333335,5266.809625240324,4451.511850771841,6374.7896084736,251.35704142634313,-856.6229418069333,344.23365404613537,75.7,Sehat,92.87661261979221,275.38692323690833,13531.184323521333,49.13517375652874,"SURPLUS TIPIS: bangun dana darurat dulu, mulai auto-save nominal kecil"
1168,November 2019,9139.416666666666,4538.333333333333,17286.110565983432,14059.035486460101,21555.4051894113,-3608.360565983432,-7877.6551894113,-2331.1561985160392,30.1,Rentan,1277.2043674673928,0.0,32275.74059278232,,"DEFISIT: amankan arus kas, pangkas diskresioner & hindari utang konsumtif baru"
1169,November 2019,5158.416666666667,533.9166666666666,11451.065477895483,9657.66272624664,12939.27197600361,-5758.732144562149,-7246.938642670277,-5540.503682025606,55.4,Waspada,218.22846253654245,0.0,27764.272472698016,,"DEFISIT: amankan arus kas, pangkas diskresioner & hindari utang konsumtif baru"
1170,November 2019,3405.5833333333335,417.25,3400.045037616841,2671.985015474921,4650.598740485082,422.7882957164925,-827.7654071517486,616.4165663874775,72.6,Sehat,193.628270670985,493.133253109982,7327.705808504119,14.859484251551464,SURPLUS: auto-debit tabungan berencana setelah gajian
1171,November 2019,3267.8333333333335,129.41666666666666,4216.219255919025,3025.649183098327,5332.887883742307,-818.9692559190253,-1935.6378837423072,-617.7904296614793,58.0,Waspada,201.17882625754606,0.0,6789.110097096436,,"DEFISIT: amankan arus kas, pangkas diskresioner & hindari utang konsumtif baru"
1173,November 2019,4308.583333333333,328.75,4086.085421211743,2822.220003331602,5564.416700682737,551.2479121215902,-927.0833673494044,643.014451427859,80.4,Sehat,91.76653930626874,514.4115611422872,8028.073826831771,15.606324649867641,SURPLUS: auto-debit tabungan berencana setelah gajian
1176,November 2019,4779.0,651.75,6127.436502702002,4962.346781106791,7484.25702723555,-696.6865027020021,-2053.5070272355497,-661.0804547594048,42.7,Rentan,35.60604794259738,0.0,13011.17582609537,,"DEFISIT: amankan arus kas, pangkas diskresioner & hindari utang konsumtif baru"
1177,November 2019,5389.333333333333,256.4166666666667,3435.921468649643,2352.5266018636457,4477.375052276191,2209.828531350357,1168.3749477238089,2209.828531350357,79.1,Sehat,0.0,1616.8,5545.383403604184,3.429851189760134,SURPLUS TINGGI: auto-debit tabungan berencana + tawarkan deposito/investasi
1179,November 2019,4130.833333333333,386.75,3207.9719864062963,1989.3332803096469,4374.677482799159,1309.6113469270367,142.90585053417362,1335.2902342701811,80.3,Sehat,25.678887343144467,1068.232187416145,4560.415596962935,4.269123932685208,SURPLUS TINGGI: auto-debit tabungan berencana + tawarkan deposito/investasi
1180,November 2019,2995.0,367.75,6114.0856743156055,5189.921694441515,6950.9725705644305,-2751.3356743156055,-3588.2225705644305,-2256.3432986741636,35.1,Rentan,494.99237564144164,0.0,10239.226919923127,,"DEFISIT: amankan arus kas, pangkas diskresioner & hindari utang konsumtif baru"
1181,November 2019,4298.416666666667,229.83333333333334,4117.789925205616,3056.7580835678255,5654.365646729424,410.4600747943841,-1126.115646729424,758.2656289909544,79.6,Sehat,347.80555419657026,606.6125031927635,6709.861215645389,11.061198343802014,SURPLUS: auto-debit tabungan berencana setelah gajian
1183,November 2019,2735.0,89.5,2897.402381972761,1995.6589533541207,3878.902421973846,-72.90238197276085,-1054.4024219738458,235.63980881979148,64.7,Waspada,308.54219079255233,188.5118470558332,3053.210121364637,16.19638324619641,"SEIMBANGKAN: ikuti budget hemat untuk menutup defisit, lalu auto-save kecil"
1184,November 2019,5730.416666666667,415.75,4268.89051133781,3271.339637330856,5501.1282491720185,1877.2761553288574,645.0384174946485,1906.0853594230848,91.7,Sehat,28.80920409422751,1524.868287538468,9518.441669325515,6.242140220969999,SURPLUS TINGGI: auto-debit tabungan berencana + tawarkan deposito/investasi
1187,November 2019,3944.5,240.83333333333334,1649.6436571151487,1150.224858462123,2657.400429792301,2535.689676218184,1527.932903541032,2548.8317729512214,71.5,Sehat,13.14209673303752,1183.35,3285.211826686941,2.7761962451404414,SURPLUS TINGGI: auto-debit tabungan berencana + tawarkan deposito/investasi
1189,November 2019,2631.8333333333335,277.5833333333333,2419.0216232908415,1621.7104983067788,3526.231420664142,490.3950433758255,-616.8147539974752,593.5597062888423,71.5,Sehat,103.16466291301688,474.8477650310739,3794.5879387103705,7.99116731330104,SURPLUS: auto-debit tabungan berencana setelah gajian
1190,November 2019,3698.5833333333335,471.8333333333333,7018.539020273467,6027.716279018248,8259.14783712845,-2848.1223536068,-4088.731170461783,-2594.07448566963,51.3,Waspada,254.0478679371699,0.0,15056.538011140732,,"DEFISIT: amankan arus kas, pangkas diskresioner & hindari utang konsumtif baru"
1192,November 2019,3335.5,94.62,1406.7174276036924,1093.8085135309507,1777.8841905687855,2023.4025723963075,1652.2358094312144,2143.709417611043,75.7,Sehat,120.30684521473553,1000.65,2207.824443688461,2.2063902899999612,SURPLUS TINGGI: auto-debit tabungan berencana + tawarkan deposito/investasi
1193,November 2019,4309.75,204.08333333333334,3725.6081706232776,2902.305320939873,4639.245877563449,788.2251627100554,-125.4125442301156,1057.853423634505,76.9,Sehat,269.62826092444936,846.282738907604,5260.090958875308,6.215524336068962,SURPLUS: auto-debit tabungan berencana setelah gajian
1194,November 2019,3170.0833333333335,538.9166666666666,4397.793132240154,3313.346867505068,5771.8088850153645,-688.7931322401537,-2062.8088850153645,-678.900993307874,62.8,Waspada,9.892138932279686,0.0,10718.304515689493,,"DEFISIT: amankan arus kas, pangkas diskresioner & hindari utang konsumtif baru"
1195,November 2019,3391.3333333333335,444.9166666666667,5325.3192287149695,4579.789642212472,6440.670836135614,-1489.0692287149695,-2604.420836135614,-1380.8836021183913,60.3,Waspada,108.18562659657819,0.0,12240.629663589367,,"DEFISIT: amankan arus kas, pangkas diskresioner & hindari utang konsumtif baru"
1196,November 2019,2907.9166666666665,462.6666666666667,4051.0967097680277,3215.3340480298702,5270.054540576321,-680.5133764346947,-1899.4712072429884,-566.3224554229826,59.7,Waspada,114.1909210117121,0.0,7788.801303022989,,"DEFISIT: amankan arus kas, pangkas diskresioner & hindari utang konsumtif baru"
1198,November 2019,905.75,219.91666666666666,5645.918755168016,5021.384794864463,6668.5160001977565,-4520.252088501349,-5542.8493335310895,-4348.577581960592,69.1,Waspada,171.67450654075708,0.0,14102.618038845343,,"DEFISIT: amankan arus kas, pangkas diskresioner & hindari utang konsumtif baru"
1201,November 2019,9622.083333333334,588.0,5673.194202337757,3784.8549653309233,7623.528692960438,4536.889130995577,2586.554640372896,4823.483707407378,76.3,Sehat,286.59457641180063,2886.625,8948.835566328455,3.1001032577243164,SURPLUS TINGGI: auto-debit tabungan berencana + tawarkan deposito/investasi
1202,November 2019,0.3333333333333333,122.75,1160.2209376032308,785.9102589260465,1825.7600180174363,-1037.1376042698976,-1702.676684684103,-954.7635308201958,43.8,Rentan,82.37407344970173,0.0,1603.9971163965874,,"DEFISIT: amankan arus kas, pangkas diskresioner & hindari utang konsumtif baru"
1203,November 2019,3461.4166666666665,265.1666666666667,1382.325951181285,1041.0650102848142,2210.7911029121365,2344.257382152048,1515.7922304211966,2493.881331263904,53.2,Waspada,149.62394911185595,1038.425,1306.3282075042107,1.2579899439094886,SURPLUS TINGGI: auto-debit tabungan berencana + tawarkan deposito/investasi
1204,November 2019,5786.666666666667,219.5,3266.1508204751526,2329.040969522362,4644.74796650309,2740.0158461915144,1361.4187001635773,2740.0158461915144,70.9,Sehat,0.0,1736.0,5139.659383379372,2.9606332853567814,SURPLUS TINGGI: auto-debit tabungan berencana + tawarkan deposito/investasi
1207,November 2019,4697.333333333333,420.4166666666667,7062.718486328092,5836.945924790258,8654.078899334454,-1944.9684863280918,-3536.328899334454,-1921.3068154624343,47.4,Rentan,23.661670865657555,0.0,9396.095008726064,,"DEFISIT: amankan arus kas, pangkas diskresioner & hindari utang konsumtif baru"
1208,November 2019,2782.25,430.6666666666667,2942.287926515763,2064.2596774345056,3826.9018597181466,270.62874015090347,-613.9851930514801,365.33007786599643,55.6,Waspada,94.70133771509295,292.2640622927972,4866.07858655116,16.649596082313415,SURPLUS: auto-debit tabungan berencana setelah gajian
1209,November 2019,5317.916666666667,425.1666666666667,8911.52692777408,7543.809690779764,10264.703447963517,-3168.443594440747,-4521.620114630183,-2206.0922231110717,49.0,Rentan,962.3513713296753,0.0,11371.107031920983,,"DEFISIT: amankan arus kas, pangkas diskresioner & hindari utang konsumtif baru"
1210,November 2019,2877.5833333333335,248.83333333333334,3017.7925412444456,2166.161114798282,4215.081466748841,108.62412542222137,-1088.6648000821742,299.4366057922613,63.3,Waspada,190.81248037003988,239.54928463380904,4554.941942312036,19.014633874924833,"SURPLUS TIPIS: bangun dana darurat dulu, mulai auto-save nominal kecil"
1211,November 2019,3187.4166666666665,271.0,3036.01210300201,1941.3248252255858,4043.409595195376,422.4045636646565,-584.9929285287094,490.31712632758695,81.0,Sehat,67.91256266293041,392.2537010620696,3299.8756015653007,8.412605394494758,SURPLUS: auto-debit tabungan berencana setelah gajian
1213,November 2019,3631.5833333333335,533.8333333333334,2584.587570053518,1714.180795882459,3326.642663195775,1580.829096613149,838.7740034708918,1685.9019498062999,72.1,Sehat,105.07285319315083,1089.475,4061.6401321117055,3.728070981079608,SURPLUS TINGGI: auto-debit tabungan berencana + tawarkan deposito/investasi
1214,November 2019,6039.166666666667,533.6666666666666,4920.299272067793,3580.3759601142174,6385.499167032046,1652.534061265541,187.33416630128795,2205.2018381526973,70.7,Sehat,552.6677768871565,1764.161470522158,6300.169950362333,3.571198019928189,SURPLUS TINGGI: auto-debit tabungan berencana + tawarkan deposito/investasi
1217,November 2019,3749.3333333333335,367.5833333333333,4271.315837401735,3117.1302896043344,5518.219903802257,-154.39917073506786,-1401.3032371355903,-99.08679473861801,70.6,Sehat,55.31237599644985,0.0,9962.424202490813,,"DEFISIT: amankan arus kas, pangkas diskresioner & hindari utang konsumtif baru"
1219,November 2019,4842.083333333333,375.3333333333333,6212.543951078428,4673.344218290539,7593.938201034729,-995.127284411762,-2376.521534368063,-852.7092229536125,52.9,Waspada,142.4180614581495,0.0,12136.235680468095,,"DEFISIT: amankan arus kas, pangkas diskresioner & hindari utang konsumtif baru"
1221,November 2019,2562.25,634.0,3283.968457425184,2294.252282469942,4765.233735865423,-87.71845742518417,-1568.9837358654231,-84.11626977141673,65.6,Waspada,3.602187653767448,0.0,6608.970081917968,,"DEFISIT: amankan arus kas, pangkas diskresioner & hindari utang konsumtif baru"
1222,November 2019,2394.8333333333335,557.6666666666666,3749.2331299054895,3085.7396349065957,4642.931808832721,-796.7331299054895,-1690.431808832721,-408.99300957339653,37.1,Rentan,387.74012033209294,0.0,5879.439743826473,,"DEFISIT: amankan arus kas, pangkas diskresioner & hindari utang konsumtif baru"
1223,November 2019,15790.833333333334,528.6666666666666,6146.257449842873,1989.4280658651314,7613.848539974875,10173.242550157127,8705.651460025125,10173.242550157127,64.1,Waspada,0.0,4737.25,8518.875677282897,1.7982744582369299,SURPLUS TINGGI: auto-debit tabungan berencana + tawarkan deposito/investasi
1224,November 2019,4455.333333333333,544.8333333333334,7026.212610127277,5596.009062475882,8502.72095421254,-2026.045943460611,-3502.554287545874,-1209.6093229551143,45.8,Rentan,816.4366205054966,0.0,10032.255995247126,,"DEFISIT: amankan arus kas, pangkas diskresioner & hindari utang konsumtif baru"
1225,November 2019,5236.416666666667,254.0,5726.975279969815,4379.214546021821,7128.5853944021455,-236.55861330314838,-1638.1687277354786,-201.40495997135986,72.3,Sehat,35.15365333178852,0.0,12449.348902784213,,"DEFISIT: amankan arus kas, pangkas diskresioner & hindari utang konsumtif baru"
1226,November 2019,3071.6666666666665,332.6666666666667,5065.261286998115,4004.0024507076528,6285.416348957651,-1660.9279536647819,-2881.0830156243183,-1493.9635635437676,51.5,Waspada,166.96439012101416,0.0,11949.044970341558,,"DEFISIT: amankan arus kas, pangkas diskresioner & hindari utang konsumtif baru"
1227,November 2019,5612.0,381.6666666666667,3609.650184519313,2680.568894959547,5328.009836879609,2384.016482147354,665.6568297870581,2384.016482147354,89.5,Sehat,0.0,1683.6,5535.86360502581,3.2881109557055184,SURPLUS TINGGI: auto-debit tabungan berencana + tawarkan deposito/investasi
1228,November 2019,3956.8333333333335,531.5,3674.337151243348,2781.2735181914463,4971.560180644261,813.9961820899857,-483.22684731092704,1081.654007294159,71.1,Sehat,267.6578252041734,865.3232058353274,5352.839498906581,6.185942388704685,SURPLUS TINGGI: auto-debit tabungan berencana + tawarkan deposito/investasi
1229,November 2019,4112.5,447.0,4477.848298048745,3259.3274562992297,6023.626452454838,81.65170195125484,-1464.1264524548378,259.90101697701266,67.8,Waspada,178.24931502575785,207.92081358161013,8960.046244464185,43.0935512906086,"SURPLUS TIPIS: bangun dana darurat dulu, mulai auto-save nominal kecil"
1234,November 2019,5182.083333333333,63.5,1942.3067581328257,1589.1140693084335,2109.815816887299,3303.276575200507,3135.767516446034,3327.1047838088366,84.3,Sehat,23.828208608329533,1554.6249999999998,4553.430866143757,2.9289577011457797,SURPLUS TINGGI: auto-debit tabungan berencana + tawarkan deposito/investasi
1236,November 2019,2103.5833333333335,563.25,2592.875601950982,1937.5997707774586,3569.2636890938034,73.95773138235154,-902.4303557604699,231.53575346331135,67.6,Waspada,157.5780220809598,185.2286027706491,3765.0616169204914,20.32656706687146,"SURPLUS TIPIS: bangun dana darurat dulu, mulai auto-save nominal kecil"
1237,November 2019,2679.1666666666665,389.97166666666664,5839.312987455631,4910.537674617677,7304.205501851093,-2770.1746541222974,-4235.0671685177595,-2608.73122526546,51.6,Waspada,161.44342885683741,0.0,12524.049709313931,,"DEFISIT: amankan arus kas, pangkas diskresioner & hindari utang konsumtif baru"
1238,November 2019,8055.083333333333,497.9166666666667,9363.667188388314,7193.103883064805,12042.849299412535,-810.6671883883137,-3489.8492994125354,-108.54572857514938,62.5,Waspada,702.1214598131643,0.0,17364.912661621187,,"DEFISIT: amankan arus kas, pangkas diskresioner & hindari utang konsumtif baru"
1239,November 2019,3173.4166666666665,268.0833333333333,3420.4313788852887,2659.3410872856875,4435.6145420677085,21.068621114711277,-994.1145420677085,272.4547556905093,73.0,Sehat,251.38613457579797,217.96380455240742,5161.566158397469,23.680840812064357,"SURPLUS TIPIS: bangun dana darurat dulu, mulai auto-save nominal kecil"
1240,November 2019,2651.1666666666665,249.08333333333334,3063.241321637703,2335.460449401974,3934.9088018991793,-162.9913216377031,-1034.6588018991793,132.6546502743587,53.4,Waspada,295.6459719120618,106.12372021948696,4136.782696590982,38.98075461390926,"SEIMBANGKAN: ikuti budget hemat untuk menutup defisit, lalu auto-save kecil"
1241,November 2019,4116.333333333333,501.0833333333333,9441.871632815808,8225.245865506819,11133.199324496449,-4824.454966149142,-6515.782657829783,-3766.2922511838456,48.3,Rentan,1058.1627149652963,0.0,12188.6744030449,,"DEFISIT: amankan arus kas, pangkas diskresioner & hindari utang konsumtif baru"
1242,November 2019,2542.4166666666665,351.75,3066.422797042163,2386.241571635597,4095.9416270140396,-172.25613037549647,-1201.774960347373,40.55639749031508,52.3,Waspada,212.81252786581155,32.445117992252065,4411.438435518039,135.96617021308094,"SEIMBANGKAN: ikuti budget hemat untuk menutup defisit, lalu auto-save kecil"
1243,November 2019,2907.0,462.1666666666667,5645.195077365925,4575.162676589053,6901.174791089789,-2276.028410699258,-3532.008124423123,-2054.308830818124,50.7,Waspada,221.7195798811341,0.0,12326.011534984202,,"DEFISIT: amankan arus kas, pangkas diskresioner & hindari utang konsumtif baru"
1245,November 2019,3575.0,441.3333333333333,3493.106338079724,2417.702251886036,4563.250059877497,523.2269952536094,-546.9167265441633,746.1071767075608,70.7,Sehat,222.88018145395145,596.8857413660487,5795.2261700375575,9.709104722077038,SURPLUS: auto-debit tabungan berencana setelah gajian
1246,November 2019,2584.0,405.5833333333333,2843.4206530268293,1952.6968466559895,4036.389561817371,146.16268030650417,-1046.8062284840375,264.2828309457103,58.6,Waspada,118.12015063920616,211.42626475656826,4946.683532917576,23.396731426027333,"SURPLUS TIPIS: bangun dana darurat dulu, mulai auto-save nominal kecil"
1247,November 2019,3679.3333333333335,728.4166666666666,4381.657642725196,3173.3359380182283,5743.729064621186,26.09235727480427,-1335.979064621186,353.9953635181158,55.1,Waspada,327.90300624331155,283.19629081449267,7357.074760799341,25.978711584250878,"SURPLUS TIPIS: bangun dana darurat dulu, mulai auto-save nominal kecil"
1248,November 2019,3615.5,186.33333333333334,3142.9973000249547,2197.674091931594,3960.6352628969607,658.8360333083788,-158.80192956362725,936.3076803594122,76.8,Sehat,277.4716470510335,749.0461442875298,3126.834748872339,4.174422060267716,SURPLUS TINGGI: auto-debit tabungan berencana + tawarkan deposito/investasi
1250,November 2019,3208.25,430.6666666666667,3071.896262972929,2329.068091445893,4077.8861648206293,567.0204036937375,-438.96949815396283,768.6736521018637,83.1,Sehat,201.65324840812616,614.938921681491,4370.52238752228,7.10724631898646,SURPLUS: auto-debit tabungan berencana setelah gajian
1251,November 2019,3512.5,418.0,3589.5657752904276,2430.168401789574,4379.3408297788465,340.9342247095724,-448.84082977884646,605.8118303559941,73.3,Sehat,264.87760564642167,484.6494642847953,5842.646611426703,12.055407138536276,SURPLUS: auto-debit tabungan berencana setelah gajian
1253,November 2019,4895.75,424.1666666666667,9794.66970251659,8287.605853124918,10881.801270199812,-4474.753035849923,-5561.884603533145,-4137.755642176144,48.7,Rentan,336.9973936737801,0.0,21920.542729652476,,"DEFISIT: amankan arus kas, pangkas diskresioner & hindari utang konsumtif baru"
1254,November 2019,2884.9166666666665,348.5,2043.1083942643006,1415.4498871578744,3022.9724642815645,1190.308272402366,210.44420238510202,1206.4726507386613,83.3,Sehat,16.164378336295457,865.4749999999999,3092.723518310087,3.57344061736051,SURPLUS TINGGI: auto-debit tabungan berencana + tawarkan deposito/investasi
1256,November 2019,4687.333333333333,348.0,5815.068709737249,4969.017799140386,7221.265055590675,-779.7353764039162,-2185.931722257342,-653.3264840767193,51.7,Waspada,126.40889232719692,0.0,12402.419327780444,,"DEFISIT: amankan arus kas, pangkas diskresioner & hindari utang konsumtif baru"
1257,November 2019,4021.5833333333335,311.1666666666667,2120.682183548294,1332.899124084454,2984.8638893314455,2212.067816451706,1347.8861106685545,2247.037285467302,65.6,Waspada,34.9694690155958,1206.475,3325.3241793349134,2.756231317959273,SURPLUS TINGGI: auto-debit tabungan berencana + tawarkan deposito/investasi
1258,November 2019,1289.1666666666667,499.4166666666667,3586.6053810571734,2627.4518493395663,4950.476539664918,-1798.02204772384,-3161.8932063315847,-1558.338813001582,53.8,Waspada,239.68323472225805,0.0,5702.483206397048,,"DEFISIT: amankan arus kas, pangkas diskresioner & hindari utang konsumtif baru"
1259,November 2019,16022.416666666666,600.5833333333334,7689.456679024619,5842.889209994388,10329.716690287063,8933.543320975381,6293.283309712937,8933.543320975381,82.3,Sehat,0.0,4806.724999999999,13606.302666608957,2.8306804875687623,SURPLUS TINGGI: auto-debit tabungan berencana + tawarkan deposito/investasi
1260,November 2019,3567.1666666666665,503.0833333333333,2013.462133625264,1362.3135572481378,2835.7201236271,2056.787866374736,1234.5298763729002,2066.7565107755313,78.1,Sehat,9.968644400795348,1070.1499999999999,3003.5288357306185,2.8066428404715404,SURPLUS TINGGI: auto-debit tabungan berencana + tawarkan deposito/investasi
1261,November 2019,5732.25,656.75,3925.3058563795616,2670.6191596596154,5196.892185385361,2463.6941436204384,1192.1078146146392,2573.472006292157,62.2,Waspada,109.77786267171842,1719.675,6076.2049943356105,3.533344960143987,SURPLUS TINGGI: auto-debit tabungan berencana + tawarkan deposito/investasi
1262,November 2019,2331.75,291.5,1677.1975159420788,1252.031479523167,2129.08911059354,946.0524840579212,494.1608894064598,947.462063347435,78.0,Sehat,1.409579289513733,699.525,4098.113714652176,5.858423522607735,SURPLUS TINGGI: auto-debit tabungan berencana + tawarkan deposito/investasi
1263,November 2019,3054.3333333333335,264.5,2897.197681604243,2204.537309473034,3847.7019142882136,421.63565172909057,-528.8685809548801,454.3251269586481,67.6,Waspada,32.68947522955756,363.4601015669185,7291.75147464931,20.062041041681677,SURPLUS: auto-debit tabungan berencana setelah gajian
1266,November 2019,3838.5833333333335,488.1666666666667,2540.5923585605265,1750.6878188860878,3443.9324810159114,1786.1576414394735,882.8175189840886,1835.9086077308316,65.5,Waspada,49.750966291357955,1151.575,4290.47228180768,3.7257428146735383,SURPLUS TINGGI: auto-debit tabungan berencana + tawarkan deposito/investasi
1267,November 2019,2659.3333333333335,290.0833333333333,3458.7301214082977,2325.0190741228253,4450.029594427257,-509.3134547416307,-1500.6129277605896,-344.38518992793524,43.9,Rentan,164.9282648136955,0.0,4729.161577511753,,"DEFISIT: amankan arus kas, pangkas diskresioner & hindari utang konsumtif baru"
1268,November 2019,2466.4166666666665,531.5833333333334,1757.0608564187785,1324.5131134592184,2275.5947997238736,1240.9391435812215,722.4052002761264,1240.9391435812215,76.5,Sehat,0.0,739.925,4095.2538906825366,5.534687827391339,SURPLUS TINGGI: auto-debit tabungan berencana + tawarkan deposito/investasi
1269,November 2019,3027.9166666666665,540.6666666666666,5246.4880622647,3892.0099381966247,6637.337495279329,-1677.9047289313667,-3068.754161945996,-1568.230479626304,52.5,Waspada,109.67424930506255,0.0,11481.974163648121,,"DEFISIT: amankan arus kas, pangkas diskresioner & hindari utang konsumtif baru"
1274,November 2019,4122.0,312.5,8332.77240163754,6748.534756047938,9630.602581963087,-3898.2724016375396,-5196.102581963087,-3643.8257992224303,46.6,Rentan,254.44660241510945,0.0,18899.843713772323,,"DEFISIT: amankan arus kas, pangkas diskresioner & hindari utang konsumtif baru"
1276,November 2019,3482.75,93.5,3626.074661694331,2652.0878531179033,4913.5496474026995,-49.8246616943311,-1337.2996474026995,81.02234635540472,70.5,Sehat,130.84700804973582,64.81787708432378,6952.478182559342,107.26173850949525,"SEIMBANGKAN: ikuti budget hemat untuk menutup defisit, lalu auto-save kecil"
1279,November 2019,5175.25,370.3333333333333,4786.375382062334,3814.879466142444,5968.728267671292,759.2079512709988,-423.14493433795906,1046.6151587582274,68.9,Waspada,287.40720748722856,837.292127006582,7888.748325068424,9.421739522705927,SURPLUS: auto-debit tabungan berencana setelah gajian
1281,November 2019,2212.1666666666665,331.6666666666667,1546.0621750860876,1075.6634641932349,2549.596078964324,997.7711582472455,-5.7627456309910485,1024.5189342253673,79.0,Sehat,26.747775978121865,663.65,2567.296260777311,3.868449123449576,SURPLUS TINGGI: auto-debit tabungan berencana + tawarkan deposito/investasi
1282,November 2019,3437.4166666666665,477.25,3358.427744725656,2454.6638352053687,4379.882562767806,556.2389219410106,-465.2158961011396,701.7591631872119,73.5,Sehat,145.52024124620135,561.4073305497695,5770.173252217846,10.278051137250536,SURPLUS: auto-debit tabungan berencana setelah gajian
1283,November 2019,5306.083333333333,780.9166666666666,5539.262542274592,4179.394468479235,6951.155862637446,547.7374577254077,-864.1558626374463,919.8203780131647,55.7,Waspada,372.082920287757,735.8563024105318,9912.87499912833,13.471210298336167,SURPLUS: auto-debit tabungan berencana setelah gajian
1284,November 2019,3328.9166666666665,90.08333333333333,3912.7564076996287,3190.839466070607,4902.229240337464,-493.75640769962865,-1483.229240337464,-321.41038712149305,57.0,Waspada,172.34602057813558,0.0,8413.92720497496,,"DEFISIT: amankan arus kas, pangkas diskresioner & hindari utang konsumtif baru"
1285,November 2019,5441.5,544.3333333333334,6691.188295072373,5075.640772892099,8638.851616323873,-705.3549617390399,-2653.01828299054,49.74829267575706,46.8,Rentan,755.103254414797,39.79863414060565,8598.411390072411,216.0479015358883,"SEIMBANGKAN: ikuti budget hemat untuk menutup defisit, lalu auto-save kecil"
1286,November 2019,5131.5,374.3333333333333,6118.864488619169,4735.969584937857,7700.603248259759,-613.0311552858357,-2194.7699149264263,-192.52203356468237,49.0,Rentan,420.5091217211533,0.0,11676.066729901724,,"DEFISIT: amankan arus kas, pangkas diskresioner & hindari utang konsumtif baru"
1288,November 2019,3171.5833333333335,406.5,4221.866001377699,3394.9178716722126,5470.210489100357,-643.7826680443654,-1892.1271557670239,-557.5169172081819,43.1,Rentan,86.26575083618359,0.0,10009.959026701563,,"DEFISIT: amankan arus kas, pangkas diskresioner & hindari utang konsumtif baru"
1291,November 2019,2905.75,213.91666666666666,3874.9135713687688,2978.9985929094787,4695.84064716055,-755.2469047021023,-1576.1739804938838,-715.2597543952704,50.7,Waspada,39.98715030683178,0.0,8755.251662261122,,"DEFISIT: amankan arus kas, pangkas diskresioner & hindari utang konsumtif baru"
1293,November 2019,4114.5,646.1666666666666,10885.28664202212,9233.038819282014,12344.841262613838,-6124.619975355453,-7584.174595947171,-5748.043821831821,46.0,Rentan,376.57615352363183,0.0,26172.27343747817,,"DEFISIT: amankan arus kas, pangkas diskresioner & hindari utang konsumtif baru"
1294,November 2019,4926.166666666667,325.0833333333333,5547.3897251782855,4089.796922639927,7465.884432061975,-296.1397251782855,-2214.6344320619746,325.5196069390008,49.3,Rentan,621.6593321172863,260.4156855512007,6150.640976536681,23.61855033239691,"SEIMBANGKAN: ikuti budget hemat untuk menutup defisit, lalu auto-save kecil"
1295,November 2019,2314.3333333333335,473.1666666666667,6262.926721411076,5397.35836726261,7557.7377476981255,-3475.426721411076,-4770.2377476981255,-3242.6003259587155,58.1,Waspada,232.82639545236037,0.0,14360.39407448811,,"DEFISIT: amankan arus kas, pangkas diskresioner & hindari utang konsumtif baru"
1296,November 2019,3890.25,98.83333333333333,4836.136841581783,4051.767035735855,6130.080011652597,-847.0535082484498,-2140.9966783192635,-604.2849546077327,52.3,Waspada,242.76855364071707,0.0,9650.041417342518,,"DEFISIT: amankan arus kas, pangkas diskresioner & hindari utang konsumtif baru"
1298,November 2019,2133.5833333333335,268.6666666666667,1866.702186283907,1351.4395595917067,2636.810999658536,535.5478137160931,-234.56099965853582,556.0152331733477,79.8,Sehat,20.467419457254692,444.8121865386782,3274.32453506361,7.361139452007559,SURPLUS TINGGI: auto-debit tabungan berencana + tawarkan deposito/investasi
1299,November 2019,3108.25,286.1666666666667,2527.5036731953364,1695.8962434358596,3286.5552155313394,866.9129934713301,107.86145113532712,866.9129934713301,87.3,Sehat,0.0,693.5303947770641,4709.636921331183,6.790815452068397,SURPLUS TINGGI: auto-debit tabungan berencana + tawarkan deposito/investasi
1300,November 2019,1924.3333333333333,407.1666666666667,2805.434257677686,2261.6952978764166,3480.653889285113,-473.9342576776862,-1149.153889285113,-282.5472836498537,54.8,Waspada,191.38697402783254,0.0,4904.152911546862,,"DEFISIT: amankan arus kas, pangkas diskresioner & hindari utang konsumtif baru"
1301,November 2019,5154.166666666667,405.0833333333333,4259.711238010749,3026.5558326603655,5881.464775561672,1299.5387619892508,-322.21477556167156,1493.4233207636178,70.8,Sehat,193.8845587743669,1194.7386566108942,5048.556896170993,4.22565794471922,SURPLUS TINGGI: auto-debit tabungan berencana + tawarkan deposito/investasi
1302,November 2019,2415.6666666666665,446.25,4747.5708984363155,3945.4765603533706,5865.584443495591,-1885.654231769649,-3003.667776828924,-1743.5223573983628,51.3,Waspada,142.13187437128616,0.0,11969.726208505432,,"DEFISIT: amankan arus kas, pangkas diskresioner & hindari utang konsumtif baru"
1303,November 2019,5161.416666666667,292.5,3335.6958222551043,2114.3093659569317,4479.4082783178965,2118.2208444115627,974.5083883487705,2248.694959593611,66.7,Waspada,130.47411518204876,1548.425,5058.4949365830125,3.266864676418304,SURPLUS TINGGI: auto-debit tabungan berencana + tawarkan deposito/investasi
1305,November 2019,3247.5833333333335,373.5833333333333,3083.338443720513,2277.1611699270743,3887.2244109284793,537.8282229461538,-266.05774426181233,753.150583137349,75.6,Sehat,215.32236019119517,602.5204665098793,5077.125178159489,8.426477539541375,SURPLUS: auto-debit tabungan berencana setelah gajian
1307,November 2019,7252.5,225.25,6567.722854045663,5053.767356845105,8211.482265073006,910.0271459543374,-733.7322650730057,1033.3214385515987,68.2,Waspada,123.29429259726143,826.657150841279,13319.011859750593,16.111893360138478,SURPLUS: auto-debit tabungan berencana setelah gajian
1313,November 2019,2514.3333333333335,210.91666666666666,4420.583093872596,3687.758341827889,5185.096357385807,-1695.3330938725958,-2459.846357385807,-1269.5009858536428,34.4,Rentan,425.83210801895297,0.0,7865.543875934212,,"DEFISIT: amankan arus kas, pangkas diskresioner & hindari utang konsumtif baru"
1314,November 2019,3283.6666666666665,421.8333333333333,6169.4506683586205,5234.2125486785735,7422.349123243474,-2463.9506683586205,-3716.8491232434744,-1990.7956715946686,43.6,Rentan,473.1549967639519,0.0,9927.666957135538,,"DEFISIT: amankan arus kas, pangkas diskresioner & hindari utang konsumtif baru"
1315,November 2019,2714.6666666666665,408.5,2505.243972483766,1815.4605026159452,3587.3280531525174,617.9226941829006,-464.1613864858509,675.9920357179428,84.6,Sehat,58.069341535042206,540.7936285743543,5083.928217611452,9.400865596389801,SURPLUS: auto-debit tabungan berencana setelah gajian
1317,November 2019,2575.8333333333335,445.0,1700.035185170349,1199.7019142581955,2707.770971926403,1320.7981481629845,313.06236140693045,1342.3168734431442,80.4,Sehat,21.51872528015969,772.75,3218.6555688990566,4.165196465738022,SURPLUS TINGGI: auto-debit tabungan berencana + tawarkan deposito/investasi
1323,November 2019,2617.8333333333335,319.8333333333333,4504.486930250843,3593.173346577517,5575.78952177822,-1566.8202635841762,-2638.122855111553,-1461.9775313352338,55.6,Waspada,104.84273224894251,0.0,3031.5209718676697,,"DEFISIT: amankan arus kas, pangkas diskresioner & hindari utang konsumtif baru"
1324,November 2019,3239.3333333333335,592.0,4878.462622955163,3812.5667659882315,6165.834034058521,-1047.1292896218297,-2334.5007007251875,-915.5788985867243,34.9,Rentan,131.5503910351053,0.0,10301.958085752336,,"DEFISIT: amankan arus kas, pangkas diskresioner & hindari utang konsumtif baru"
1326,November 2019,5540.75,297.75,3966.5347017868135,2843.426049568251,5508.987814367066,1871.9652982131865,329.51218563293423,2004.4221991888498,78.8,Sehat,132.4569009756634,1603.53775935108,7491.57720446639,4.671905703984223,SURPLUS TINGGI: auto-debit tabungan berencana + tawarkan deposito/investasi
1330,November 2019,2950.3333333333335,387.75,7726.355975395208,6350.889617888221,9037.089573772706,-4388.272642061875,-5699.006240439372,-3924.7326114416337,39.4,Rentan,463.54003062024094,0.0,14741.193003637532,,"DEFISIT: amankan arus kas, pangkas diskresioner & hindari utang konsumtif baru"
1331,November 2019,4085.5,5.583333333333333,370.58062763607705,261.4412530375379,436.9573130524836,3720.5027056972563,3654.12602028085,3720.5027056972563,75.5,Sehat,0.0,1225.6499999999999,669.6387140728073,0.5463539461288356,SURPLUS TINGGI: auto-debit tabungan berencana + tawarkan deposito/investasi
1332,November 2019,5992.416666666667,495.8333333333333,3486.638637589113,2157.2342087397465,5090.3036674695995,3001.611362410887,1397.9463325304005,3052.4511101194134,70.6,Sehat,50.83974770852632,1797.7250000000001,5456.547534730723,3.035251517740879,SURPLUS TINGGI: auto-debit tabungan berencana + tawarkan deposito/investasi
1334,November 2019,3302.25,343.0,2188.839200693655,1329.562283532192,3108.443882299973,1456.4107993063449,536.8061177000268,1514.2915913502598,73.9,Sehat,57.88079204391489,990.675,4209.31348400258,4.248934801022111,SURPLUS TINGGI: auto-debit tabungan berencana + tawarkan deposito/investasi
1335,November 2019,8153.75,638.75,7379.238019325555,5772.455290726682,9435.716146335977,1413.261980674445,-643.2161463359771,1983.7856447684228,76.2,Sehat,570.5236640939777,1587.0285158147383,10059.412000946339,6.338520008118508,SURPLUS: auto-debit tabungan berencana setelah gajian
1340,November 2019,4489.333333333333,581.5,16304.244430152394,14659.32698673716,18068.68881709867,-11233.411096819062,-12997.85548376534,-10415.35074435448,46.4,Rentan,818.060352464581,0.0,35576.65615261477,,"DEFISIT: amankan arus kas, pangkas diskresioner & hindari utang konsumtif baru"
1341,November 2019,2529.0833333333335,0.0,4169.694781228523,3218.5611769384936,5172.06255547412,-1640.61144789519,-2642.9792221407865,-1300.5970120693462,46.7,Rentan,340.0144358258438,0.0,7266.6479412076815,,"DEFISIT: amankan arus kas, pangkas diskresioner & hindari utang konsumtif baru"
1344,November 2019,3903.5833333333335,508.1666666666667,4392.844194035345,3408.962281749905,5830.684550118131,18.905805964654974,-1418.9345501181306,275.289946458184,60.9,Waspada,256.384140493529,220.2319571665472,7648.613999236263,34.72980986792989,"SURPLUS TIPIS: bangun dana darurat dulu, mulai auto-save nominal kecil"
1345,November 2019,1385.0,148.0,4521.668203901909,3612.0860656267364,6150.085220639996,-2988.668203901909,-4617.085220639996,-2566.193070305403,52.5,Waspada,422.47513359650554,0.0,6092.405354984526,,"DEFISIT: amankan arus kas, pangkas diskresioner & hindari utang konsumtif baru"
1347,November 2019,4618.166666666667,371.5833333333333,3271.7673368954684,2284.5474397011258,4651.580639189956,1717.9826631045316,338.16936081004405,1847.8839870762204,66.6,Waspada,129.90132397168884,1385.45,4263.4744695326235,3.0773210650204796,SURPLUS TINGGI: auto-debit tabungan berencana + tawarkan deposito/investasi
1348,November 2019,0.16666666666666666,0.0,743.9973987326274,561.9557313569574,1027.1986921285545,-743.8307320659608,-1027.0320254618878,-691.4053097441795,52.7,Waspada,52.425422321781305,0.0,1397.1926933005473,,"DEFISIT: amankan arus kas, pangkas diskresioner & hindari utang konsumtif baru"
1352,November 2019,3508.5,501.1666666666667,2224.7475998430673,1392.894260676022,2983.3483698980613,1784.9190668235992,1026.3182967686053,1814.3463749938476,80.6,Sehat,29.42730817024841,1052.55,3937.709659887929,3.7411141132373085,SURPLUS TINGGI: auto-debit tabungan berencana + tawarkan deposito/investasi
1353,November 2019,3607.8333333333335,396.0833333333333,2502.7763684605043,1798.3955133980862,3757.202229920934,1501.1402982061627,246.7144367457331,1542.3336831772153,74.7,Sehat,41.19338497105275,1082.35,5213.303013802111,4.81665174278386,SURPLUS TINGGI: auto-debit tabungan berencana + tawarkan deposito/investasi
1356,November 2019,2223.0,331.0,3061.014159142306,2175.3468139673614,4148.53995427952,-507.0141591423062,-1594.5399542795203,-481.196671096485,56.5,Waspada,25.817488045821236,0.0,5405.876616810207,,"DEFISIT: amankan arus kas, pangkas diskresioner & hindari utang konsumtif baru"
1357,November 2019,950.8333333333334,343.8333333333333,3136.013021131989,2179.9734301286426,4464.520671500198,-1841.346354465322,-3169.854004833531,-1673.7531053534765,56.8,Waspada,167.5932491118456,0.0,5544.049519315398,,"DEFISIT: amankan arus kas, pangkas diskresioner & hindari utang konsumtif baru"
1358,November 2019,5744.166666666667,106.33333333333333,1097.2232191059495,704.2965183624278,1646.1168140108662,4753.276780894051,4204.383185989134,4753.276780894051,80.6,Sehat,0.0,1723.25,1475.209252953956,0.8560622387662591,SURPLUS TINGGI: auto-debit tabungan berencana + tawarkan deposito/investasi
1360,November 2019,3239.5,507.5,1606.136611016358,1110.605724844285,2387.0682296815635,2140.863388983642,1359.9317703184365,2140.863388983642,70.6,Sehat,0.0,971.8499999999999,3690.4216862173926,3.7973161354297402,SURPLUS TINGGI: auto-debit tabungan berencana + tawarkan deposito/investasi
1361,November 2019,2392.8333333333335,339.4166666666667,2730.6604445793073,1851.7241878972295,3860.082253204361,1.5895554206927045,-1127.8322532043612,95.90425033552256,61.0,Waspada,94.31469491482986,76.72340026841805,4814.379642791901,62.7498211230044,"SURPLUS TIPIS: bangun dana darurat dulu, mulai auto-save nominal kecil"
1362,November 2019,6042.5,585.25,3690.798823941793,2140.7993497221005,4965.157755764872,2936.951176058207,1662.5922442351284,3017.624232982342,80.0,Sehat,80.67305692413522,1812.75,6725.123150175584,3.709901062019354,SURPLUS TINGGI: auto-debit tabungan berencana + tawarkan deposito/investasi
1364,November 2019,0.25,202.58333333333334,624.6995442017248,452.32277497289425,871.7825450168011,-421.8662108683915,-668.9492116834678,-378.39685121191155,48.8,Rentan,43.46935965647994,0.0,1231.1615261056063,,"DEFISIT: amankan arus kas, pangkas diskresioner & hindari utang konsumtif baru"
1366,November 2019,3333.3333333333335,520.4166666666666,3410.362933365019,2501.2230158086873,4551.035604502031,443.3870666349808,-697.2856045020308,531.195024728407,71.1,Sehat,87.80795809342622,424.95601978272566,7227.551562014531,17.007763687427893,SURPLUS: auto-debit tabungan berencana setelah gajian
1367,November 2019,2854.5833333333335,264.75,2240.316163034811,1515.8307677796165,3306.948761640422,879.0171702985226,-187.61542830708868,879.0171702985226,77.0,Sehat,0.0,703.2137362388181,3737.8710717838803,5.31541248294738,SURPLUS TINGGI: auto-debit tabungan berencana + tawarkan deposito/investasi
1369,November 2019,2987.8333333333335,476.8333333333333,4014.7261323385487,3245.618584822233,5133.301344603102,-550.0594656718818,-1668.6346779364349,-207.5157923110986,52.8,Waspada,342.54367336078315,0.0,5552.664385043972,,"DEFISIT: amankan arus kas, pangkas diskresioner & hindari utang konsumtif baru"
1370,November 2019,4409.0,352.0833333333333,5167.14162893947,3807.1224419855157,6600.251843924027,-406.0582956061371,-1839.1685105906936,49.39355231916397,48.9,Rentan,455.4518479253011,39.514841855331184,7346.319821108265,185.9129247689784,"SEIMBANGKAN: ikuti budget hemat untuk menutup defisit, lalu auto-save kecil"
1371,November 2019,4127.416666666667,224.75,3081.925493225137,2144.9903412304984,4632.5880941175565,1270.24117344153,-280.4214274508895,1354.883732063477,81.4,Sehat,84.64255862194707,1083.9069856507817,6229.246253302137,5.747030267142411,SURPLUS TINGGI: auto-debit tabungan berencana + tawarkan deposito/investasi
1376,November 2019,5168.25,688.5833333333334,4953.713414650105,3852.4841572322975,6418.483476835127,903.1199186832282,-561.6501435017935,1080.8863358098806,60.6,Waspada,177.76641712665253,864.7090686479046,8941.992686506746,10.341041872602101,SURPLUS: auto-debit tabungan berencana setelah gajian
1378,November 2019,3400.8333333333335,560.5,4633.443514776211,3639.508221915199,5768.00317634108,-672.1101814428771,-1806.6698430077463,-406.1248411242325,46.7,Rentan,265.9853403186446,0.0,5497.497870252927,,"DEFISIT: amankan arus kas, pangkas diskresioner & hindari utang konsumtif baru"
1379,November 2019,2867.3333333333335,367.0833333333333,5904.108590342741,5155.296089839259,6800.017579240539,-2669.691923676074,-3565.600912573872,-2271.0875341402734,47.4,Rentan,398.6043895358008,0.0,11808.131041067503,,"DEFISIT: amankan arus kas, pangkas diskresioner & hindari utang konsumtif baru"
1381,November 2019,2459.75,740.5833333333334,5552.00983622034,4173.477307765024,7300.051197947872,-2351.6765028870063,-4099.7178646145385,-1980.7636831434127,46.1,Rentan,370.9128197435937,0.0,10052.058020429487,,"DEFISIT: amankan arus kas, pangkas diskresioner & hindari utang konsumtif baru"
1382,November 2019,2156.9166666666665,2352.5,6586.8960340881695,5850.468197090978,7544.184012885788,-2077.4793674215034,-3034.7673462191224,-1962.6509199455713,46.2,Rentan,114.82844747593197,0.0,16897.935854311894,,"DEFISIT: amankan arus kas, pangkas diskresioner & hindari utang konsumtif baru"
1383,November 2019,4994.833333333333,200.58333333333334,5982.002589612312,4804.356058677286,7308.383250804006,-786.5859229456455,-2112.96658413734,-225.96234689311882,50.8,Waspada,560.6235760525267,0.0,9633.87280992011,,"DEFISIT: amankan arus kas, pangkas diskresioner & hindari utang konsumtif baru"
1384,November 2019,1917.5833333333333,440.8333333333333,4044.3257727408104,3119.118930256307,5359.394341754956,-1685.909106074144,-3000.9776750882897,-1128.1690199767681,36.0,Rentan,557.7400860973759,0.0,4736.397007181992,,"DEFISIT: amankan arus kas, pangkas diskresioner & hindari utang konsumtif baru"
1385,November 2019,6858.166666666667,368.0833333333333,7423.1249560973065,6417.702400871104,9309.364790770955,-196.8749560973065,-2083.1147907709546,-121.90477605724925,67.6,Waspada,74.97018004005724,0.0,8283.888172446386,,"DEFISIT: amankan arus kas, pangkas diskresioner & hindari utang konsumtif baru"
1391,November 2019,4266.333333333333,190.46,7989.696063706525,6467.517723439296,9048.956304895495,-3532.902730373192,-4592.162971562162,-3021.736124242569,43.9,Rentan,511.1666061306229,0.0,15282.161632282485,,"DEFISIT: amankan arus kas, pangkas diskresioner & hindari utang konsumtif baru"
1393,November 2019,2871.6666666666665,576.75,3900.0211160200333,3004.5323043613043,4933.329347517198,-451.6044493533668,-1484.9126808505312,-210.8977257407379,54.0,Waspada,240.7067236126289,0.0,7865.358447594628,,"DEFISIT: amankan arus kas, pangkas diskresioner & hindari utang konsumtif baru"
1394,November 2019,4821.083333333333,449.8333333333333,4465.7913705474875,3213.75368571047,5766.855153955718,805.1252961191785,-495.9384872890523,1018.5837263415596,58.7,Waspada,213.45843022238103,814.8669810732476,7700.89616638957,9.45049479885275,SURPLUS: auto-debit tabungan berencana setelah gajian
1397,November 2019,3032.3333333333335,299.75,2967.5103199026053,1988.0370592849672,4145.43326312419,364.5730134307282,-813.3499297908561,457.73450594831314,60.5,Waspada,93.16149251758493,366.18760475865054,5180.942930006337,14.148329606680784,SURPLUS: auto-debit tabungan berencana setelah gajian
1398,November 2019,5905.166666666667,169.33333333333334,7551.301104234366,6441.497434060818,8546.19095171754,-1476.801104234366,-2471.690951717541,-1082.5150822531534,56.4,Waspada,394.2860219812126,0.0,16314.29683039493,,"DEFISIT: amankan arus kas, pangkas diskresioner & hindari utang konsumtif baru"
1403,November 2019,2045.4166666666667,312.8333333333333,9507.521591481183,8277.377009442454,11012.6455350572,-7149.271591481183,-8654.3955350572,-6644.676498079171,52.2,Waspada,504.5950934020122,0.0,15009.731581236916,,"DEFISIT: amankan arus kas, pangkas diskresioner & hindari utang konsumtif baru"
1404,November 2019,3039.3333333333335,274.0,2052.0744754456964,1367.489250543789,3217.0666532411487,1261.258857887637,96.26668009218474,1261.807432263685,56.5,Waspada,0.5485743760480375,911.8000000000001,3187.1281396233917,3.495424588312559,SURPLUS TINGGI: auto-debit tabungan berencana + tawarkan deposito/investasi
1405,November 2019,4062.9166666666665,363.5833333333333,5550.242601744823,4602.386175943665,7181.52217718053,-1123.7426017448233,-2755.02217718053,-619.7648767404803,49.8,Rentan,503.977725004343,0.0,8368.311362598262,,"DEFISIT: amankan arus kas, pangkas diskresioner & hindari utang konsumtif baru"
1406,November 2019,1976.5,137.83333333333334,1573.3298152570617,1016.146931346372,2264.1093079340826,541.0035180762718,-149.77597460074912,567.5706572549248,80.5,Sehat,26.567139178652894,454.05652580393985,2458.0868215091614,5.413614124710445,SURPLUS TINGGI: auto-debit tabungan berencana + tawarkan deposito/investasi
1407,November 2019,3372.75,371.3333333333333,7604.537771221943,6644.834929132054,8438.632821115765,-3860.45443788861,-4694.549487782431,-3577.6714653005124,48.0,Rentan,282.78297258809744,0.0,16423.25745430845,,"DEFISIT: amankan arus kas, pangkas diskresioner & hindari utang konsumtif baru"
1411,November 2019,5750.583333333333,179.58333333333334,5336.321661756594,4115.245573389871,6641.516173219845,593.845004910072,-711.3495065531788,1224.5811591934046,75.0,Sehat,630.7361542833326,979.6649273547237,5814.896810687789,5.9355976194729,SURPLUS: auto-debit tabungan berencana setelah gajian
1412,November 2019,4513.833333333333,539.1666666666666,6790.448805149856,5180.627720865041,8098.422717695153,-1737.4488051498556,-3045.4227176951526,-974.6041517901687,44.4,Rentan,762.844653359687,0.0,8531.589292931962,,"DEFISIT: amankan arus kas, pangkas diskresioner & hindari utang konsumtif baru"
1413,November 2019,2597.5,169.08333333333334,3160.115355853296,2477.078446482458,4259.199816893499,-393.53202251996254,-1492.6164835601653,-393.53202251996254,56.7,Waspada,0.0,0.0,7612.168037403351,,"DEFISIT: amankan arus kas, pangkas diskresioner & hindari utang konsumtif baru"
1416,November 2019,4062.5,448.9166666666667,5459.665703667657,4451.316476095826,7126.919507840681,-948.24903700099,-2615.502841174014,-113.62367981543036,50.4,Waspada,834.6253571855597,0.0,5599.150595503916,,"DEFISIT: amankan arus kas, pangkas diskresioner & hindari utang konsumtif baru"
1417,November 2019,4390.0,367.5833333333333,4087.014823287594,2978.6673768103055,5532.67711759676,670.568510045739,-775.0937842634266,744.9667664782534,78.2,Sehat,74.39825643251433,595.9734131826027,8171.602953791293,13.711354857515367,SURPLUS: auto-debit tabungan berencana setelah gajian
1421,November 2019,2748.75,352.4166666666667,2261.001823235952,1469.958641856626,3418.203230418403,840.1648434307144,-317.0365637517366,840.1648434307144,81.4,Sehat,0.0,672.1318747445716,5195.108750903482,7.72929977897234,SURPLUS TINGGI: auto-debit tabungan berencana + tawarkan deposito/investasi
1422,November 2019,3004.3333333333335,308.75,3181.9861100067337,2358.0909858842997,4246.304387536932,131.09722332659976,-933.2210542035987,389.21724214991946,74.3,Sehat,258.1200188233197,311.3737937199356,4696.108784651782,15.08190117269691,SURPLUS: auto-debit tabungan berencana setelah gajian
1424,November 2019,1279.0,2186.5,4349.317004259515,3911.4354450780784,5272.897719411139,-883.8170042595148,-1807.3977194111394,-843.3875193995715,56.7,Waspada,40.42948485994324,0.0,11163.790245928927,,"DEFISIT: amankan arus kas, pangkas diskresioner & hindari utang konsumtif baru"
1425,November 2019,1602.0833333333333,231.75,3835.710931094461,3120.97856595726,4944.8949710946235,-2001.8775977611278,-3111.0616377612905,-1763.1327832103848,56.3,Waspada,238.74481455074317,0.0,8015.283821447483,,"DEFISIT: amankan arus kas, pangkas diskresioner & hindari utang konsumtif baru"
1427,November 2019,8406.666666666666,356.5,4964.921620896942,3066.620477143797,6839.668115412055,3798.245045769724,1923.498551254611,4028.022448167808,66.9,Waspada,229.77740239808372,2521.9999999999995,7250.096105847332,2.874740723968015,SURPLUS TINGGI: auto-debit tabungan berencana + tawarkan deposito/investasi
1428,November 2019,2372.6666666666665,172.16666666666666,1187.3010543413616,889.1095388743297,1518.5997196912285,1357.5322789919715,1026.2336136421045,1357.5322789919715,75.8,Sehat,0.0,711.8,2968.232036687567,4.170036578656318,SURPLUS TINGGI: auto-debit tabungan berencana + tawarkan deposito/investasi
1429,November 2019,2796.3333333333335,435.25,3510.249180673536,2376.7214301501162,5054.328974041437,-278.6658473402026,-1822.745640708103,-190.51393180193472,64.8,Waspada,88.1519155382679,0.0,4739.872500783021,,"DEFISIT: amankan arus kas, pangkas diskresioner & hindari utang konsumtif baru"
1430,November 2019,2803.5,545.3333333333334,3923.0045911280886,2805.3657081394467,5470.451198145608,-574.1712577947551,-2121.6178648122745,-262.0691321405801,45.8,Rentan,312.102125654175,0.0,6143.650632900283,,"DEFISIT: amankan arus kas, pangkas diskresioner & hindari utang konsumtif baru"
1432,November 2019,5812.25,322.0833333333333,5086.4142093646415,3791.29938622951,6363.944629059508,1047.9191239686916,-229.61129572617483,1297.7166428218227,80.1,Sehat,249.79751885313118,1038.1733142574583,9201.561719004898,8.863223117602681,SURPLUS: auto-debit tabungan berencana setelah gajian
1433,November 2019,4005.0,559.8333333333334,5563.501855623793,4749.017660577409,6864.817280293848,-998.6685222904598,-2299.983946960515,-578.0576363344924,43.8,Rentan,420.6108859559674,0.0,8699.10212963647,,"DEFISIT: amankan arus kas, pangkas diskresioner & hindari utang konsumtif baru"
1434,November 2019,3407.5833333333335,439.0833333333333,1639.411848580025,1056.1086542991602,2425.7339952112507,2207.254818086642,1420.9326714554163,2245.1124602627883,70.9,Sehat,37.8576421761464,1022.275,3080.12275178025,3.0130079986111857,SURPLUS TINGGI: auto-debit tabungan berencana + tawarkan deposito/investasi
1435,November 2019,7668.083333333333,707.6866666666666,7146.873240694417,5932.882998626347,8544.73087868794,1228.8967593055831,-168.96087868793984,1524.047061402028,76.7,Sehat,295.1503020964449,1219.2376491216226,13759.960128028259,11.285708030703752,SURPLUS: auto-debit tabungan berencana setelah gajian
1437,November 2019,3733.9166666666665,324.8333333333333,3426.1077570816205,2485.945166426601,4549.863282401373,632.6422429183795,-491.113282401373,846.1036525422071,79.5,Sehat,213.4614096238276,676.8829220337657,4217.255572733308,6.230406227508476,SURPLUS: auto-debit tabungan berencana setelah gajian
1439,November 2019,2447.5833333333335,30.0,1431.203833661039,1030.7181230380222,1849.3162697898144,1046.3794996722945,628.267063543519,1046.3794996722945,79.2,Sehat,0.0,734.275,1814.4768043098234,2.4711134170574014,SURPLUS TINGGI: auto-debit tabungan berencana + tawarkan deposito/investasi
1442,November 2019,2536.0,255.25,5315.0880390146685,4382.346902981571,6656.339179421568,-2523.8380390146685,-3865.0891794215677,-2280.8822855901253,27.1,Rentan,242.95575342454305,0.0,10902.956211232431,,"DEFISIT: amankan arus kas, pangkas diskresioner & hindari utang konsumtif baru"
1443,November 2019,2918.0,349.6666666666667,5280.364969743227,4295.40657384034,6446.536829647636,-2012.698303076561,-3178.87016298097,-1398.4885744110034,38.0,Rentan,614.2097286655575,0.0,6969.060538200348,,"DEFISIT: amankan arus kas, pangkas diskresioner & hindari utang konsumtif baru"
1444,November 2019,5573.75,533.9166666666666,8277.736241202503,6365.143341215053,9836.528119222727,-2170.069574535836,-3728.8614525560597,-1369.6830471428866,35.2,Rentan,800.3865273929497,0.0,11107.01798774517,,"DEFISIT: amankan arus kas, pangkas diskresioner & hindari utang konsumtif baru"
1445,November 2019,2328.25,489.0,2490.7867630981905,1930.9946152323137,3465.1854069643887,326.4632369018095,-647.9354069643887,387.4093086915162,84.3,Sehat,60.94607178970666,309.92744695321295,4960.483849250899,16.005306719413397,SURPLUS: auto-debit tabungan berencana setelah gajian
1446,November 2019,2346.9166666666665,398.1666666666667,2283.2869372187283,1622.6387518799304,3199.7135912623985,461.7963961146047,-454.63025792906546,597.7354226265136,66.2,Waspada,135.93902651190882,478.1883381012109,3789.8541544680847,7.925442451225031,SURPLUS TINGGI: auto-debit tabungan berencana + tawarkan deposito/investasi
1448,November 2019,3211.5833333333335,450.3333333333333,5873.831080988269,4998.87743826312,7036.889927521111,-2211.9144143216017,-3374.9732608544437,-2082.350706701863,61.5,Waspada,129.56370761973866,0.0,14395.075338327246,,"DEFISIT: amankan arus kas, pangkas diskresioner & hindari utang konsumtif baru"
1449,November 2019,2342.0,457.9166666666667,3001.108201634258,2247.278713880825,3841.261640251215,-201.19153496759145,-1041.3449735845484,-123.96760414558021,66.7,Waspada,77.22393082201124,0.0,4806.015074090248,,"DEFISIT: amankan arus kas, pangkas diskresioner & hindari utang konsumtif baru"
1451,November 2019,1423.1666666666667,476.9166666666667,8905.926491985889,7891.31305914892,9929.326092368055,-7005.843158652555,-8029.2427590347215,-6492.158888978039,45.9,Rentan,513.6842696745161,0.0,18139.299923461844,,"DEFISIT: amankan arus kas, pangkas diskresioner & hindari utang konsumtif baru"
1452,November 2019,16147.75,4409.916666666667,11982.439491572248,8581.268148791085,14080.229375002868,8575.22717509442,6477.4372916638,8957.911667126058,77.1,Sehat,382.6844920316373,4844.325,25313.886577191726,5.225472398567752,SURPLUS TINGGI: auto-debit tabungan berencana + tawarkan deposito/investasi
1453,November 2019,3010.1666666666665,499.0,4404.6972838311485,3616.262218959048,5316.051645494727,-895.530617164482,-1806.8849788280609,-801.0915099718197,45.0,Rentan,94.43910719266225,0.0,10268.854920938387,,"DEFISIT: amankan arus kas, pangkas diskresioner & hindari utang konsumtif baru"
1455,November 2019,2860.8333333333335,259.5833333333333,2115.7234840794426,1403.3331532509599,3163.71999837552,1004.6931825872243,-43.303331708852966,1078.7882696943668,78.0,Sehat,74.09508710714243,858.25,3706.8688848880065,4.319101526231292,SURPLUS TINGGI: auto-debit tabungan berencana + tawarkan deposito/investasi
1456,November 2019,2602.5833333333335,198.83333333333334,6082.556178911651,5334.429610599473,6883.724165751661,-3281.139512244984,-4082.3074990849937,-2896.136351531721,43.2,Rentan,385.00316071326284,0.0,5260.663660822951,,"DEFISIT: amankan arus kas, pangkas diskresioner & hindari utang konsumtif baru"
1458,November 2019,2979.5833333333335,212.5,2440.305650707691,1543.1534857791721,3282.7584874851937,751.7776826256427,-90.67515415186017,751.7776826256427,77.3,Sehat,0.0,601.4221461005142,4286.163694422891,7.12671410957081,SURPLUS TINGGI: auto-debit tabungan berencana + tawarkan deposito/investasi
1459,November 2019,2614.0833333333335,2207.0833333333335,5074.0333127862505,3975.179550021162,5617.209651354767,-252.8666461195835,-796.0429846880998,-252.8666461195835,70.7,Sehat,0.0,0.0,12730.20347312799,,"DEFISIT: amankan arus kas, pangkas diskresioner & hindari utang konsumtif baru"
1461,November 2019,4003.1666666666665,528.25,2723.844471713358,2042.5181836315937,3906.1438075865126,1807.572194953308,625.2728590801535,1807.572194953308,79.7,Sehat,0.0,1200.9499999999998,6022.743287752664,5.014982545278875,SURPLUS TINGGI: auto-debit tabungan berencana + tawarkan deposito/investasi
1463,November 2019,813.8333333333334,173.58333333333334,5325.351682562077,4621.81909297223,5891.191478471513,-4337.93501589541,-4903.774811804846,-4156.847005597806,64.5,Waspada,181.08801029760428,0.0,3543.310738122531,,"DEFISIT: amankan arus kas, pangkas diskresioner & hindari utang konsumtif baru"
1464,November 2019,4130.75,179.16666666666666,5887.693897398689,4685.159569918129,7323.874647326334,-1577.777230732022,-3013.9579806596666,-1547.203938633628,52.6,Waspada,30.573292098394006,0.0,7057.726376347785,,"DEFISIT: amankan arus kas, pangkas diskresioner & hindari utang konsumtif baru"
1466,November 2019,2994.4166666666665,288.4166666666667,3807.7853531282562,3182.560994930081,4658.44284158202,-524.9520197949232,-1375.6095082486872,-204.154096578809,59.5,Waspada,320.7979232161142,0.0,7036.722679856473,,"DEFISIT: amankan arus kas, pangkas diskresioner & hindari utang konsumtif baru"
1467,November 2019,4437.833333333333,400.0833333333333,4181.358702464936,3304.763275451704,5813.114853562657,656.5579642017301,-975.1981868959911,680.4728208440542,74.3,Sehat,23.914856642324168,544.3782566752434,9445.31810616248,17.350652768259295,SURPLUS: auto-debit tabungan berencana setelah gajian
1470,November 2019,1864.25,55.75,2099.396544166317,1476.0026995763658,2880.903804810074,-179.3965441663172,-960.9038048100738,-62.84137600659221,58.6,Waspada,116.55516815972499,0.0,3028.486302355199,,"DEFISIT: amankan arus kas, pangkas diskresioner & hindari utang konsumtif baru"
1471,November 2019,1823.0,173.0,3192.3545999908374,2806.6473462890526,3779.4444636386447,-1196.3545999908374,-1783.4444636386447,-1076.9766026483544,61.7,Waspada,119.37799734248298,0.0,7707.750140043434,,"DEFISIT: amankan arus kas, pangkas diskresioner & hindari utang konsumtif baru"
1473,November 2019,3452.25,417.75,2593.872484949269,1795.3972940591927,3517.036289460604,1276.1275150507308,352.96371053939583,1357.5646147697016,79.5,Sehat,81.43709971897087,1035.675,4648.7902214297765,4.488657369763465,SURPLUS TINGGI: auto-debit tabungan berencana + tawarkan deposito/investasi
1475,November 2019,3525.5,489.75,5042.303277062075,4330.261589829497,5922.642900329463,-1027.0532770620748,-1907.3929003294634,-487.6423748835564,51.2,Waspada,539.4109021785184,0.0,7527.9146094648095,,"DEFISIT: amankan arus kas, pangkas diskresioner & hindari utang konsumtif baru"
1477,November 2019,3896.9166666666665,631.0,2980.816198154823,2055.127505960352,3907.581017237728,1547.1004685118432,620.3356494289383,1587.3858472639995,72.4,Sehat,40.28537875215616,1169.0749999999998,4520.496059179679,3.8667288746912556,SURPLUS TINGGI: auto-debit tabungan berencana + tawarkan deposito/investasi
1478,November 2019,3708.8333333333335,495.3333333333333,3688.020923625042,2683.2482633288014,4778.566161656416,516.1457430416249,-574.3994949897487,718.4068382065658,82.5,Sehat,202.26109516494088,574.7254705652526,6593.11611689225,11.471766007530176,SURPLUS: auto-debit tabungan berencana setelah gajian
1479,November 2019,2219.25,433.9166666666667,2011.81332352583,1322.0221122808487,2594.9020905858874,641.3533431408366,58.26457608077908,678.3449471358819,84.1,Sehat,36.99160399504526,542.6759577087055,4084.141776524296,7.525930932647947,SURPLUS TINGGI: auto-debit tabungan berencana + tawarkan deposito/investasi
1482,November 2019,7429.333333333333,404.0,5358.515984716068,3803.6341934490097,7041.732066748277,2474.8173486172655,791.6012665850558,2761.1398856286714,67.0,Waspada,286.3225370114059,2208.9119085029374,8237.336747218655,3.72913773315723,SURPLUS TINGGI: auto-debit tabungan berencana + tawarkan deposito/investasi
1484,November 2019,4811.0,421.5833333333333,5176.31536997894,4003.3914733791544,6399.061846352384,56.26796335439303,-1166.4785130190512,251.6938757752612,70.8,Sehat,195.42591242086817,201.355100620209,7771.108353187718,38.594047676226445,"SURPLUS TIPIS: bangun dana darurat dulu, mulai auto-save nominal kecil"
1485,November 2019,4146.333333333333,158.08333333333334,4333.872097515152,2987.7815735265394,5487.627044258702,-29.455430848485776,-1183.210377592036,282.2615236798006,49.7,Rentan,311.71695452828635,225.80921894384048,4941.099412998607,21.88174351830815,"SEIMBANGKAN: ikuti budget hemat untuk menutup defisit, lalu auto-save kecil"
1486,November 2019,1942.25,188.75,1496.0750369098537,969.585071779121,1921.7531921797054,634.9249630901463,209.24680782029463,635.8469811955856,86.4,Sehat,0.9220181054392356,508.67758495646854,3123.7304514146504,6.140884803646247,SURPLUS TINGGI: auto-debit tabungan berencana + tawarkan deposito/investasi
1487,November 2019,6705.333333333333,352.6666666666667,9811.747367212427,7702.960060742115,11336.497636897375,-2753.747367212427,-4278.497636897375,-1386.943120826538,47.0,Rentan,1366.804246385889,0.0,10115.718555147825,,"DEFISIT: amankan arus kas, pangkas diskresioner & hindari utang konsumtif baru"
1488,November 2019,3424.25,205.75,2774.7114842350156,1935.068918898315,4067.817501260761,855.2885157649844,-437.8175012607612,1021.5804083318078,67.5,Waspada,166.29189256682338,817.2643266654463,4487.763168215397,5.491201587772837,SURPLUS TINGGI: auto-debit tabungan berencana + tawarkan deposito/investasi
1490,November 2019,3486.5833333333335,636.8333333333334,3475.3599886492284,2522.1628568206916,4465.009041220142,648.0566780174386,-341.59237455347466,777.75491498521,82.0,Sehat,129.6982369677715,622.203931988168,5230.874350833998,8.407009473757984,SURPLUS: auto-debit tabungan berencana setelah gajian
1492,November 2019,4719.583333333333,379.1666666666667,4403.234650933722,2988.8986198167113,6098.338726012626,695.5153490662778,-999.5887260126256,1059.6319453272845,77.3,Sehat,364.1165962610065,847.7055562618276,6793.617810177985,8.01412443270534,SURPLUS: auto-debit tabungan berencana setelah gajian
1493,November 2019,4544.75,454.5833333333333,5676.326626753693,4250.597247308857,7039.835370298731,-676.9932934203598,-2040.5020369653976,-675.0832662201599,62.1,Waspada,1.9100272001999343,0.0,4210.815375264262,,"DEFISIT: amankan arus kas, pangkas diskresioner & hindari utang konsumtif baru"
1494,November 2019,2410.9166666666665,174.66666666666666,1812.1006137537813,1189.6907295846881,2398.2977706130564,773.4827195795517,187.28556272027663,774.1469344751329,80.6,Sehat,0.66421489558115,619.3175475801063,3841.521431242524,6.20282994766209,SURPLUS TINGGI: auto-debit tabungan berencana + tawarkan deposito/investasi
1495,November 2019,5286.083333333333,595.25,5769.560155749662,4478.9665632071965,7230.592808490637,111.77317758367099,-1349.2594751573042,790.5582009769563,62.8,Waspada,678.7850233932853,632.446560781565,6861.209892542478,10.848679268748857,SURPLUS: auto-debit tabungan berencana setelah gajian
1497,November 2019,2962.75,327.1666666666667,3656.274904234131,2989.085231686548,4653.453709075007,-366.3582375674646,-1363.5370424083408,5.280677851794167,41.1,Rentan,371.63891541925875,4.224542281435333,4088.337902698593,967.7587843456349,"SEIMBANGKAN: ikuti budget hemat untuk menutup defisit, lalu auto-save kecil"
1498,November 2019,4232.5,216.08333333333334,3367.3307085621464,2106.382755131146,5496.151097521082,1081.2526247711867,-1047.5677641877492,1491.4124794786478,68.2,Waspada,410.1598547074612,1193.1299835829184,6619.112901736604,5.547688007856186,SURPLUS TINGGI: auto-debit tabungan berencana + tawarkan deposito/investasi
1499,November 2019,3440.5833333333335,255.33333333333334,1783.13552709702,1122.2949463389218,2468.8204209753208,1912.781139569647,1227.0962456913462,1912.781139569647,67.6,Waspada,0.0,1032.175,3446.3863558789435,3.3389554638302066,SURPLUS TINGGI: auto-debit tabungan berencana + tawarkan deposito/investasi
1500,November 2019,4408.666666666667,293.75,3725.8443568890134,2702.179536854706,4943.476378470399,976.5723097776536,-241.05971180373217,1236.7651139403197,62.1,Waspada,260.1928041626662,989.4120911522558,6502.173129763077,6.571754264889501,SURPLUS TINGGI: auto-debit tabungan berencana + tawarkan deposito/investasi
1503,November 2019,3585.0833333333335,472.9166666666667,2308.2789850234212,1473.4452068238124,3351.883763170237,1749.7210149765788,706.1162368297628,1801.8446753560115,65.1,Waspada,52.123660379432664,1075.525,3925.0439360639693,3.6494213858943017,SURPLUS TINGGI: auto-debit tabungan berencana + tawarkan deposito/investasi
1504,November 2019,1068.8333333333333,407.3333333333333,2897.988185187225,2120.9697134269745,3401.6082827832083,-1421.8215185205586,-1925.4416161165418,-1193.8594171519962,53.1,Waspada,227.96210136856234,0.0,4499.882320327678,,"DEFISIT: amankan arus kas, pangkas diskresioner & hindari utang konsumtif baru"
1507,November 2019,3695.3333333333335,329.5833333333333,1813.2881747822898,1142.8224641705308,2679.4815002318805,2211.628491884377,1345.4351664347864,2211.628491884377,79.5,Sehat,0.0,1108.6,3644.903253149689,3.287843454040853,SURPLUS TINGGI: auto-debit tabungan berencana + tawarkan deposito/investasi
1508,November 2019,3249.9166666666665,95.0,1588.2415692113577,1102.6031314546487,2341.9375482525775,1756.6750974553088,1002.979118414089,1756.6750974553088,70.7,Sehat,0.0,974.9749999999999,2973.7184094922095,3.050045805781902,SURPLUS TINGGI: auto-debit tabungan berencana + tawarkan deposito/investasi
1509,November 2019,3923.9166666666665,330.3333333333333,3349.9483415021605,2328.8282690958163,3884.1910674624582,904.3016584978395,370.05893253754175,1102.6011312785713,82.5,Sehat,198.29947278073172,882.0809050228571,5372.589304940521,6.090812389597418,SURPLUS TINGGI: auto-debit tabungan berencana + tawarkan deposito/investasi
1511,November 2019,4023.25,241.75,3691.6064848123633,2759.6221369990803,4607.042795355475,573.3935151876367,-342.0427953554754,835.717403790134,68.7,Waspada,262.3238886024973,668.5739230321072,5592.565328290741,8.364916930842016,SURPLUS: auto-debit tabungan berencana setelah gajian
1512,November 2019,5584.0,488.8333333333333,3880.2349300722867,2696.5419735486175,5377.477262284791,2192.5984032610463,695.3560710485417,2267.096569334596,83.1,Sehat,74.49816607354965,1675.2,6345.413237473199,3.7878541293416896,SURPLUS TINGGI: auto-debit tabungan berencana + tawarkan deposito/investasi
1513,November 2019,5478.0,509.5833333333333,5999.375338084888,4367.070228725628,7300.713219366706,-11.792004751555396,-1313.1298860333727,223.86689214640725,57.1,Waspada,235.65889689796265,179.0935137171258,12342.133735460915,68.91446529412025,"SEIMBANGKAN: ikuti budget hemat untuk menutup defisit, lalu auto-save kecil"
1514,November 2019,3077.0833333333335,553.0,2607.002737656681,1813.9123271475491,3567.803687731616,1023.0805956766526,62.279645601717675,1093.6387865319066,73.4,Sehat,70.55819085525394,874.9110292255253,4377.850068070526,5.003766008008626,SURPLUS TINGGI: auto-debit tabungan berencana + tawarkan deposito/investasi
1515,November 2019,2538.0833333333335,98.91666666666667,3582.515644939357,2857.016650568381,4628.60869932461,-945.5156449393571,-1991.60869932461,-559.5503699421988,44.0,Rentan,385.96527499715825,0.0,3926.2965831872307,,"DEFISIT: amankan arus kas, pangkas diskresioner & hindari utang konsumtif baru"
1516,November 2019,5735.583333333333,538.6666666666666,4968.467190511433,3649.5348028570043,6464.909297313351,1305.7828094885672,-190.6592973133511,1668.796207009033,83.4,Sehat,363.01339752046584,1335.0369656072264,8565.600846493488,6.416002752850758,SURPLUS TINGGI: auto-debit tabungan berencana + tawarkan deposito/investasi
1517,November 2019,10295.0,389.3333333333333,4716.0800012808395,3566.4978684738517,6259.767694137576,5968.253332052494,4424.565639195758,6062.555359418816,75.2,Sehat,94.30202736632178,3088.5,7545.230599772632,2.4430081268488366,SURPLUS TINGGI: auto-debit tabungan berencana + tawarkan deposito/investasi
1518,November 2019,3148.75,247.58333333333334,2948.751526908148,2132.6478920126665,3892.7538288442784,447.5818064251853,-496.4204955109449,522.13477551004,76.2,Sehat,74.55296908485465,417.707820408032,5196.265434744337,12.439952476035613,SURPLUS: auto-debit tabungan berencana setelah gajian
1519,November 2019,3334.3333333333335,207.08333333333334,2871.6939599518428,1950.4819409908537,3968.295131860742,669.7227067148242,-426.87846519407503,767.5411323628748,78.1,Sehat,97.81842564805055,614.0329058902998,4550.538518249006,7.410903348332904,SURPLUS: auto-debit tabungan berencana setelah gajian
1520,November 2019,3934.4166666666665,164.41666666666666,3699.754019310967,3166.8109727638503,6698.856363171382,399.0793140223659,-2600.0230298380493,399.0793140223659,88.1,Sehat,0.0,319.26345121789274,9496.485919860064,29.744982971379486,"SURPLUS TIPIS: bangun dana darurat dulu, mulai auto-save nominal kecil"
1521,November 2019,1631.75,426.8333333333333,2007.8771559542881,1377.020526206008,2883.3303924355855,50.70617737904536,-824.747059102252,113.74022955851612,63.9,Waspada,63.03405217947076,90.9921836468129,4002.7832559616827,43.990407698077966,"SURPLUS TIPIS: bangun dana darurat dulu, mulai auto-save nominal kecil"
1523,November 2019,3305.0833333333335,374.6666666666667,1832.518869376107,1304.5269511982663,2937.8710249713185,1847.231130623893,741.8789750286815,1874.7617821862646,77.9,Sehat,27.530651562371457,991.525,3728.7403392900324,3.760611521938461,SURPLUS TINGGI: auto-debit tabungan berencana + tawarkan deposito/investasi
1525,November 2019,3249.5,288.3333333333333,2815.361332101828,1926.1119384357442,3665.7712421709684,722.4720012315056,-127.93790883763495,727.0364907422077,84.1,Sehat,4.564489510702117,581.6291925937661,4557.453955586419,7.835669209213049,SURPLUS: auto-debit tabungan berencana setelah gajian
1526,November 2019,2844.75,215.08333333333334,2413.9218800170956,1615.5160170116205,3417.5891423968583,645.9114533162378,-357.7558090635248,700.4540217677817,65.4,Waspada,54.54256845154381,560.3632174142253,3576.616791915007,6.382675880153534,SURPLUS: auto-debit tabungan berencana setelah gajian
1527,November 2019,4210.25,466.3333333333333,4220.091068379155,2844.3960148485016,5461.165610437309,456.4922649541777,-784.5822771039757,713.3184329497929,56.4,Waspada,256.8261679956152,570.6547463598343,7053.871645294294,12.361014589452614,SURPLUS: auto-debit tabungan berencana setelah gajian
1528,November 2019,2332.6666666666665,335.3333333333333,10111.011550995545,9385.17845011022,11100.479118166473,-7443.011550995545,-8432.479118166473,-7182.364317393545,57.8,Waspada,260.64723360200014,0.0,5457.07010467375,,"DEFISIT: amankan arus kas, pangkas diskresioner & hindari utang konsumtif baru"
1529,November 2019,6358.75,447.1666666666667,5434.988424896217,3996.9266716813245,7053.259346267466,1370.9282417704499,-247.34267960079887,1929.433247471497,72.2,Sehat,558.505005701047,1543.5465979771977,6147.913394212686,3.9829788114394895,SURPLUS TINGGI: auto-debit tabungan berencana + tawarkan deposito/investasi
1530,November 2019,148.75,370.1666666666667,815.699123804639,444.4528291812938,1233.8349801203547,-296.7824571379723,-714.9183134536879,-268.3350341934789,47.3,Rentan,28.44742294449336,0.0,2043.6803290576415,,"DEFISIT: amankan arus kas, pangkas diskresioner & hindari utang konsumtif baru"
1531,November 2019,2466.1666666666665,170.41666666666666,1924.4916588002143,1305.3845269929925,2521.7350602527763,712.0916745331187,114.84827308055674,712.0916745331187,85.4,Sehat,0.0,569.673339626495,3852.5643770161823,6.762760531398761,SURPLUS TINGGI: auto-debit tabungan berencana + tawarkan deposito/investasi
1533,November 2019,4117.666666666667,342.3333333333333,4914.438281974217,3613.033869710519,6554.995977249051,-454.4382819742168,-2094.995977249051,-46.11439771605427,58.1,Waspada,408.32388425816254,0.0,7623.309619325472,,"DEFISIT: amankan arus kas, pangkas diskresioner & hindari utang konsumtif baru"
1534,November 2019,6732.833333333333,483.5833333333333,9652.82278249555,8110.096821484964,11598.543524526078,-2436.406115828884,-4382.126857859412,-2100.563890888682,58.1,Waspada,335.8422249402022,0.0,22173.949571665755,,"DEFISIT: amankan arus kas, pangkas diskresioner & hindari utang konsumtif baru"
1535,November 2019,2775.9166666666665,236.25,3238.0295906021056,2434.6207786010937,4151.113992019336,-225.86292393543908,-1138.9473253526698,72.33677329049965,43.3,Rentan,298.19969722593873,57.86941863239972,5029.665425017727,86.91404793553147,"SEIMBANGKAN: ikuti budget hemat untuk menutup defisit, lalu auto-save kecil"
1538,November 2019,1964.3333333333333,201.66666666666666,3792.717917793243,3129.5810309079843,4825.239592551369,-1626.717917793243,-2659.2395925513692,-1537.7123936325222,51.1,Waspada,89.00552416072085,0.0,8122.588499111569,,"DEFISIT: amankan arus kas, pangkas diskresioner & hindari utang konsumtif baru"
1540,November 2019,3736.5833333333335,519.1666666666666,7584.331931209414,6545.361728050387,8588.63603837544,-3328.5819312094136,-4332.88603837544,-3095.3672105436744,47.8,Rentan,233.21472066573898,0.0,16594.180359445872,,"DEFISIT: amankan arus kas, pangkas diskresioner & hindari utang konsumtif baru"
1541,November 2019,3118.5,362.5833333333333,4376.814987943619,3607.490788484388,5347.863538775782,-895.7316546102852,-1866.7802054424487,-821.2344979490405,38.6,Rentan,74.49715666124476,0.0,8452.254616773103,,"DEFISIT: amankan arus kas, pangkas diskresioner & hindari utang konsumtif baru"
1542,November 2019,4630.416666666667,216.33333333333334,1851.6985371469568,1374.321291509975,2219.4359606672024,2995.051462853043,2627.3140393327976,3223.964784078502,81.2,Sehat,228.91332122545853,1389.125,2241.9213116205424,1.6139089798402178,SURPLUS TINGGI: auto-debit tabungan berencana + tawarkan deposito/investasi
1543,November 2019,8830.25,558.1666666666666,9915.344509881508,8267.840918472644,11514.41343157828,-526.9278432148421,-2125.9967649116134,-292.79612838431177,67.1,Waspada,234.13171483053037,0.0,23824.499624081196,,"DEFISIT: amankan arus kas, pangkas diskresioner & hindari utang konsumtif baru"
1544,November 2019,2778.25,245.25,6041.156158039044,5152.416012443693,6958.31064293903,-3017.6561580390444,-3934.81064293903,-2810.989835917568,39.4,Rentan,206.66632212147633,0.0,14522.270933750315,,"DEFISIT: amankan arus kas, pangkas diskresioner & hindari utang konsumtif baru"
1546,November 2019,3361.3333333333335,445.0833333333333,3020.0809789491996,1962.4765660191417,3945.157011937081,786.3356877174674,-138.74034527041385,942.5700365198971,59.0,Waspada,156.23434880242976,754.0560292159178,5335.730446989312,7.0760397639649,SURPLUS TINGGI: auto-debit tabungan berencana + tawarkan deposito/investasi
1549,November 2019,5279.583333333333,306.9166666666667,3643.4328022074505,2393.647289813799,5089.8445675463745,1943.0671977925495,496.6554324536255,1943.0671977925495,73.3,Sehat,0.0,1554.4537582340397,6758.78950846631,4.348015804693176,SURPLUS TINGGI: auto-debit tabungan berencana + tawarkan deposito/investasi
1551,November 2019,2974.9166666666665,537.5833333333334,8562.118305947328,7563.353453290574,9685.038148136666,-5049.618305947328,-6172.538148136666,-4681.411253378834,48.4,Rentan,368.20705256849436,0.0,19339.103386891264,,"DEFISIT: amankan arus kas, pangkas diskresioner & hindari utang konsumtif baru"
1552,November 2019,3787.5,280.0,4800.014950967661,3955.577894539936,6016.666079976626,-732.5149509676612,-1949.166079976626,-638.6105119425077,48.2,Rentan,93.90443902515344,0.0,10971.901975731691,,"DEFISIT: amankan arus kas, pangkas diskresioner & hindari utang konsumtif baru"
1555,November 2019,3309.0,311.1666666666667,2790.046939920966,1966.7603047096436,3865.384560264032,830.1197267457005,-245.21789359736567,861.1113473539831,71.2,Sehat,30.991620608282552,688.8890778831865,3890.5332214696664,5.647546675329023,SURPLUS TINGGI: auto-debit tabungan berencana + tawarkan deposito/investasi
1556,November 2019,4023.0833333333335,379.6666666666667,2206.9413487449506,1422.477832186968,3284.7924094952255,2195.8086512550494,1117.9575905047745,2195.8086512550494,81.3,Sehat,0.0,1206.925,4293.3160737741655,3.557235183440699,SURPLUS TINGGI: auto-debit tabungan berencana + tawarkan deposito/investasi
1557,November 2019,4024.5833333333335,268.1666666666667,2085.065967168759,1285.9602627603715,3061.0963579322506,2207.684032831241,1231.6536420677494,2207.684032831241,73.1,Sehat,0.0,1207.375,2537.951001736399,2.102040378288766,SURPLUS TINGGI: auto-debit tabungan berencana + tawarkan deposito/investasi
1558,November 2019,4277.5,270.49833333333333,7786.441561897375,6757.247713550731,8939.875129341191,-3238.4432285640423,-4391.8767960078585,-3202.714625376957,44.5,Rentan,35.72860318708513,0.0,22354.55894663298,,"DEFISIT: amankan arus kas, pangkas diskresioner & hindari utang konsumtif baru"
1559,November 2019,4903.833333333333,2260.6666666666665,9237.957338473814,8342.695897480215,10884.951081814474,-2073.457338473814,-3720.4510818144736,-1589.2836118162988,44.4,Rentan,484.17372665751526,0.0,16849.962560508535,,"DEFISIT: amankan arus kas, pangkas diskresioner & hindari utang konsumtif baru"
1560,November 2019,1537.6666666666667,334.5,2490.7364991053723,1683.810524570693,3235.600638141173,-618.5698324387056,-1363.4339714745063,-455.44344775154264,52.9,Waspada,163.12638468716295,0.0,3180.1860521546364,,"DEFISIT: amankan arus kas, pangkas diskresioner & hindari utang konsumtif baru"
1561,November 2019,4251.166666666667,977.25,4859.347614071616,3428.6826334709613,6559.583541946097,369.0690525950513,-1331.1668752794303,526.2357454230655,79.9,Sehat,157.1666928280142,420.98859633845245,7497.603900959202,17.80951780207255,"SURPLUS TIPIS: bangun dana darurat dulu, mulai auto-save nominal kecil"
1562,November 2019,2127.0,402.4166666666667,2149.565540871317,1495.9297333003783,2791.0089566368806,379.8511257953496,-261.5922899702141,382.2123235311541,76.6,Sehat,2.361197735804488,305.7698588249233,4548.921824213661,14.876946477639144,SURPLUS: auto-debit tabungan berencana setelah gajian
1563,November 2019,1881.9166666666667,375.1666666666667,3516.4730808680665,3004.4559680218185,4065.0209947612616,-1259.389747534733,-1807.937661427928,-1134.3191754200127,38.8,Rentan,125.07057211472036,0.0,8076.173009630233,,"DEFISIT: amankan arus kas, pangkas diskresioner & hindari utang konsumtif baru"
1564,November 2019,3162.25,519.1666666666666,2440.5202341577155,1682.8079526820327,3420.4700341619173,1240.896432508951,260.94663250474923,1280.4387077827155,72.8,Sehat,39.54227527376441,948.675,4323.62637411786,4.557542229022436,SURPLUS TINGGI: auto-debit tabungan berencana + tawarkan deposito/investasi
1567,November 2019,3381.3333333333335,129.25,4819.566636157618,3809.571935010936,5941.446054873938,-1308.9833028242842,-2430.8627215406045,-1299.6995833221804,61.0,Waspada,9.283719502103878,0.0,2802.8881282603443,,"DEFISIT: amankan arus kas, pangkas diskresioner & hindari utang konsumtif baru"
1568,November 2019,3581.3333333333335,353.25,4621.3944772042705,3881.7154758879583,5826.8999538139215,-686.811143870937,-1892.316620480588,-113.08423160079622,46.8,Rentan,573.7269122701408,0.0,4806.150107756002,,"DEFISIT: amankan arus kas, pangkas diskresioner & hindari utang konsumtif baru"
1569,November 2019,3256.8333333333335,653.25,3322.2683202049398,2417.7774577609125,4240.793647790214,587.8150131283937,-330.7103144568805,587.8150131283937,84.6,Sehat,0.0,470.252010502715,3411.2399850558604,7.254067837815582,SURPLUS: auto-debit tabungan berencana setelah gajian
1571,November 2019,4276.333333333333,600.5,3848.8575395735315,2520.304576180967,4886.766424309879,1027.9757937598015,-9.933090976545827,1208.5786749840365,85.1,Sehat,180.602881224235,966.8629399872293,7067.407958278184,7.309627524219238,SURPLUS TINGGI: auto-debit tabungan berencana + tawarkan deposito/investasi
1575,November 2019,4803.833333333333,488.0,12315.28220770773,10891.074931033978,14375.587233557817,-7023.448874374398,-9083.753900224485,-6639.293914536791,44.5,Rentan,384.1549598376073,0.0,21346.25549609006,,"DEFISIT: amankan arus kas, pangkas diskresioner & hindari utang konsumtif baru"
1576,November 2019,3063.6666666666665,677.0,4972.389128420688,3742.5035654950398,6036.015342163644,-1231.7224617540219,-2295.3486754969776,-779.3445635784484,48.4,Rentan,452.3778981755735,0.0,7015.30667239748,,"DEFISIT: amankan arus kas, pangkas diskresioner & hindari utang konsumtif baru"
1577,November 2019,3395.4166666666665,597.4166666666666,2135.983297059481,1524.9423700430852,3420.6048276595475,1856.8500362738519,572.2285056737855,1901.4159149574034,74.6,Sehat,44.565878683551446,1018.6249999999999,3401.3650806674714,3.3391729838433886,SURPLUS TINGGI: auto-debit tabungan berencana + tawarkan deposito/investasi
1579,November 2019,2382.8333333333335,53.833333333333336,2713.1270618966355,1994.3838437710142,3289.926398370123,-276.4603952299685,-853.259731703456,-241.46161535709442,66.7,Waspada,34.99877987287412,0.0,5110.47293523751,,"DEFISIT: amankan arus kas, pangkas diskresioner & hindari utang konsumtif baru"
1581,November 2019,3694.5,455.1666666666667,3236.509270432412,2293.2214284040147,4346.086891921058,913.157396234255,-196.42022525439097,1203.4375306843835,72.3,Sehat,290.28013445012857,962.7500245475069,5323.506388678412,5.529479359068792,SURPLUS TINGGI: auto-debit tabungan berencana + tawarkan deposito/investasi
1582,November 2019,4956.583333333333,496.6666666666667,5138.963974641628,3903.5436433640016,6482.221559047714,314.28602535837217,-1028.9715590477144,445.8588676265416,73.9,Sehat,131.57284226816944,356.6870941012333,11259.565653135436,31.567067716612694,"SURPLUS TIPIS: bangun dana darurat dulu, mulai auto-save nominal kecil"
1583,November 2019,4403.666666666667,283.8333333333333,1820.2849139645937,1161.6350678521344,2228.0146448029245,2867.2150860354063,2459.4853551970755,2867.2150860354063,88.0,Sehat,0.0,1321.1000000000001,3202.0797248212243,2.4237981415647747,SURPLUS TINGGI: auto-debit tabungan berencana + tawarkan deposito/investasi
1584,November 2019,3894.4166666666665,226.91666666666666,2634.9117675014018,1758.198367350948,3302.255171084121,1486.4215658319313,819.0781622492123,1534.2226146088856,79.2,Sehat,47.80104877695425,1168.3249999999998,4774.824849611866,4.086897780679063,SURPLUS TINGGI: auto-debit tabungan berencana + tawarkan deposito/investasi
1585,November 2019,3519.0833333333335,352.8333333333333,5596.689125042984,4423.37723983393,6441.622326048663,-1724.7724583763174,-2569.705659381996,-1508.8198112863076,53.1,Waspada,215.95264709000986,0.0,11547.193154747212,,"DEFISIT: amankan arus kas, pangkas diskresioner & hindari utang konsumtif baru"
1586,November 2019,4720.0,652.4166666666666,5563.493299953104,4302.09011632653,6937.077653077562,-191.07663328643685,-1564.660986410895,446.22162442551894,48.1,Rentan,637.2982577119558,356.9772995404152,5357.701764647035,15.008522310927681,"SEIMBANGKAN: ikuti budget hemat untuk menutup defisit, lalu auto-save kecil"
1587,November 2019,6834.916666666667,166.5,9795.45305065479,8308.81155017465,11131.346133693834,-2794.036383988124,-4129.929467027167,-2091.8034757493665,48.2,Rentan,702.2329082387573,0.0,18118.16728686242,,"DEFISIT: amankan arus kas, pangkas diskresioner & hindari utang konsumtif baru"
1589,November 2019,2291.1666666666665,254.16666666666666,2065.4580801091183,1407.6939396333069,2766.2823541299235,479.8752532242147,-220.9490207965905,525.1222210177178,79.4,Sehat,45.2469677935031,420.09777681417427,2652.7402227271773,6.314578103327094,SURPLUS: auto-debit tabungan berencana setelah gajian
1591,November 2019,2809.75,514.5833333333334,5533.335519048862,4483.898909178501,6919.24569381954,-2209.0021857155284,-3594.9123604862066,-1938.9279754358872,47.2,Rentan,270.0742102796411,0.0,11811.65532420665,,"DEFISIT: amankan arus kas, pangkas diskresioner & hindari utang konsumtif baru"
1594,November 2019,2998.1666666666665,274.0,2352.687320267525,1620.316187585277,3078.8524757967057,919.4793463991414,193.31419086996084,976.1482843045706,72.4,Sehat,56.66893790542918,780.9186274436565,3192.4387237514024,4.0880555432540735,SURPLUS TINGGI: auto-debit tabungan berencana + tawarkan deposito/investasi
1595,November 2019,4338.583333333333,330.28833333333336,11144.643173519215,9950.337919996366,12450.47657343508,-6475.771506852549,-7781.604906768414,-5896.605250494014,49.1,Rentan,579.1662563585346,0.0,25079.558803965352,,"DEFISIT: amankan arus kas, pangkas diskresioner & hindari utang konsumtif baru"
1596,November 2019,2647.6666666666665,319.0833333333333,5996.905340196987,4990.339391850436,6883.736415309317,-3030.155340196987,-3916.9864153093167,-2851.398160906024,58.4,Waspada,178.75717929096314,0.0,14866.086883544149,,"DEFISIT: amankan arus kas, pangkas diskresioner & hindari utang konsumtif baru"
1598,November 2019,2177.1666666666665,263.8333333333333,1471.2721279081147,1047.4869472038129,2067.134556448514,969.7278720918853,373.8654435514859,969.7278720918853,76.0,Sehat,0.0,653.15,3064.553365052592,4.691959526988582,SURPLUS TINGGI: auto-debit tabungan berencana + tawarkan deposito/investasi
1600,November 2019,8432.75,479.0833333333333,5092.868867368472,3369.6407937042527,6756.048937474306,3818.964465964862,2155.7843958590283,3839.4787525915312,79.5,Sehat,20.51428662666939,2529.825,8526.540173411697,3.3704071125124058,SURPLUS TINGGI: auto-debit tabungan berencana + tawarkan deposito/investasi
1602,November 2019,2488.6666666666665,238.75,2002.7883358589538,1335.8960812430878,2832.7242612935806,724.6283308077127,-105.30759462691412,762.0064635965714,78.4,Sehat,37.378132788858714,609.6051708772571,4128.263447982097,6.772028265510424,SURPLUS TINGGI: auto-debit tabungan berencana + tawarkan deposito/investasi
1603,November 2019,3234.3333333333335,385.5833333333333,3085.419468441113,2211.450350444346,4271.217755277895,534.4971982255538,-651.3010886112279,760.9644045387442,80.1,Sehat,226.46720631319042,608.7715236309954,5180.488587459742,8.50974197439609,SURPLUS: auto-debit tabungan berencana setelah gajian
1604,November 2019,2609.0,2186.0833333333335,5574.647100258799,4954.0367766619975,6648.849905749999,-779.5637669254647,-1853.7665724166654,-672.8993400670229,50.8,Waspada,106.66442685844189,0.0,12950.889378423602,,"DEFISIT: amankan arus kas, pangkas diskresioner & hindari utang konsumtif baru"
1605,November 2019,3278.0,296.0833333333333,3595.8297048280833,2830.4054415886926,4568.794093365228,-21.746371494749837,-994.7107600318946,99.44456781033657,65.9,Waspada,121.1909393050864,79.55565424826926,7359.050446780173,92.50191600228426,"SEIMBANGKAN: ikuti budget hemat untuk menutup defisit, lalu auto-save kecil"
1606,November 2019,4312.916666666667,267.6666666666667,3434.059080795793,2414.9628201310975,5119.5779456098135,1146.524252537541,-538.9946122764795,1252.6096931623492,78.7,Sehat,106.0854406248081,1002.0877545298795,6197.091611904787,6.184180560925123,SURPLUS TINGGI: auto-debit tabungan berencana + tawarkan deposito/investasi
1609,November 2019,7304.916666666667,540.8333333333334,4207.083816199654,2814.0637924173716,5653.4760824284895,3638.6661838003456,2192.2739175715105,3661.2798941740693,94.2,Sehat,22.613710373723848,2191.475,6549.661822412925,2.988700223553965,SURPLUS TINGGI: auto-debit tabungan berencana + tawarkan deposito/investasi
1610,November 2019,2330.5833333333335,351.0,2712.8633930394444,2232.6364770558866,3204.6583300086254,-31.280059706110933,-523.0749966752919,-31.280059706110933,67.0,Waspada,0.0,0.0,4113.33959650282,,"DEFISIT: amankan arus kas, pangkas diskresioner & hindari utang konsumtif baru"
1613,November 2019,3677.8333333333335,688.4166666666666,4923.067994485793,3916.6095397338595,6075.263159959435,-556.817994485793,-1709.0131599594351,-312.941388177001,60.3,Waspada,243.87660630879196,0.0,9954.597676394947,,"DEFISIT: amankan arus kas, pangkas diskresioner & hindari utang konsumtif baru"
1615,November 2019,4057.5,163.08333333333334,2966.759516640131,2066.649826672257,3884.305020583036,1253.823816693202,336.2783127502971,1342.169990395549,78.4,Sehat,88.34617370234696,1073.7359923164393,5056.858602481374,4.709592151765249,SURPLUS TINGGI: auto-debit tabungan berencana + tawarkan deposito/investasi
1616,November 2019,7855.0,407.0,5937.608496169913,4668.680056740159,7310.363144258583,2324.3915038300865,951.6368557414171,2532.3514543782408,89.7,Sehat,207.9599505481541,2025.8811635025927,11821.551413319376,5.835263995880599,SURPLUS TINGGI: auto-debit tabungan berencana + tawarkan deposito/investasi
1618,November 2019,5886.166666666667,241.75,4350.826055046156,3224.492580558893,5789.7705394452,1777.0906116205106,338.1461272214674,2182.9131172297466,65.5,Waspada,405.8225056092358,1746.3304937837975,6729.297122583454,3.8533926691064053,SURPLUS TINGGI: auto-debit tabungan berencana + tawarkan deposito/investasi
1619,November 2019,2673.8333333333335,123.33333333333333,1758.2466355899146,1030.8952095927734,2399.1855107571077,1038.9200310767524,397.9811559095592,1091.617455445102,77.4,Sehat,52.697424368349544,802.15,2942.206185706288,3.66790025021042,SURPLUS TINGGI: auto-debit tabungan berencana + tawarkan deposito/investasi
1621,November 2019,6171.583333333333,363.5833333333333,3977.7521990558944,2762.0762052597674,5454.437130146911,2557.4144676107717,1080.7295365197551,2614.1867609536525,78.2,Sehat,56.7722933428809,1851.475,6723.621039479716,3.631494370423428,SURPLUS TINGGI: auto-debit tabungan berencana + tawarkan deposito/investasi
1622,November 2019,6605.916666666667,521.3333333333334,4787.194088026396,3357.597715576755,6092.720489545361,2340.0559119736045,1034.5295104546394,2549.8023156255595,71.1,Sehat,209.74640365195515,1981.775,8964.433557068898,4.523436594501847,SURPLUS TINGGI: auto-debit tabungan berencana + tawarkan deposito/investasi
1623,November 2019,2935.5833333333335,462.4166666666667,2445.314308838461,1714.511197937644,3410.295187524613,952.6856911615391,-12.295187524613084,1085.6067706009924,76.7,Sehat,132.9210794394533,868.4854164807939,4427.081205147815,5.097473280653202,SURPLUS TINGGI: auto-debit tabungan berencana + tawarkan deposito/investasi
1626,November 2019,5024.333333333333,176.66666666666666,6510.312692906139,4778.900776584317,8264.800353173941,-1309.312692906139,-3063.8003531739414,-937.3051566533898,39.5,Rentan,372.0075362527493,0.0,9083.733156646316,,"DEFISIT: amankan arus kas, pangkas diskresioner & hindari utang konsumtif baru"
1629,November 2019,2451.8333333333335,247.0,3884.1649092351163,3283.1277152965367,4407.903934994669,-1185.3315759017828,-1709.0706016613353,-992.5762956665361,41.6,Rentan,192.75528023524672,0.0,7463.455333707604,,"DEFISIT: amankan arus kas, pangkas diskresioner & hindari utang konsumtif baru"
1633,November 2019,3577.25,257.0833333333333,2932.237811300658,1965.864484602418,3630.6660734033476,902.0955220326755,203.6672599299859,1086.7995088321848,58.7,Waspada,184.70398679950927,869.4396070657479,4570.086107183358,5.256358314071795,SURPLUS TINGGI: auto-debit tabungan berencana + tawarkan deposito/investasi
1634,November 2019,1714.75,78.25,1563.7941515969214,1118.673211270539,1974.409817300803,229.20584840307856,-181.40981730080307,269.8317211597376,67.4,Waspada,40.62587275665901,215.86537692779007,2034.3609437986986,9.424211389301307,SURPLUS: auto-debit tabungan berencana setelah gajian
1635,November 2019,3527.6666666666665,617.4166666666666,2654.844743520143,1904.3523106553357,3714.230648846936,1490.2385898131902,430.8526844863968,1598.2531885004598,68.6,Waspada,108.01459868726957,1058.3,4421.889203869213,4.178294627108771,SURPLUS TINGGI: auto-debit tabungan berencana + tawarkan deposito/investasi
1636,November 2019,2049.8333333333335,502.8333333333333,2188.282732931217,1648.7470606057677,3083.7293718086075,364.3839337354498,-531.0627051419406,376.69005825215226,82.0,Sehat,12.306124516702479,301.35204660172184,3862.9014847150384,12.818567281278145,SURPLUS: auto-debit tabungan berencana setelah gajian
1638,November 2019,4818.666666666667,438.5833333333333,4781.967232156927,3846.644996310013,5980.093847523007,475.2827678430731,-722.8438475230068,817.3371940374392,70.9,Sehat,342.0544261943661,653.8697552299514,7851.988350375237,12.008489898135553,SURPLUS: auto-debit tabungan berencana setelah gajian
1639,November 2019,4132.916666666667,682.5833333333334,8317.189822891147,7044.880573962001,10277.893388954693,-3501.689822891147,-5462.393388954693,-3295.136578359306,44.6,Rentan,206.5532445318409,0.0,8284.074799060247,,"DEFISIT: amankan arus kas, pangkas diskresioner & hindari utang konsumtif baru"
1640,November 2019,2912.8333333333335,246.0,2227.840698928694,1537.1463701289506,3541.8725921218556,930.9926344046394,-383.03925878852215,981.4249292624571,82.0,Sehat,50.432294857817745,785.1399434099658,4426.4336198029405,5.6377638877705785,SURPLUS TINGGI: auto-debit tabungan berencana + tawarkan deposito/investasi
1642,November 2019,3372.5,269.0,3030.6852127305474,2175.9770505160827,4257.6059766166945,610.8147872694526,-616.1059766166945,629.8590477617249,79.8,Sehat,19.04426049227233,503.88723820938,5316.758387125468,10.55148450677014,SURPLUS: auto-debit tabungan berencana setelah gajian
1644,November 2019,2661.9166666666665,85.58333333333333,4084.1816679668377,3171.940702582758,5069.242449331759,-1336.6816679668377,-2321.7424493317594,-1224.3281646065218,51.1,Waspada,112.35350336031598,0.0,8328.209222106914,,"DEFISIT: amankan arus kas, pangkas diskresioner & hindari utang konsumtif baru"
1645,November 2019,5045.083333333333,550.0833333333334,3353.5771616541892,2347.391097015236,4561.453806486194,2241.589505012477,1033.7128601804725,2273.6066563684226,72.1,Sehat,32.01715135594554,1513.5249999999999,6557.1160367555,4.3323473591486765,SURPLUS TINGGI: auto-debit tabungan berencana + tawarkan deposito/investasi
1646,November 2019,2491.5,25.583333333333332,2225.224052043511,1522.256228925176,2969.951874516917,291.8592812898223,-452.8685411835836,433.89544216436246,76.1,Sehat,142.03616087454014,347.11635373149,3204.8123116532306,9.23267451159128,SURPLUS: auto-debit tabungan berencana setelah gajian
1648,November 2019,15492.416666666666,934.4166666666666,12362.021958544814,10281.460047073353,15195.948270358778,4064.811374788518,1230.8850629745539,4064.811374788518,68.2,Waspada,0.0,3251.849099830815,23071.12461758669,7.094770977776005,SURPLUS TINGGI: auto-debit tabungan berencana + tawarkan deposito/investasi
1649,November 2019,33.25,0.0,693.8009056500993,77.05725961048529,954.745339580245,-660.5509056500993,-921.495339580245,-614.1615709767509,42.1,Rentan,46.389334673348394,0.0,1274.5030743382786,,"DEFISIT: amankan arus kas, pangkas diskresioner & hindari utang konsumtif baru"
1651,November 2019,4668.166666666667,592.8333333333334,11586.316919770725,10124.758962452246,13288.25882334478,-6325.316919770725,-8027.2588233447805,-6292.706369683675,48.5,Rentan,32.610550087049994,0.0,10818.719198775314,,"DEFISIT: amankan arus kas, pangkas diskresioner & hindari utang konsumtif baru"
1652,November 2019,3562.4166666666665,613.25,2899.734715680653,2085.528108866533,3760.414552961566,1275.931950986013,415.2521137050999,1317.0664030739147,80.9,Sehat,41.13445208790178,1053.6531224591317,5168.1678617035595,4.904999331887823,SURPLUS TINGGI: auto-debit tabungan berencana + tawarkan deposito/investasi
1654,November 2019,4110.666666666667,2177.3333333333335,12355.69175957216,11074.980044734868,14140.93060427723,-6067.691759572161,-7852.93060427723,-5317.152266664361,48.1,Rentan,750.5394929077996,0.0,25902.53196051343,,"DEFISIT: amankan arus kas, pangkas diskresioner & hindari utang konsumtif baru"
1656,November 2019,3428.4166666666665,170.75,1741.1109509081557,1222.5393505854295,2307.353066092984,1858.0557157585108,1291.8136005736824,1866.618752278493,75.8,Sehat,8.56303651998217,1028.5249999999999,3049.068143589268,2.96450562075717,SURPLUS TINGGI: auto-debit tabungan berencana + tawarkan deposito/investasi
1659,November 2019,3398.9166666666665,484.6666666666667,8611.704095744613,7343.326682241653,9663.56999102785,-4728.12076241128,-5779.986657694518,-4323.308345668296,57.5,Waspada,404.81241674298434,0.0,18925.734854390394,,"DEFISIT: amankan arus kas, pangkas diskresioner & hindari utang konsumtif baru"
1660,November 2019,1926.9166666666667,417.5,1978.5992645441254,1486.2331862217507,2683.9353508790864,365.8174021225416,-339.51868421241943,378.51384946862146,86.5,Sehat,12.696447346079893,302.8110795748972,3769.9968155689276,12.449996284354773,SURPLUS: auto-debit tabungan berencana setelah gajian
1662,November 2019,4163.916666666667,308.5,8527.069338878007,7615.778787360168,9598.969777504582,-4054.6526722113404,-5126.5531108379155,-3644.0501708470865,53.6,Waspada,410.6025013642536,0.0,18503.778986373676,,"DEFISIT: amankan arus kas, pangkas diskresioner & hindari utang konsumtif baru"
1664,November 2019,5797.166666666667,480.3333333333333,4126.725909678758,2796.832000122852,5256.689014031626,2150.7740903212416,1020.8109859683736,2186.4057453707296,86.0,Sehat,35.63165504948789,1739.15,6970.211880295188,4.007826743118873,SURPLUS TINGGI: auto-debit tabungan berencana + tawarkan deposito/investasi
1666,November 2019,3912.8333333333335,99.0,2908.361454828988,2271.263379099115,3593.7107956672944,1103.4718785043456,418.1225376660391,1203.824098635438,73.7,Sehat,100.35222013109251,963.0592789083505,5685.334925596531,5.903411191926822,SURPLUS TINGGI: auto-debit tabungan berencana + tawarkan deposito/investasi
1668,November 2019,4674.916666666667,334.4166666666667,5904.890835916598,4898.211123546232,7092.545875323752,-895.5575025832641,-2083.212541990418,-786.2894575290188,58.8,Waspada,109.26804505424525,0.0,12767.730914729114,,"DEFISIT: amankan arus kas, pangkas diskresioner & hindari utang konsumtif baru"
1669,November 2019,4287.833333333333,330.75,3075.274145082109,2142.9245550273927,4392.118491626262,1543.309188251224,226.46484170707117,1584.1565919642933,70.8,Sehat,40.84740371306933,1267.3252735714348,6679.3378520138895,5.270421091809307,SURPLUS TINGGI: auto-debit tabungan berencana + tawarkan deposito/investasi
1670,November 2019,4182.0,591.75,3603.8022761315206,2486.1358802215254,4933.337312585306,1169.9477238684794,-159.58731258530588,1191.0270229335847,84.5,Sehat,21.07929906510515,952.8216183468678,6775.329576139299,7.110805890292877,SURPLUS TINGGI: auto-debit tabungan berencana + tawarkan deposito/investasi
1671,November 2019,3573.8333333333335,193.75,2596.8994502488217,1868.089766892399,3490.94436400413,1170.6838830845118,276.6389693292035,1217.4450260368887,72.4,Sehat,46.761142952376886,973.9560208295111,4657.146369362042,4.781680352872181,SURPLUS TINGGI: auto-debit tabungan berencana + tawarkan deposito/investasi
1672,November 2019,6220.333333333333,41.583333333333336,959.4281175124302,707.6919633817954,1000.9241100610734,5302.488549154235,5260.992556605593,5348.665528096987,70.8,Sehat,46.17697894275162,1866.1,1313.552443788763,0.7039024938581872,SURPLUS TINGGI: auto-debit tabungan berencana + tawarkan deposito/investasi
1674,November 2019,2238.1666666666665,371.3333333333333,1676.17632288818,1173.4336966317424,2316.883189737344,933.32367711182,292.61681026265614,933.32367711182,88.1,Sehat,0.0,671.4499999999999,4156.638089578605,6.19054000979761,SURPLUS TINGGI: auto-debit tabungan berencana + tawarkan deposito/investasi
1675,November 2019,4166.083333333333,673.25,4831.157478000937,3616.5849460936133,6472.1056115358315,8.175855332396168,-1632.7722782024985,276.6492242141898,64.6,Waspada,268.47336888179365,221.31937937135186,6929.829351419307,31.311443991498567,"SURPLUS TIPIS: bangun dana darurat dulu, mulai auto-save nominal kecil"
1676,November 2019,4244.666666666667,260.6666666666667,3806.151875249606,2810.218508591382,5071.917637031214,699.1814580837281,-566.5843036978804,1011.1476867688643,69.1,Waspada,311.9662286851362,808.9181494150915,5827.103652802916,7.2035763532025445,SURPLUS: auto-debit tabungan berencana setelah gajian
1677,November 2019,2764.8333333333335,384.6666666666667,4269.200155329187,3456.835306753297,5293.636649263581,-1119.7001553291866,-2144.1366492635807,-762.1683267108739,32.7,Rentan,357.5318286183127,0.0,5216.272294866729,,"DEFISIT: amankan arus kas, pangkas diskresioner & hindari utang konsumtif baru"
1678,November 2019,4852.083333333333,499.6666666666667,3585.6017401698996,2618.5788442071375,5240.888144870519,1766.1482598301004,110.86185512948123,1793.183774310388,72.9,Sehat,27.035514480287375,1434.5470194483105,6420.206938847023,4.47542454294462,SURPLUS TINGGI: auto-debit tabungan berencana + tawarkan deposito/investasi
1680,November 2019,4913.25,497.0,3041.5670609534804,2190.0243361297353,4226.728063714528,2368.6829390465196,1183.5219362854723,2368.6829390465196,67.9,Waspada,0.0,1473.975,4963.7968125456555,3.367626189416819,SURPLUS TINGGI: auto-debit tabungan berencana + tawarkan deposito/investasi
1682,November 2019,4062.5,368.5,3002.6805824463136,1955.4527120568132,4267.515227362153,1428.3194175536864,163.48477263784662,1443.2765838509906,72.8,Sehat,14.957166297304106,1154.6212670807924,5759.894690120505,4.988557594026602,SURPLUS TINGGI: auto-debit tabungan berencana + tawarkan deposito/investasi
1684,November 2019,2321.75,421.25,3741.2880799528407,3102.9340208988997,4973.448682281882,-998.2880799528407,-2230.4486822818817,-998.2880799528407,41.0,Rentan,0.0,0.0,9976.658656465805,,"DEFISIT: amankan arus kas, pangkas diskresioner & hindari utang konsumtif baru"
1685,November 2019,6167.666666666667,451.75,3231.4954785950613,2178.93155903912,4645.368085677527,3387.9211880716057,1974.0485809891397,3522.123529055393,72.7,Sehat,134.20234098378742,1850.3,4509.002311254786,2.4369033731042458,SURPLUS TINGGI: auto-debit tabungan berencana + tawarkan deposito/investasi
1686,November 2019,5109.333333333333,440.75,18227.602218442313,16075.661458657682,19477.054856517098,-12677.51888510898,-13926.971523183765,-12156.607605405537,53.7,Waspada,520.9112797034438,0.0,42222.616394733945,,"DEFISIT: amankan arus kas, pangkas diskresioner & hindari utang konsumtif baru"
1687,November 2019,3349.0833333333335,359.9166666666667,7498.275408966802,6389.309563972889,8390.673520355134,-3789.2754089668024,-4681.673520355134,-3522.0422325824547,47.7,Rentan,267.2331763843478,0.0,16422.673051263188,,"DEFISIT: amankan arus kas, pangkas diskresioner & hindari utang konsumtif baru"
1692,November 2019,13559.083333333334,2454.25,13121.785543168055,10667.814060320645,16926.335426878322,2891.5477901652794,-913.0020935449884,2891.5477901652794,79.0,Sehat,0.0,2313.2382321322234,30961.09641405724,13.38430948615219,SURPLUS: auto-debit tabungan berencana setelah gajian
1693,November 2019,6168.0,402.5,4006.6485450477926,2644.815789508252,5601.294265708055,2563.8514549522074,969.2057342919452,2563.8514549522074,78.9,Sehat,0.0,1850.3999999999999,8344.001178073795,4.509295924164395,SURPLUS TINGGI: auto-debit tabungan berencana + tawarkan deposito/investasi
1694,November 2019,6229.416666666667,506.5,5087.836636443316,3900.928936936847,6077.613530550405,1648.080030223351,658.3031361162621,1964.4125194560231,88.2,Sehat,316.332489232672,1571.5300155648185,8707.457354486982,5.540751540375424,SURPLUS TINGGI: auto-debit tabungan berencana + tawarkan deposito/investasi
1695,November 2019,4752.25,798.6666666666666,4027.950380297184,2636.9484346672034,5425.932670126846,1522.966286369483,124.98399653982142,1684.247498128737,80.5,Sehat,161.2812117592542,1347.3979985029898,6117.771563079315,4.540433910304446,SURPLUS TINGGI: auto-debit tabungan berencana + tawarkan deposito/investasi
1697,November 2019,3416.8333333333335,478.25,2552.9937908405486,1927.2251761435475,3740.878727813985,1342.0895424927849,154.20460551934866,1342.0895424927849,74.7,Sehat,0.0,1025.05,5551.1320034129,5.41547437043354,SURPLUS TINGGI: auto-debit tabungan berencana + tawarkan deposito/investasi
1699,November 2019,4410.75,657.9166666666666,7369.692359666306,5774.121567934722,8729.74867888381,-2301.0256929996394,-3661.0820122171435,-1505.0082854247387,46.3,Rentan,796.0174075749007,0.0,9031.393062184585,,"DEFISIT: amankan arus kas, pangkas diskresioner & hindari utang konsumtif baru"
1700,November 2019,3222.1666666666665,35.833333333333336,1712.284450825705,1230.0433232776925,2249.7923772061063,1545.715549174295,1008.2076227938937,1561.504445730527,80.8,Sehat,15.788896556232249,966.6499999999999,2883.714743008602,2.983204616985054,SURPLUS TINGGI: auto-debit tabungan berencana + tawarkan deposito/investasi
1702,November 2019,3372.5,553.1666666666666,2970.0970014923337,1982.4299600788727,3939.3343974903155,955.5696651743328,-13.66773082364898,1138.0548428507009,66.6,Waspada,182.48517767636795,910.4438742805607,3848.4859770583794,4.227043627592619,SURPLUS TINGGI: auto-debit tabungan berencana + tawarkan deposito/investasi
1703,November 2019,4097.416666666667,528.5,7202.053032026125,5716.374129564861,8841.548938274507,-2576.136365359458,-4215.63227160784,-1907.1829722640614,43.9,Rentan,668.9533930953967,0.0,9522.922160552342,,"DEFISIT: amankan arus kas, pangkas diskresioner & hindari utang konsumtif baru"
1709,November 2019,2959.9166666666665,303.6666666666667,2450.7857740022423,1709.6299524284163,3391.106571169196,812.7975593310907,-127.5232378358628,923.8264755461415,65.3,Waspada,111.02891621505081,739.0611804369132,3604.308079193491,4.876873761740158,SURPLUS TINGGI: auto-debit tabungan berencana + tawarkan deposito/investasi
1710,November 2019,3335.75,268.3333333333333,2854.877815910517,2115.2528208063563,4026.847830291755,749.2055174228167,-422.76449695842166,749.2055174228167,95.8,Sehat,0.0,599.3644139382534,6527.843014322816,10.89127559547657,SURPLUS: auto-debit tabungan berencana setelah gajian
1712,November 2019,5583.25,497.0,5260.094571647353,4123.832984304842,6566.237716825977,820.1554283526466,-485.98771682597726,1057.453024964869,82.7,Sehat,237.29759661222246,845.9624199718952,10318.892401805178,12.197814179674785,SURPLUS: auto-debit tabungan berencana setelah gajian
1717,November 2019,3589.1666666666665,433.1666666666667,8983.651305197687,8206.495255372445,10461.848797540679,-4961.317971864354,-6439.515464207346,-4796.515434225271,55.0,Waspada,164.802537639083,0.0,18374.24252955951,,"DEFISIT: amankan arus kas, pangkas diskresioner & hindari utang konsumtif baru"
1718,November 2019,2790.25,334.8333333333333,7547.096623177665,6762.640825772212,8236.851496956793,-4422.013289844332,-5111.768163623459,-4296.258596824419,55.8,Waspada,125.75469301991222,0.0,17246.497461004772,,"DEFISIT: amankan arus kas, pangkas diskresioner & hindari utang konsumtif baru"
1719,November 2019,1934.75,585.25,2765.364746625409,2055.9755423699835,3886.0616752124074,-245.36474662540923,-1366.0616752124074,-67.77403752059661,48.7,Rentan,177.59070910481262,0.0,5736.546867814338,,"DEFISIT: amankan arus kas, pangkas diskresioner & hindari utang konsumtif baru"
1720,November 2019,2068.9166666666665,199.41666666666666,5329.379957581308,4756.310390348413,5970.982460284334,-3061.046624247975,-3702.6491269510007,-2976.5867403905154,43.3,Rentan,84.45988385745977,0.0,3156.927160927062,,"DEFISIT: amankan arus kas, pangkas diskresioner & hindari utang konsumtif baru"
1723,November 2019,3006.6666666666665,242.41666666666666,2226.516538881338,1635.5341435720381,3021.561387400475,1022.5667944519951,227.52194593285822,1116.152281892976,78.2,Sehat,93.58548744098091,892.9218255143808,4139.60390718075,4.636020521500939,SURPLUS TINGGI: auto-debit tabungan berencana + tawarkan deposito/investasi
1725,November 2019,3554.3333333333335,533.9166666666666,4515.768848500445,3347.642947261759,5663.354050523823,-427.5188485004446,-1575.1040505238234,-261.7576669967226,44.2,Rentan,165.76118150372204,0.0,9564.298569546041,,"DEFISIT: amankan arus kas, pangkas diskresioner & hindari utang konsumtif baru"
1727,November 2019,4063.5,4322.0,10403.801160659328,9317.8454247134,11491.136524228312,-2018.3011606593282,-3105.636524228312,-1814.293663089315,43.9,Rentan,204.0074975700132,0.0,25469.740717585373,,"DEFISIT: amankan arus kas, pangkas diskresioner & hindari utang konsumtif baru"
1728,November 2019,3217.9166666666665,295.0,2631.508957574863,1807.3309198358322,3813.1676253606665,881.4077090918036,-300.250958694,969.8678195668878,68.4,Waspada,88.4601104750842,775.8942556535103,4109.428795200869,5.296377393256549,SURPLUS TINGGI: auto-debit tabungan berencana + tawarkan deposito/investasi
1730,November 2019,3677.3333333333335,454.3333333333333,2530.4849784626504,1804.0848932533002,3533.5309399139423,1601.1816882040166,598.1357267527246,1603.4038221148014,67.8,Waspada,2.222133910784777,1103.2,4375.311059905947,3.9660180020902347,SURPLUS TINGGI: auto-debit tabungan berencana + tawarkan deposito/investasi
1731,November 2019,3936.8333333333335,79.25,2153.623757546085,1428.2852405007206,3059.625397378046,1862.4595757872485,956.4579359552877,1928.904184764489,81.1,Sehat,66.44460897724049,1181.05,3887.01418065496,3.2911512473264977,SURPLUS TINGGI: auto-debit tabungan berencana + tawarkan deposito/investasi
1733,November 2019,2177.5,266.5,3507.313523364187,2848.182394808866,4212.056210190854,-1063.313523364187,-1768.0562101908536,-1059.9779615791747,43.4,Rentan,3.3355617850122172,0.0,3292.054768912084,,"DEFISIT: amankan arus kas, pangkas diskresioner & hindari utang konsumtif baru"
1735,November 2019,3048.5833333333335,356.25,2239.511891893775,1626.7209092024177,2891.2449313629904,1165.3214414395584,513.588401970343,1171.98900986917,69.7,Waspada,6.667568429611805,914.575,4386.686009134747,4.79642020516059,SURPLUS TINGGI: auto-debit tabungan berencana + tawarkan deposito/investasi
1736,November 2019,3815.75,2204.5833333333335,7173.618810372703,6121.1980653587525,8316.989392729294,-1153.2854770393687,-2296.6560593959603,-899.6038098343006,46.3,Rentan,253.6816672050682,0.0,17798.596857638746,,"DEFISIT: amankan arus kas, pangkas diskresioner & hindari utang konsumtif baru"
1737,November 2019,3140.5,462.3333333333333,2512.1526968447947,1857.4586760985121,3735.959300655293,1090.6806364885388,-133.1259673219597,1223.4406621538758,75.0,Sehat,132.76002566533708,942.15,4225.497340808637,4.484951802588375,SURPLUS TINGGI: auto-debit tabungan berencana + tawarkan deposito/investasi
1740,November 2019,4794.333333333333,392.1666666666667,3880.7904626232926,2100.7657290101242,5601.100832308838,1305.7095373767074,-414.6008323088381,1305.7095373767074,72.7,Sehat,0.0,1044.567629901366,3308.5336889102687,3.167371450350878,SURPLUS TINGGI: auto-debit tabungan berencana + tawarkan deposito/investasi
1741,November 2019,2080.0,363.5833333333333,4689.4530529852955,4017.066619794514,5787.491123411067,-2245.869719651962,-3343.9077900777334,-2004.0944826303528,61.1,Waspada,241.77523702160923,0.0,10684.202833646326,,"DEFISIT: amankan arus kas, pangkas diskresioner & hindari utang konsumtif baru"
1742,November 2019,4186.0,616.5833333333334,3111.2151257372648,2342.9965218518196,4302.517703474985,1691.3682075960683,500.0656298583481,1788.1585556356663,79.6,Sehat,96.79034803959804,1255.8,4211.082748438826,3.35330685494412,SURPLUS TINGGI: auto-debit tabungan berencana + tawarkan deposito/investasi
1744,November 2019,2452.75,482.3333333333333,1464.7547192697664,1068.1927756571213,1879.390545428199,1470.328614063567,1055.6927879051345,1470.328614063567,71.4,Sehat,0.0,735.8249999999999,3067.037632005219,4.168161766731519,SURPLUS TINGGI: auto-debit tabungan berencana + tawarkan deposito/investasi
1746,November 2019,6437.833333333333,482.5833333333333,4614.029170440973,2677.8668166351636,6066.841072022891,2306.387496225693,853.5755946437748,2590.984192208113,60.8,Waspada,284.5966959824202,1931.35,5250.77224098007,2.7187056934165583,SURPLUS TINGGI: auto-debit tabungan berencana + tawarkan deposito/investasi
1749,November 2019,1471.4166666666667,207.91666666666666,72.7066070801694,72.7066070801694,943.5213180744457,1606.6267262531642,735.8120152588878,1606.6267262531642,69.0,Waspada,0.0,441.425,1480.8327491906302,3.3546644371991396,SURPLUS TINGGI: auto-debit tabungan berencana + tawarkan deposito/investasi
1750,November 2019,5892.583333333333,474.75,6272.698976439505,4800.5199201355645,7570.081202933347,94.63435689382823,-1202.7478696000144,516.6305233824271,61.2,Waspada,421.9961664885989,413.3044187059417,10365.806208387708,25.08031789459958,"SURPLUS TIPIS: bangun dana darurat dulu, mulai auto-save nominal kecil"
1752,November 2019,3182.5,2407.8333333333335,5108.649343114037,4434.500296465642,6214.33314156317,481.6839902192969,-623.9998082298362,515.7388620869252,78.5,Sehat,34.05487186762835,412.5910896695402,12908.956286980012,31.28753046344089,SURPLUS: auto-debit tabungan berencana setelah gajian
1753,November 2019,3789.6666666666665,235.66666666666666,3641.6374566297823,2579.1525179556024,4782.888078710084,383.69587670355077,-757.5547453767513,594.2518947403378,61.5,Waspada,210.55601803678707,475.40151579227023,6916.55804434815,14.548876717024152,SURPLUS: auto-debit tabungan berencana setelah gajian
1755,November 2019,2355.75,401.8333333333333,3746.342475128796,3067.5849354320526,4514.834506437459,-988.7591417954627,-1757.2511731041254,-988.7591417954627,47.7,Rentan,0.0,0.0,8222.023609711916,,"DEFISIT: amankan arus kas, pangkas diskresioner & hindari utang konsumtif baru"
1756,November 2019,4830.75,332.5833333333333,4125.995212423204,2804.674180954775,5726.393130292193,1037.338120910129,-563.0597969588598,1181.4582051701905,72.2,Sehat,144.12008426006156,945.1665641361524,9045.617276332812,9.570394911927693,SURPLUS: auto-debit tabungan berencana setelah gajian
1757,November 2019,3507.1666666666665,474.75,2511.01365928823,1677.2316727471218,3593.579876398301,1470.9030073784365,388.33679026836535,1546.5474589070684,79.5,Sehat,75.64445152863196,1052.1499999999999,4736.208582885836,4.501457570580086,SURPLUS TINGGI: auto-debit tabungan berencana + tawarkan deposito/investasi
1758,November 2019,1879.6666666666667,17.083333333333332,3058.26971393235,2474.1779042600897,3538.4680600885813,-1161.51971393235,-1641.7180600885813,-1130.9279552091805,40.8,Rentan,30.591758723169587,0.0,6934.47557625905,,"DEFISIT: amankan arus kas, pangkas diskresioner & hindari utang konsumtif baru"
1759,November 2019,2773.25,527.1666666666666,5247.101175734757,4531.16490279169,6400.859020416075,-1946.6845090680904,-3100.442353749408,-1740.0515701102793,60.0,Waspada,206.63293895781118,0.0,10949.082446740198,,"DEFISIT: amankan arus kas, pangkas diskresioner & hindari utang konsumtif baru"
1762,November 2019,5298.583333333333,730.1666666666666,3377.544358665837,2461.861891192108,4109.682057502216,2651.205641334163,1919.0679424977843,2713.1974039834936,59.5,Waspada,61.9917626493305,1589.5749999999998,5445.761664961028,3.4259230706075705,SURPLUS TINGGI: auto-debit tabungan berencana + tawarkan deposito/investasi
1763,November 2019,3169.9166666666665,487.5833333333333,3008.035262822548,2091.547314988317,4105.177548189473,649.4647371774522,-447.6775481894729,829.6393354974211,77.4,Sehat,180.17459831996894,663.711468397937,5091.267949376044,7.67090549401733,SURPLUS TINGGI: auto-debit tabungan berencana + tawarkan deposito/investasi
1764,November 2019,2629.1666666666665,355.5,2726.2053186341905,1718.463376135158,3493.673362380677,258.46134803247605,-509.0066957140107,328.6925817800863,76.3,Sehat,70.23123374761025,262.95406542406903,4013.8698167667108,15.264528465431773,SURPLUS: auto-debit tabungan berencana setelah gajian
1765,November 2019,2677.1666666666665,352.6666666666667,4291.101149077563,3452.7324326710464,5186.348894576713,-1261.2678157442297,-2156.51556124338,-1157.7981534546032,50.2,Waspada,103.46966228962657,0.0,8450.936425786123,,"DEFISIT: amankan arus kas, pangkas diskresioner & hindari utang konsumtif baru"
1766,November 2019,1698.0833333333333,70.33333333333333,1611.5315589212594,967.5413329258399,2378.73802195375,156.88510774540714,-610.3213552870834,232.46742576196306,76.5,Sehat,75.5823180165559,185.97394060957046,2725.4963506511185,14.65525945042464,SURPLUS: auto-debit tabungan berencana setelah gajian
1769,November 2019,3835.9166666666665,646.3333333333334,4256.574058198036,3178.35305770685,5303.571109761171,225.67594180196375,-821.3211097611711,342.15095465787635,75.0,Sehat,116.47501285591258,273.7207637263011,8183.955075751628,29.89891948399987,"SURPLUS TIPIS: bangun dana darurat dulu, mulai auto-save nominal kecil"
1770,November 2019,3128.6666666666665,281.5833333333333,3144.7128689551637,2109.843068919613,4307.884300832151,265.5371310448363,-897.634300832151,371.3211778425392,74.4,Sehat,105.78404679770293,297.05694227403137,4301.11148483559,14.47908085200671,"SURPLUS TIPIS: bangun dana darurat dulu, mulai auto-save nominal kecil"
1771,November 2019,4328.583333333333,563.8333333333334,4395.089173269379,3122.2228384111613,6016.054662794588,497.32749339728707,-1123.6379961279217,668.6285125562117,77.8,Sehat,171.3010191589246,534.9028100449694,8024.29511845071,15.001407672126653,SURPLUS: auto-debit tabungan berencana setelah gajian
1772,November 2019,4180.25,343.1666666666667,5680.989827961814,4778.2029354033375,7138.086827464894,-1157.5731612951467,-2614.670160798227,-564.642923131958,41.8,Rentan,592.9302381631887,0.0,7163.801118145075,,"DEFISIT: amankan arus kas, pangkas diskresioner & hindari utang konsumtif baru"
1774,November 2019,3510.75,125.25,3900.4276788638535,3239.3317753282763,4678.347884614468,-264.42767886385354,-1042.347884614468,-217.83964065549222,63.7,Waspada,46.58803820836133,0.0,3173.771316454826,,"DEFISIT: amankan arus kas, pangkas diskresioner & hindari utang konsumtif baru"
1775,November 2019,3164.0,2216.3333333333335,11438.92753482812,10242.942511698147,12322.979881098785,-6058.594201494787,-6942.646547765451,-5559.451068076237,51.5,Waspada,499.14313341855006,0.0,28062.358809909314,,"DEFISIT: amankan arus kas, pangkas diskresioner & hindari utang konsumtif baru"
1776,November 2019,3594.4166666666665,4308.333333333333,15895.070731533677,14606.8054818345,16836.96559552598,-7992.320731533677,-8934.21559552598,-7669.001438837266,49.7,Rentan,323.3192926964111,0.0,39481.963576571165,,"DEFISIT: amankan arus kas, pangkas diskresioner & hindari utang konsumtif baru"
1777,November 2019,5202.666666666667,434.9166666666667,5444.594149458422,4163.990559477555,6915.365416734578,192.98918387491176,-1277.7820834012437,382.60582836827166,68.3,Waspada,189.6166444933599,306.08466269461735,10363.063797735802,33.856854200091355,"SURPLUS TIPIS: bangun dana darurat dulu, mulai auto-save nominal kecil"
1779,November 2019,2677.0833333333335,185.08333333333334,3153.4986361895144,2556.0388270111885,3941.0065208078036,-291.33196952284743,-1078.8398541411366,-131.24413229533653,52.7,Waspada,160.0878372275109,0.0,4797.016958614657,,"DEFISIT: amankan arus kas, pangkas diskresioner & hindari utang konsumtif baru"
1781,November 2019,3004.1666666666665,413.3333333333333,2032.7821615179712,1101.1663828734959,3149.385980671597,1384.7178384820288,268.1140193284032,1421.810399111728,74.8,Sehat,37.092560629699136,901.2499999999999,3612.7077951998554,4.008552338640617,SURPLUS TINGGI: auto-debit tabungan berencana + tawarkan deposito/investasi
1782,November 2019,3302.75,516.25,2381.2335932640594,1681.6706884117348,3387.610430325901,1437.7664067359406,431.3895696740992,1445.3357186462792,83.8,Sehat,7.569311910338627,990.8249999999999,4780.178141427068,4.8244424004512085,SURPLUS TINGGI: auto-debit tabungan berencana + tawarkan deposito/investasi
1783,November 2019,3133.9166666666665,364.1666666666667,2540.5028182109672,1792.0412426290732,3566.161688437189,957.5805151223658,-68.07835510385576,975.1320599417413,83.5,Sehat,17.551544819375522,780.1056479533931,5364.583317832205,6.876739492793299,SURPLUS TINGGI: auto-debit tabungan berencana + tawarkan deposito/investasi
1785,November 2019,2155.0833333333335,46.583333333333336,1971.7663451024134,1474.0258174929788,2425.6079378349905,229.90032156425355,-223.9412711683235,406.1188100635874,60.3,Waspada,176.21848849933383,324.89504805086995,2895.6090313923073,8.912444337837158,SURPLUS: auto-debit tabungan berencana setelah gajian
1786,November 2019,3217.5833333333335,540.4166666666666,3513.404908153214,2719.260385926665,4537.52075004638,244.5950918467861,-779.5207500463803,471.72567592646635,64.4,Waspada,227.13058407968026,377.3805407411731,5762.152715553066,15.268812494243166,SURPLUS: auto-debit tabungan berencana setelah gajian
1787,November 2019,4856.5,224.16666666666666,5962.5132735864345,4734.563472516809,7400.119965701565,-881.8466069197675,-2319.453299034898,-399.2004703007218,49.5,Rentan,482.6461366190457,0.0,9584.910372593109,,"DEFISIT: amankan arus kas, pangkas diskresioner & hindari utang konsumtif baru"
1788,November 2019,3487.0833333333335,389.9166666666667,3441.9431781709945,2594.099621346454,4653.415688470074,435.05682182900546,-776.4156884700742,540.0904384395235,66.6,Waspada,105.033616610518,432.07235075161884,5353.667760529356,12.390674272992225,SURPLUS: auto-debit tabungan berencana setelah gajian
1789,November 2019,3210.5833333333335,148.58333333333334,3775.7921527256435,3109.6393999432444,4907.470044603916,-416.62548605897655,-1548.303377937249,-411.0777275312993,61.5,Waspada,5.547758527677246,0.0,9119.632445370957,,"DEFISIT: amankan arus kas, pangkas diskresioner & hindari utang konsumtif baru"
1791,November 2019,2726.3333333333335,494.6666666666667,2739.55118434441,1816.1607722818435,3670.707206154286,481.4488156555899,-449.7072061542858,481.4488156555899,68.8,Waspada,0.0,385.1590525244719,5548.1220742408605,14.404755744091847,SURPLUS: auto-debit tabungan berencana setelah gajian
1793,November 2019,2441.4166666666665,376.0833333333333,1650.903913289984,1129.5693914948538,2274.2326796593165,1166.596086710016,543.2673203406835,1188.4995221700306,82.6,Sehat,21.90343546001472,732.425,2362.4495106123336,3.2255173029488806,SURPLUS TINGGI: auto-debit tabungan berencana + tawarkan deposito/investasi
1794,November 2019,6261.416666666667,697.75,5012.165513113627,3903.861358974091,6588.410058429054,1947.0011535530402,370.75660823761336,1947.0011535530402,68.0,Waspada,0.0,1557.6009228424323,8384.45568384269,5.382929324760593,SURPLUS TINGGI: auto-debit tabungan berencana + tawarkan deposito/investasi
1797,November 2019,2580.1666666666665,661.8333333333334,13762.932447179914,11088.212994118237,16591.71610273419,-10520.932447179914,-13349.71610273419,-10128.121127590824,54.7,Waspada,392.8113195890894,0.0,32772.78476716125,,"DEFISIT: amankan arus kas, pangkas diskresioner & hindari utang konsumtif baru"
1799,November 2019,8792.916666666666,614.75,6449.234515096263,5318.7711269492465,7838.839086051527,2958.432151570403,1568.8275806151387,3013.919330190985,71.5,Sehat,55.487178620581574,2411.1354641527882,11998.843179531754,4.976428474435734,SURPLUS TINGGI: auto-debit tabungan berencana + tawarkan deposito/investasi
1802,November 2019,4942.75,374.4166666666667,11347.38978823379,9962.591530370624,12732.438752743301,-6030.223121567123,-7415.272086076634,-5276.193349294483,50.0,Rentan,754.0297722726401,0.0,22861.427388008164,,"DEFISIT: amankan arus kas, pangkas diskresioner & hindari utang konsumtif baru"
1805,November 2019,2217.75,183.83333333333334,2013.8116678451352,1352.6387123142688,2784.7296424049487,387.7716654881983,-383.1463090716152,387.7716654881983,81.6,Sehat,0.0,310.2173323905587,3959.124721035398,12.762422687752737,SURPLUS: auto-debit tabungan berencana setelah gajian
1807,November 2019,4338.75,622.8333333333334,8082.458179302863,7082.472883729121,9120.004605444767,-3120.87484596953,-4158.421272111434,-2777.9270423545927,50.1,Waspada,342.9478036149372,0.0,17546.655502190282,,"DEFISIT: amankan arus kas, pangkas diskresioner & hindari utang konsumtif baru"
1808,November 2019,2944.25,374.0,2280.642562495633,1610.7068536733564,3336.0870320830954,1037.6074375043672,-17.837032083095437,1146.758208968827,75.9,Sehat,109.15077146445975,883.275,4935.0711635134585,5.587241984108527,SURPLUS TINGGI: auto-debit tabungan berencana + tawarkan deposito/investasi
1809,November 2019,6100.666666666667,531.75,6199.17668083445,4784.6213087993965,7436.200164946619,433.2399858322169,-803.7834982799523,740.8716327757293,68.6,Waspada,307.6316469435124,592.6973062205834,10166.273578755065,17.152555734699924,"SURPLUS TIPIS: bangun dana darurat dulu, mulai auto-save nominal kecil"
1810,November 2019,2597.9166666666665,642.25,3074.4297329112087,2175.930867555891,4299.715584299764,165.7369337554578,-1059.548917633097,362.8298087206334,70.5,Sehat,197.09287496517558,290.2638469765067,5192.591398704194,17.8892116699758,SURPLUS: auto-debit tabungan berencana setelah gajian
1811,November 2019,6834.083333333333,474.4533333333334,8933.975991613022,6711.576857265248,11000.767778343972,-1625.4393249463556,-3692.2311116773053,-1094.4067136116423,58.2,Waspada,531.0326113347134,0.0,15481.21163383727,,"DEFISIT: amankan arus kas, pangkas diskresioner & hindari utang konsumtif baru"
1812,November 2019,4248.166666666667,715.4166666666666,8376.11126347003,6857.934509906221,10166.856158834498,-3412.5279301366954,-5203.272825501164,-2247.048264435525,29.7,Rentan,1165.47966570117,0.0,8782.750333565375,,"DEFISIT: amankan arus kas, pangkas diskresioner & hindari utang konsumtif baru"
1813,November 2019,4695.833333333333,608.9166666666666,6020.022737463164,4699.326926662802,7590.544449377627,-715.272737463164,-2285.7944493776267,-488.91452956123965,49.1,Rentan,226.35820790192437,0.0,12214.572079146843,,"DEFISIT: amankan arus kas, pangkas diskresioner & hindari utang konsumtif baru"
1815,November 2019,5165.916666666667,460.0833333333333,4001.986216929344,2947.1060223481163,5542.462059999065,1624.0137830706558,83.53794000093512,1888.6084858866511,85.7,Sehat,264.59470281599533,1510.886788709321,6937.092362561527,4.5914044747770655,SURPLUS TINGGI: auto-debit tabungan berencana + tawarkan deposito/investasi
1816,November 2019,2853.4166666666665,277.6666666666667,2474.949595847938,1567.7500122883973,3351.0434430626483,656.1337374853952,-219.96010972931526,656.1337374853952,80.1,Sehat,0.0,524.9069899883161,4603.005519488135,8.769183126310802,SURPLUS: auto-debit tabungan berencana setelah gajian
1817,November 2019,6160.0,499.0,8997.795398166816,7439.768230996482,10523.963835748755,-2338.795398166816,-3864.9638357487547,-2338.795398166816,47.8,Rentan,0.0,0.0,12478.916567532306,,"DEFISIT: amankan arus kas, pangkas diskresioner & hindari utang konsumtif baru"
1818,November 2019,3486.9166666666665,477.68333333333334,8251.81920250011,6992.74073835906,9274.411860376094,-4287.2192025001095,-5309.811860376094,-3726.3492243402047,47.8,Rentan,560.8699781599048,0.0,11181.825879748867,,"DEFISIT: amankan arus kas, pangkas diskresioner & hindari utang konsumtif baru"
1820,November 2019,3199.5,213.16666666666666,2089.6183231320138,1399.9057868204623,3280.9367278962827,1323.0483435346528,131.7299387703838,1445.8676077586138,73.1,Sehat,122.81926422396103,959.8499999999999,2977.949847975643,3.10251585974438,SURPLUS TINGGI: auto-debit tabungan berencana + tawarkan deposito/investasi
1823,November 2019,5446.833333333333,401.5833333333333,5979.224922285057,4408.756235890196,7734.391612447094,-130.80825561839083,-1885.9749457804282,480.55076622792035,67.7,Waspada,611.3590218463112,384.4406129823363,8200.18243436905,21.33016689042117,"SEIMBANGKAN: ikuti budget hemat untuk menutup defisit, lalu auto-save kecil"
1825,November 2019,3812.8333333333335,635.0833333333334,4595.073258039836,3410.311593174766,5898.529211055742,-147.15659137316925,-1450.612544389075,155.927886138489,65.2,Waspada,303.08447751165824,124.7423089107912,7838.394558696371,62.83669612290051,"SEIMBANGKAN: ikuti budget hemat untuk menutup defisit, lalu auto-save kecil"
1826,November 2019,1385.6666666666667,166.5,801.648718081486,556.9897533787964,1059.744439612268,750.5179485851808,492.4222270543987,775.5287790935689,65.8,Waspada,25.010830508388146,415.7,1526.8590417432963,3.6729830207921492,SURPLUS TINGGI: auto-debit tabungan berencana + tawarkan deposito/investasi
1827,November 2019,3861.75,590.5,5302.696453670923,4178.991939157014,6737.640731455218,-850.4464536709229,-2285.390731455218,-93.6448963860762,35.6,Rentan,756.8015572848467,0.0,5426.499916141347,,"DEFISIT: amankan arus kas, pangkas diskresioner & hindari utang konsumtif baru"
1830,November 2019,2701.5,389.0833333333333,3991.434353719522,3258.1632714281873,4939.066020913718,-900.8510203861883,-1848.4826875803842,-678.1763020860947,41.1,Rentan,222.67471830009367,0.0,8585.345689013924,,"DEFISIT: amankan arus kas, pangkas diskresioner & hindari utang konsumtif baru"
1833,November 2019,2918.8333333333335,483.5,3946.5448640031295,2499.995921959565,4788.6846873312825,-544.211530669796,-1386.351353997949,-439.49022247522413,56.6,Waspada,104.72130819457193,0.0,8195.258649371212,,"DEFISIT: amankan arus kas, pangkas diskresioner & hindari utang konsumtif baru"
1834,November 2019,2963.75,321.1666666666667,2848.262687813969,1839.5144726364695,3738.572960043988,436.6539788526975,-453.6562933773216,478.10647834307275,68.0,Waspada,41.45249949037526,382.4851826744582,4558.928221263817,11.919228319869385,SURPLUS: auto-debit tabungan berencana setelah gajian
1837,November 2019,2078.9166666666665,407.5833333333333,3518.9536178759818,2706.052760781262,4435.177810798556,-1032.4536178759818,-1948.6778107985556,-929.5864378722979,54.3,Waspada,102.86718000368384,0.0,6714.728118964284,,"DEFISIT: amankan arus kas, pangkas diskresioner & hindari utang konsumtif baru"
1840,November 2019,3687.4166666666665,380.6666666666667,3023.831454945274,2215.2414876734993,4391.7599224045525,1044.2518783880591,-323.6765890712195,1110.6938629835304,75.8,Sehat,66.44198459547127,888.5550903868243,5616.909147683777,6.321396622958411,SURPLUS TINGGI: auto-debit tabungan berencana + tawarkan deposito/investasi
1842,November 2019,2614.4166666666665,486.5833333333333,4838.200300958088,4037.1730950600495,5911.484289397391,-1737.2003009580876,-2810.484289397391,-1527.6182680196816,41.2,Rentan,209.58203293840586,0.0,4541.710741645307,,"DEFISIT: amankan arus kas, pangkas diskresioner & hindari utang konsumtif baru"
1843,November 2019,3230.0833333333335,355.6666666666667,7286.624061272509,6053.322414820996,8394.642777301164,-3700.8740612725087,-4808.892777301164,-3121.5196652824447,54.6,Waspada,579.3543959900641,0.0,13817.74272005335,,"DEFISIT: amankan arus kas, pangkas diskresioner & hindari utang konsumtif baru"
1844,November 2019,3125.25,368.3333333333333,2565.864991904502,1735.085906087031,3712.98655785922,927.7183414288315,-219.40322452588634,1019.2718225277297,80.5,Sehat,91.55348109889809,815.4174580221838,5279.121913775044,6.474134030168659,SURPLUS TINGGI: auto-debit tabungan berencana + tawarkan deposito/investasi
1846,November 2019,2779.6666666666665,183.41666666666666,1753.0563412919444,1337.2844579706466,2442.0759271643547,1210.0269920413887,521.0074061689784,1210.0269920413887,76.7,Sehat,0.0,833.9,2837.397451115588,3.402563198363818,SURPLUS TINGGI: auto-debit tabungan berencana + tawarkan deposito/investasi
1849,November 2019,3456.9166666666665,305.3333333333333,3873.256440238797,3085.0828706848456,4711.365150673464,-111.00644023879704,-949.1151506734641,-1.8391780451332806,64.7,Waspada,109.16726219366376,0.0,7595.090355715176,,"DEFISIT: amankan arus kas, pangkas diskresioner & hindari utang konsumtif baru"
1851,November 2019,6306.833333333333,370.9166666666667,4640.417803031779,2957.77558012417,5748.037698095818,2037.332196968221,929.7123019041819,2037.332196968221,85.4,Sehat,0.0,1629.865757574577,8011.972308300426,4.9157252804814675,SURPLUS TINGGI: auto-debit tabungan berencana + tawarkan deposito/investasi
1852,November 2019,5446.416666666667,692.5433333333334,6612.037306443528,4979.596062240406,8381.228083766722,-473.07730644352796,-2242.268083766722,119.04682530584887,56.4,Waspada,592.1241317493768,95.2374602446791,10504.85044637711,110.3016651156866,"SEIMBANGKAN: ikuti budget hemat untuk menutup defisit, lalu auto-save kecil"
1853,November 2019,3097.0833333333335,248.25,2206.1548759490256,1454.131925722365,3088.235494114256,1139.1784573843079,257.0978392190773,1139.1784573843079,84.1,Sehat,0.0,911.3427659074464,3076.6242272753625,3.3759243419372424,SURPLUS TINGGI: auto-debit tabungan berencana + tawarkan deposito/investasi
1854,November 2019,4028.0833333333335,366.8333333333333,6310.204739077754,4840.358438126698,7611.957895596315,-1915.2880724110873,-3217.0412289296482,-1673.4463788616881,44.4,Rentan,241.8416935493991,0.0,14648.112611488694,,"DEFISIT: amankan arus kas, pangkas diskresioner & hindari utang konsumtif baru"
1855,November 2019,2607.25,603.9166666666666,3988.3942538959436,2917.9848832459224,5405.714875245913,-777.2275872292771,-2194.548208579247,-420.7139688984416,39.6,Rentan,356.5136183308355,0.0,5885.560937050828,,"DEFISIT: amankan arus kas, pangkas diskresioner & hindari utang konsumtif baru"
1856,November 2019,3122.25,213.41666666666666,3109.3613308990284,2375.33985619758,3911.639162409264,226.3053357676381,-575.9724957425974,440.97323912442556,77.6,Sehat,214.66790335678746,352.7785912995405,5449.234070064249,15.446612137065209,SURPLUS: auto-debit tabungan berencana setelah gajian
1857,November 2019,8104.0,263.8333333333333,6553.597220498391,4859.711526050945,7959.776638055026,1814.236112834943,408.0566952783083,1999.5489607881511,79.7,Sehat,185.31284795320812,1599.639168630521,9425.870337062395,5.8924978344535335,SURPLUS: auto-debit tabungan berencana setelah gajian
1858,November 2019,2206.75,489.0833333333333,1881.288045007504,1370.9500681998265,2482.669172386774,814.5452883258295,213.1641609465596,833.5622456397439,78.7,Sehat,19.01695731391446,662.025,3947.599418652576,5.962915930142481,SURPLUS TINGGI: auto-debit tabungan berencana + tawarkan deposito/investasi
1859,November 2019,3224.0833333333335,375.6666666666667,3276.6948280858296,2243.301120214691,4256.138796916641,323.0551719141704,-656.3887969166408,584.2274648254481,75.6,Sehat,261.1722929112777,467.38197186035853,5361.30578297171,11.470929787111103,SURPLUS: auto-debit tabungan berencana setelah gajian
1861,November 2019,5535.583333333333,433.9166666666667,3827.4610217502395,2745.064358535246,5062.538797907396,2142.0389782497605,906.9612020926043,2169.9693605486173,83.0,Sehat,27.930382298856713,1660.675,7104.280327820818,4.277947417658974,SURPLUS TINGGI: auto-debit tabungan berencana + tawarkan deposito/investasi
1862,November 2019,3155.3333333333335,331.5833333333333,3077.811046550699,2294.2222440439045,4071.5118088479753,409.1056201159681,-584.5951421813083,618.1120750664005,66.5,Waspada,209.00645495043238,494.4896600531204,4545.392408250404,9.19208787452121,SURPLUS: auto-debit tabungan berencana setelah gajian
1863,November 2019,3677.0,292.8333333333333,5022.413724307452,4354.689849621707,6067.05835583976,-1052.5803909741185,-2097.2250225064267,-757.4622162393257,49.6,Rentan,295.1181747347927,0.0,10523.382062979932,,"DEFISIT: amankan arus kas, pangkas diskresioner & hindari utang konsumtif baru"
1871,November 2019,1384.25,434.0,3567.451181770186,2532.3951443915234,4930.980854169948,-1749.201181770186,-3112.7308541699476,-1463.3317234216215,48.2,Rentan,285.8694583485643,0.0,5321.286679660023,,"DEFISIT: amankan arus kas, pangkas diskresioner & hindari utang konsumtif baru"
1872,November 2019,5622.5,461.0833333333333,3978.5863090165753,2895.852120752759,5217.2102246262175,2104.9970243167577,866.3731087071155,2186.3087528065034,82.6,Sehat,81.31172848974585,1686.75,7317.423029649546,4.338178763687296,SURPLUS TINGGI: auto-debit tabungan berencana + tawarkan deposito/investasi
1873,November 2019,2858.5,579.5,7375.8787182434135,6359.104168177378,8357.210517901536,-3937.8787182434135,-4919.210517901536,-3715.2879952771304,42.0,Rentan,222.5907229662831,0.0,18029.04057471543,,"DEFISIT: amankan arus kas, pangkas diskresioner & hindari utang konsumtif baru"
1874,November 2019,3199.1666666666665,393.75,3382.018195302607,2370.1376768560895,4310.39319480372,210.89847136405933,-717.4765281370533,458.3314050940931,63.0,Waspada,247.43293373003377,366.6651240752745,3922.18432948251,10.696911355761518,SURPLUS: auto-debit tabungan berencana setelah gajian
1875,November 2019,3766.8333333333335,232.91666666666666,3996.5196302872714,3051.7689234775507,4937.191242430639,3.2303697127285886,-937.4412424306392,313.0902038012232,61.5,Waspada,309.8598340884946,250.47216304097856,5836.94951218435,23.30378530419524,"SURPLUS TIPIS: bangun dana darurat dulu, mulai auto-save nominal kecil"
1876,November 2019,3715.5833333333335,504.25,1902.5054184373014,1258.6364872962472,3192.8375424602154,2317.327914896033,1026.9957908731185,2317.327914896033,83.9,Sehat,0.0,1114.675,3778.145877828627,3.3894595983839477,SURPLUS TINGGI: auto-debit tabungan berencana + tawarkan deposito/investasi
1877,November 2019,5889.416666666667,247.91666666666666,7945.458386411086,7140.257415177207,8988.194282690289,-1808.1250530777525,-2850.8609493569547,-1062.1008272315548,46.0,Rentan,746.0242258461976,0.0,13272.289387396602,,"DEFISIT: amankan arus kas, pangkas diskresioner & hindari utang konsumtif baru"
1880,November 2019,2631.5833333333335,205.83333333333334,3872.663633900954,3198.119959558695,4600.772756118388,-1035.2469672342872,-1763.3560894517213,-643.2443696897766,45.9,Rentan,392.00259754451065,0.0,4991.364738993689,,"DEFISIT: amankan arus kas, pangkas diskresioner & hindari utang konsumtif baru"
1881,November 2019,4711.833333333333,505.8333333333333,3098.0608226050476,2044.703670295736,4235.187463760712,2119.6058440616184,982.4792029059545,2206.8844201757893,82.6,Sehat,87.2785761141709,1413.55,5354.572532732614,3.7880319286425057,SURPLUS TINGGI: auto-debit tabungan berencana + tawarkan deposito/investasi
1882,November 2019,4943.5,488.5833333333333,3396.3558507564326,2239.2190667470286,5178.44893414289,2035.7274825769005,253.63439919044322,2113.7555660940516,63.8,Waspada,78.02808351715133,1483.05,5540.812696229572,3.7360929815107866,SURPLUS TINGGI: auto-debit tabungan berencana + tawarkan deposito/investasi
1885,November 2019,3088.0,474.8333333333333,7856.724975729958,6733.9312301728605,8768.912872618894,-4293.891642396624,-5206.07953928556,-3894.3980853620387,44.8,Rentan,399.493557034585,0.0,10942.143489500417,,"DEFISIT: amankan arus kas, pangkas diskresioner & hindari utang konsumtif baru"
1888,November 2019,3459.4166666666665,6953.833333333333,18408.493395499903,16371.761189167983,20674.190795168182,-7995.243395499903,-10260.940795168182,-7449.289690693446,56.5,Waspada,545.9537048064573,0.0,44231.75864114777,,"DEFISIT: amankan arus kas, pangkas diskresioner & hindari utang konsumtif baru"
1891,November 2019,2842.6666666666665,252.5,3013.4177559163154,2218.221375451896,4066.2960380804216,81.74891075035111,-971.129371413755,133.21663377527045,72.8,Sehat,51.467723024919344,106.57330702021636,5087.932641260095,47.74115379843606,"SURPLUS TIPIS: bangun dana darurat dulu, mulai auto-save nominal kecil"
1895,November 2019,3404.0,335.4166666666667,3287.7356457805527,2344.094887612834,4438.18005576945,451.68102088611386,-698.7633891027831,488.6497345526589,61.3,Waspada,36.96871366654504,390.9197876421272,6405.225869855564,16.385013172368023,SURPLUS: auto-debit tabungan berencana setelah gajian
1896,November 2019,3353.8333333333335,436.3333333333333,3679.8899927061184,2646.9284120932525,5145.077444488804,110.27667396054858,-1354.9107778221369,448.0970429475276,51.3,Waspada,337.820368986979,358.4776343580221,6050.084831072696,16.87716122627137,SURPLUS: auto-debit tabungan berencana setelah gajian
1897,November 2019,8670.75,336.6666666666667,5691.737098920081,3858.993668245872,7102.752922033769,3315.6795677465852,1904.6637446328969,3527.3726559988895,73.1,Sehat,211.69308825230445,2601.225,8455.674039819154,3.2506507663962765,SURPLUS TINGGI: auto-debit tabungan berencana + tawarkan deposito/investasi
1898,November 2019,4249.416666666667,537.8333333333334,4884.531942534274,3661.8182986245392,6473.549063907498,-97.2819425342741,-1686.2990639074978,-9.466666527575939,64.4,Waspada,87.81527600669816,0.0,10205.756435783638,,"DEFISIT: amankan arus kas, pangkas diskresioner & hindari utang konsumtif baru"
1899,November 2019,4763.833333333333,70.0,1734.3399314018616,1397.2911517623393,2136.125038134172,3099.4934019314715,2697.708295199161,3377.935714932693,72.7,Sehat,278.4423130012213,1429.1499999999999,1588.8128439876155,1.1117187446997274,SURPLUS TINGGI: auto-debit tabungan berencana + tawarkan deposito/investasi
1901,November 2019,2810.6666666666665,2088.25,5182.5155088749,4326.505780554287,6333.14666002981,-283.5988422082337,-1434.2299933631439,-226.13450380980953,56.2,Waspada,57.46433839842415,0.0,13305.847330382583,,"DEFISIT: amankan arus kas, pangkas diskresioner & hindari utang konsumtif baru"
1902,November 2019,2710.1666666666665,412.75,3851.6411981028427,3168.5617160713778,4632.733765680024,-728.7245314361762,-1509.8170990133572,-387.06201147540196,45.8,Rentan,341.66251996077426,0.0,5845.034466217029,,"DEFISIT: amankan arus kas, pangkas diskresioner & hindari utang konsumtif baru"
1903,November 2019,5952.25,365.5833333333333,5176.365140068678,3578.464554836445,6729.328955626915,1141.4681932646554,-411.4956222935816,1499.7839104240793,67.6,Waspada,358.315717159424,1199.8271283392635,8889.436863795618,7.408931381723216,SURPLUS TINGGI: auto-debit tabungan berencana + tawarkan deposito/investasi
1904,November 2019,2581.9166666666665,2186.75,5244.434507837756,4542.456616501565,6111.79747717364,-475.76784117109037,-1343.1308105069738,-274.3967695297839,62.0,Waspada,201.37107164130646,0.0,12461.657303597007,,"DEFISIT: amankan arus kas, pangkas diskresioner & hindari utang konsumtif baru"
1905,November 2019,2374.0833333333335,340.6666666666667,1892.664198441985,1320.4834314649236,2667.106137881326,822.085801558015,47.64386211867395,822.085801558015,89.0,Sehat,0.0,657.668641246412,3834.5001502063456,5.83044394961452,SURPLUS TINGGI: auto-debit tabungan berencana + tawarkan deposito/investasi
1908,November 2019,3705.75,667.1666666666666,9693.974698863392,8484.744845017063,11093.747748967487,-5321.058032196725,-6720.8310823008205,-4594.799415330758,47.6,Rentan,726.2586168659676,0.0,18589.11192770375,,"DEFISIT: amankan arus kas, pangkas diskresioner & hindari utang konsumtif baru"
1909,November 2019,2209.1666666666665,230.08333333333334,3858.677496942886,3268.832796687111,4715.437989043051,-1419.4274969428861,-2276.187989043051,-1364.8583883871117,42.6,Rentan,54.56910855577447,0.0,9214.879845278407,,"DEFISIT: amankan arus kas, pangkas diskresioner & hindari utang konsumtif baru"
1910,November 2019,2989.0,398.4166666666667,5410.949236252826,4687.670820874805,6613.521537971184,-2023.5325695861598,-3226.104871304518,-1984.9620802603586,46.5,Rentan,38.570489325801105,0.0,13519.918031939651,,"DEFISIT: amankan arus kas, pangkas diskresioner & hindari utang konsumtif baru"
1913,November 2019,2593.4166666666665,618.5,4394.711923869565,2984.531252431985,5734.6355663683835,-1182.7952572028985,-2522.718899701717,-831.3819102897586,37.3,Rentan,351.4133469131399,0.0,7665.63244219495,,"DEFISIT: amankan arus kas, pangkas diskresioner & hindari utang konsumtif baru"
1915,November 2019,4338.5,304.0833333333333,7421.877120462633,5653.0852739543425,8633.793514882675,-2779.2937871292997,-3991.2101815493415,-2197.4175665227704,43.6,Rentan,581.8762206065296,0.0,9705.770788374626,,"DEFISIT: amankan arus kas, pangkas diskresioner & hindari utang konsumtif baru"
1916,November 2019,845.1666666666666,363.75,2409.9267230987493,1747.2846061667035,2847.1582754716396,-1201.0100564320828,-1638.241608804973,-1052.409221462532,62.0,Waspada,148.6008349695507,0.0,4973.112234556326,,"DEFISIT: amankan arus kas, pangkas diskresioner & hindari utang konsumtif baru"
1917,November 2019,4875.25,401.5833333333333,6615.047843957111,5626.872042330297,8067.097059346473,-1338.2145106237776,-2790.2637260131396,-618.90957974534,46.4,Rentan,719.3049308784376,0.0,7805.545308390721,,"DEFISIT: amankan arus kas, pangkas diskresioner & hindari utang konsumtif baru"
1918,November 2019,3531.5833333333335,571.8333333333334,3381.2920047019875,2352.557143217037,4397.601861192687,722.1246619646795,-294.1851945260196,827.8998327623411,69.1,Waspada,105.77517079766167,662.319866209873,5558.988625230349,8.393208340618973,SURPLUS: auto-debit tabungan berencana setelah gajian
1919,November 2019,6707.75,591.0833333333334,5405.369334242848,3778.931551092776,7553.097896608852,1893.4639990904852,-254.26456327551932,2243.2684237248304,74.2,Sehat,349.804424634345,1794.6147389798643,8606.86885420345,4.795942364262517,SURPLUS TINGGI: auto-debit tabungan berencana + tawarkan deposito/investasi
1920,November 2019,2603.6666666666665,341.4166666666667,7111.997713461646,6584.94205720994,8142.554816591379,-4166.914380128313,-5197.471483258046,-3530.2218141852845,37.9,Rentan,636.6925659430283,0.0,12487.932243012508,,"DEFISIT: amankan arus kas, pangkas diskresioner & hindari utang konsumtif baru"
1921,November 2019,2672.0,560.8333333333334,3214.0915849679936,2356.578322660752,4200.785273314049,18.741748365339845,-967.9519399807155,170.6835814142679,68.5,Waspada,151.94183304892806,136.54686513141434,6425.266387512274,47.055392896266945,"SURPLUS TIPIS: bangun dana darurat dulu, mulai auto-save nominal kecil"
1923,November 2019,2926.5833333333335,475.5833333333333,3005.1289578003502,2111.1399289949513,4010.9428728199287,397.03770886631673,-608.7762061532617,485.3604438400895,83.5,Sehat,88.32273497377278,388.2883550720716,4945.769692330992,12.737362910131543,SURPLUS: auto-debit tabungan berencana setelah gajian
1926,November 2019,2214.5,394.9166666666667,2739.6982133622,1943.027127592683,3806.800674278695,-130.2815466955335,-1197.3840076120287,-64.00266122136624,62.2,Waspada,66.27888547416727,0.0,5785.789060507525,,"DEFISIT: amankan arus kas, pangkas diskresioner & hindari utang konsumtif baru"
1928,November 2019,4640.166666666667,467.5833333333333,4328.386808641325,3263.783408356701,5830.907631275746,779.3631913586751,-723.1576312757461,1080.9291220445243,77.5,Sehat,301.56593068584925,864.7432976356195,6808.458054368041,7.8733863251484255,SURPLUS: auto-debit tabungan berencana setelah gajian
1931,November 2019,6914.5,620.4166666666666,9996.29380305307,8219.853879124752,12817.729005632005,-2461.3771363864025,-5282.812338965338,-1783.9054586037971,35.8,Rentan,677.4716777826054,0.0,18999.595232022402,,"DEFISIT: amankan arus kas, pangkas diskresioner & hindari utang konsumtif baru"
1936,November 2019,2973.75,40.833333333333336,3910.8481966732415,3007.620392218399,4825.869064602195,-896.2648633399081,-1811.2857312688616,-596.7427715734786,54.5,Waspada,299.5220917664294,0.0,5448.517776035196,,"DEFISIT: amankan arus kas, pangkas diskresioner & hindari utang konsumtif baru"
1937,November 2019,1421.3333333333333,326.75,4965.603617072813,3780.1897635283244,6599.185880420151,-3217.52028373948,-4851.102547086818,-2817.6775227256944,42.8,Rentan,399.84276101378543,0.0,7851.532864601757,,"DEFISIT: amankan arus kas, pangkas diskresioner & hindari utang konsumtif baru"
1940,November 2019,2238.75,250.0,2036.7820278177653,1594.02200606763,2822.396603905243,451.9679721822347,-333.64660390524296,553.7169247334677,85.0,Sehat,101.7489525512331,442.9735397867742,3302.918136759935,7.456242506831893,SURPLUS: auto-debit tabungan berencana setelah gajian
1941,November 2019,3217.4166666666665,2238.1666666666665,5933.226091999572,5046.651537160641,6785.542380145563,-477.6427586662394,-1329.9590468122296,-421.93313680049636,65.1,Waspada,55.70962186574303,0.0,14444.60873135793,,"DEFISIT: amankan arus kas, pangkas diskresioner & hindari utang konsumtif baru"
1942,November 2019,0.08333333333333333,0.0,428.0967007833926,302.34110441562603,679.5552716946278,-428.01336745005926,-679.4719383612944,-397.75123714126363,37.1,Rentan,30.26213030879561,0.0,912.4944338021858,,"DEFISIT: amankan arus kas, pangkas diskresioner & hindari utang konsumtif baru"
1944,November 2019,4114.833333333333,441.25,3748.0118774941398,2620.998273568257,5036.868295913313,808.0714558391933,-480.78496257997995,937.825841794621,75.6,Sehat,129.75438595542784,750.2606734356968,5939.567329854587,7.916671551842513,SURPLUS: auto-debit tabungan berencana setelah gajian
1945,November 2019,2503.5,409.8333333333333,1839.3817580538353,1308.3621810199693,2685.316194623176,1073.9515752794982,228.01713871015727,1128.957483067825,77.1,Sehat,55.005907788326724,751.05,3363.658487266268,4.478607931917007,SURPLUS TINGGI: auto-debit tabungan berencana + tawarkan deposito/investasi
1946,November 2019,3425.75,439.3333333333333,2730.1058623502618,1850.7995052644683,3640.591946897125,1134.9774709830717,224.49138643620836,1267.9057233872336,77.1,Sehat,132.92825240416178,1014.3245787097869,3780.8240016805908,3.72743013532194,SURPLUS TINGGI: auto-debit tabungan berencana + tawarkan deposito/investasi
1954,November 2019,4033.8333333333335,605.6666666666666,11358.264765839249,9926.117362631972,12558.760245354282,-6718.764765839249,-7919.260245354282,-6415.655247048106,48.1,Rentan,303.1095187911432,0.0,16802.044909470245,,"DEFISIT: amankan arus kas, pangkas diskresioner & hindari utang konsumtif baru"
1955,November 2019,2344.5,286.75,4084.1850925948893,3151.1453468550103,5153.455294630108,-1452.9350925948893,-2522.2052946301083,-1115.8565170250874,47.6,Rentan,337.0785755698019,0.0,6161.014122608756,,"DEFISIT: amankan arus kas, pangkas diskresioner & hindari utang konsumtif baru"
1956,November 2019,3114.25,386.5,1969.8725982235778,1371.1115804041556,2998.191721393702,1530.8774017764222,502.5582786062978,1612.762738738031,82.1,Sehat,81.88533696160886,934.275,3500.631908874382,3.74689669409369,SURPLUS TINGGI: auto-debit tabungan berencana + tawarkan deposito/investasi
1958,November 2019,3112.1666666666665,495.4166666666667,2547.42205660502,1823.6598893207174,3705.8757756103823,1060.1612767283132,-98.2924422770493,1087.282831911058,71.3,Sehat,27.1215551827449,869.8262655288465,5536.319735808872,6.364856932025201,SURPLUS TINGGI: auto-debit tabungan berencana + tawarkan deposito/investasi
1959,November 2019,4344.166666666667,353.0,4104.977454734841,2846.6365474323384,5696.045561426761,592.1892119318263,-998.8788947600942,656.872557834126,69.6,Waspada,64.68334590229975,525.4980462673009,5639.8161656242155,10.732325658838807,SURPLUS: auto-debit tabungan berencana setelah gajian
1962,November 2019,7697.916666666667,357.75,5354.952920011098,3707.2869654344813,6643.925178184643,2700.7137466555687,1411.7414884820237,2856.444790405823,75.5,Sehat,155.73104375025443,2285.1558323246586,8970.259785293048,3.925447734637739,SURPLUS TINGGI: auto-debit tabungan berencana + tawarkan deposito/investasi
1963,November 2019,2822.4166666666665,220.75,11076.329235861609,10188.73319292767,12937.958163532441,-8033.162569194943,-9894.791496865775,-7428.890806721623,56.5,Waspada,604.2717624733194,0.0,24318.02412804416,,"DEFISIT: amankan arus kas, pangkas diskresioner & hindari utang konsumtif baru"
1964,November 2019,3219.75,310.25,3787.6887882036253,2800.5053586096687,5023.459227327054,-257.68878820362534,-1493.4592273270537,-184.9314565964813,60.8,Waspada,72.75733160714404,0.0,8770.3219189759,,"DEFISIT: amankan arus kas, pangkas diskresioner & hindari utang konsumtif baru"
1966,November 2019,2624.9166666666665,2130.8333333333335,5919.52279394272,5041.889848888777,6932.813099363832,-1163.7727939427205,-2177.0630993638324,-1081.8267107406762,56.5,Waspada,81.94608320204439,0.0,15264.278588431236,,"DEFISIT: amankan arus kas, pangkas diskresioner & hindari utang konsumtif baru"
1967,November 2019,5149.416666666667,194.25,3728.4385648620027,2567.547310854164,4705.543513490639,1615.2281018046642,638.1231531760277,1754.9181710694204,88.1,Sehat,139.69006926475615,1403.9345368555364,6157.5252927168,4.385906273456398,SURPLUS TINGGI: auto-debit tabungan berencana + tawarkan deposito/investasi
1969,November 2019,3724.1666666666665,531.1666666666666,7568.079801037117,6580.374409316938,8447.677565655844,-3312.746467703784,-4192.344232322511,-2521.5465757160305,45.1,Rentan,791.1998919877539,0.0,11925.354951201694,,"DEFISIT: amankan arus kas, pangkas diskresioner & hindari utang konsumtif baru"
1971,November 2019,3474.1666666666665,633.4166666666666,3334.912713186588,2523.9161972470147,4658.588160769155,772.670620146745,-551.0048274358223,925.5694870408099,76.5,Sehat,152.89886689406487,740.455589632648,6522.925651806245,8.809340820888899,SURPLUS TINGGI: auto-debit tabungan berencana + tawarkan deposito/investasi
1972,November 2019,1090.75,506.1666666666667,2004.7099953087131,1389.9454071644188,2601.478284535762,-407.7933286420464,-1004.5616178690955,-243.06464477542104,46.8,Rentan,164.72868386662535,0.0,2480.438788217665,,"DEFISIT: amankan arus kas, pangkas diskresioner & hindari utang konsumtif baru"
1973,November 2019,2710.0,256.5833333333333,2657.849093069025,1773.473086554824,3664.129630978672,308.7342402643085,-697.5462976453387,508.1939608932583,71.5,Sehat,199.4597206289498,406.5551687146067,4166.610934775265,10.24857449961518,SURPLUS: auto-debit tabungan berencana setelah gajian
1975,November 2019,3247.6666666666665,364.8333333333333,2662.835770277473,1765.1293755168674,3480.070052918821,949.6642297225271,132.42994708117885,958.2284968601522,81.9,Sehat,8.56426713762508,766.5827974881217,4510.7253464181595,5.884198499103489,SURPLUS TINGGI: auto-debit tabungan berencana + tawarkan deposito/investasi
1976,November 2019,4741.416666666667,391.3333333333333,6672.115973377677,5177.013814498895,8003.38706401893,-1539.3659733776767,-2870.63706401893,-1159.538655833056,53.8,Waspada,379.8273175446206,0.0,13157.92891431938,,"DEFISIT: amankan arus kas, pangkas diskresioner & hindari utang konsumtif baru"
1977,November 2019,4765.416666666667,320.9166666666667,3048.9620028502504,1863.5592289642154,4770.462570398411,2037.3713304830835,315.8707629349228,2129.867327648364,75.2,Sehat,92.49599716528041,1429.625,5122.731805108747,3.5832696022444677,SURPLUS TINGGI: auto-debit tabungan berencana + tawarkan deposito/investasi
1979,November 2019,5387.25,469.0833333333333,3144.1877009086547,1997.0773006750164,4424.6000585387055,2712.1456324246783,1431.7332747946275,2741.6704891927766,86.5,Sehat,29.524856768098157,1616.175,6129.056065456243,3.7923220353341955,SURPLUS TINGGI: auto-debit tabungan berencana + tawarkan deposito/investasi
1980,November 2019,3883.5833333333335,480.6666666666667,2384.892708151687,1720.5497344246278,3324.944031636324,1979.3572918483128,1039.3059683636761,2019.0662760295481,73.3,Sehat,39.70898418123545,1165.075,3989.275181137413,3.4240501093383795,SURPLUS TINGGI: auto-debit tabungan berencana + tawarkan deposito/investasi
1981,November 2019,3275.25,695.0,2609.266688894515,1616.3981354937996,3695.6684053400013,1360.983311105485,274.5815946599987,1384.95259131436,75.0,Sehat,23.969280208875105,982.5749999999999,4915.523337346553,5.002695303001351,SURPLUS TINGGI: auto-debit tabungan berencana + tawarkan deposito/investasi
1983,November 2019,11763.416666666666,536.0833333333334,5415.097662240089,3537.0163488017142,6987.202565360936,6884.402337759911,5312.297434639064,6965.973366849552,83.0,Sehat,81.57102908964089,3529.0249999999996,8430.61566154247,2.388936225031693,SURPLUS TINGGI: auto-debit tabungan berencana + tawarkan deposito/investasi
1985,November 2019,118.83333333333333,295.25,2252.129161975224,1728.2858384375274,2700.110549013672,-1838.045828641891,-2286.0272156803385,-1669.569105729436,40.6,Rentan,168.47672291245507,0.0,4470.393486694147,,"DEFISIT: amankan arus kas, pangkas diskresioner & hindari utang konsumtif baru"
1986,November 2019,4035.8333333333335,405.3333333333333,3319.945852105957,2195.4753331676884,4581.585172660018,1121.22081456071,-140.41850599335066,1266.443733151602,74.6,Sehat,145.2229185908918,1013.1549865212816,4097.704193799219,4.044498865735135,SURPLUS TINGGI: auto-debit tabungan berencana + tawarkan deposito/investasi
1988,November 2019,9120.0,513.4166666666666,11538.033334692935,9412.436384362529,13153.692208874192,-1904.6166680262686,-3520.275542207526,-982.5901769465745,48.1,Rentan,922.0264910796941,0.0,21009.603558957715,,"DEFISIT: amankan arus kas, pangkas diskresioner & hindari utang konsumtif baru"
1989,November 2019,5657.166666666667,375.0833333333333,10090.154495422985,7291.505449489695,12701.38786478967,-4057.904495422985,-6669.137864789671,-2786.116390101727,46.5,Rentan,1271.7881053212577,0.0,9766.58735843194,,"DEFISIT: amankan arus kas, pangkas diskresioner & hindari utang konsumtif baru"
1992,November 2019,1977.0833333333333,253.75,3954.3327086049326,3382.4744777491114,4562.9041288450535,-1723.4993752715995,-2332.0707955117205,-1492.5737099443315,42.3,Rentan,230.92566532726804,0.0,7780.6599610321155,,"DEFISIT: amankan arus kas, pangkas diskresioner & hindari utang konsumtif baru"
1993,November 2019,7732.083333333333,673.0,4765.778518533664,3196.954030043461,6655.225063493191,3639.304814799668,1749.8582698401415,3667.0293460708945,85.2,Sehat,27.724531271226837,2319.625,9453.964680900473,4.075643554842043,SURPLUS TINGGI: auto-debit tabungan berencana + tawarkan deposito/investasi
1994,November 2019,6515.0,536.1666666666666,4350.816865412509,3095.450534437071,5959.823099228543,2700.3498012541577,1091.3435674381244,2919.6394105355403,78.7,Sehat,219.28960928138235,1954.5,7753.5288969394405,3.9670140173647686,SURPLUS TINGGI: auto-debit tabungan berencana + tawarkan deposito/investasi
1995,November 2019,3267.1666666666665,413.1666666666667,3833.7016885095286,2877.4726306298844,5057.658481025932,-153.36835517619556,-1377.3251476925989,232.7629608495281,56.7,Waspada,386.13131602572366,186.2103686796225,5918.347739631497,31.783126694808793,"SEIMBANGKAN: ikuti budget hemat untuk menutup defisit, lalu auto-save kecil"
1996,November 2019,3730.6666666666665,387.8333333333333,3171.829681134046,2190.6015276458074,4269.360690694779,946.670318865954,-150.8606906947789,1189.097204226914,77.0,Sehat,242.42688536096,951.2777633815313,4668.459446833551,4.907567091906427,SURPLUS TINGGI: auto-debit tabungan berencana + tawarkan deposito/investasi
1997,November 2019,3233.3333333333335,479.7575,5107.6461326659055,3637.468909467804,6819.797349279811,-1394.5552993325718,-3106.7065159464773,-1077.2448486307353,51.0,Waspada,317.3104507018365,0.0,7787.443116447304,,"DEFISIT: amankan arus kas, pangkas diskresioner & hindari utang konsumtif baru"
1998,November 2019,53.75,182.91666666666666,801.92426469521,457.37546108738667,1155.6950763630493,-565.2575980285434,-919.0284096963827,-545.4116140259632,50.5,Waspada,19.845984002580124,0.0,2107.9188006235886,,"DEFISIT: amankan arus kas, pangkas diskresioner & hindari utang konsumtif baru"
